Group,Species,Individual,proboscisLength,bodyLength,proboscisBodyRatio,wingLength,wingArea,aspectRatio,lightness,contrast,OBS,,,
Erebidae: Arctiinae,Abrochia_sp_1346,EcEs-Lep-01153,NA,12.75,NA,12.79,55.61,2.94,92,118,,,,
Erebidae: Arctiinae,Abrochia_sp_1346,EcEs-Lep-08749,NA,13.85,NA,13.27,59.32,2.97,108,111,,,,
Erebidae: Arctiinae,Abrochia_sp_1346,EcEs-Lep-08750,NA,13.82,NA,13.84,63.22,3.03,114,113,,,,
Erebidae: Arctiinae,Aclytia_heber_773,EcEs-Lep-00216,6.99,11.19,0.62,13.99,92.89,2.11,43,46,,,,
Erebidae: Arctiinae,Aclytia_heber_773,EcEs-Lep-08458,NA,12.02,NA,14.24,99.04,2.05,38,36,,,,
Erebidae: Arctiinae,Aclytia_nr_heber_2017,EcEs-Lep-00314,NA,11.91,NA,14.62,94.58,2.26,48,41,,,,
Erebidae: Arctiinae,Aclytia_nr_heber_2017,EcEs-Lep-00378,6.75,12.49,0.54,15.28,104.39,2.24,39,34,,,,
Erebidae: Arctiinae,Aclytia_nr_heber_2017,EcEs-Lep-08493,NA,12.22,NA,16.2,121.69,2.16,44,38,,,,
Sphingidae,Adhemarius_daphne_101,EcEs-Lep-00453,31.01,38.64,0.8,47.72,816.82,2.79,77,27,,,,
Erebidae: Arctiinae,Agaraea_nr_minuta_910,EcEs-Lep-00068,1,6.68,0.15,9.45,51.14,1.75,198,38,"""short"" in measurement. 1 mm used",,,
Erebidae: Arctiinae,Agaraea_semivitrea_909,EcEs-Lep-00055,1,10.98,0.09,14.37,94.48,2.19,211,48,PL: proxy. Measure repeated from EcEs-Lep-00068,,,
Sphingidae,Agrius_cingulata_133,EcEs-Lep-01507,108.07,45.5,2.38,44.49,759.14,2.61,88,58,,,,
Erebidae: Arctiinae,Agylla_cf_zucarina_853,EcEs-Lep-00056,7.83,11.44,0.68,12.69,92.85,1.73,218,18,,,,
Erebidae: Arctiinae,Agylla_cf_zucarina_853,EcEs-Lep-00098,8.37,11.22,0.75,14.73,113.13,1.92,216,16,,,,
Erebidae: Arctiinae,Agylla_cf_zucarina_853,EcEs-Lep-11714,NA,11.92,NA,17.11,148.53,1.97,208,20,,,,
Erebidae: Arctiinae,Agylla_nr_argentifera_1154,EcEs-Lep-00125,7.8,14.01,0.56,21.8,251.85,1.89,215,8,,,,
Erebidae: Arctiinae,Agylla_nr_argentifera_1154,EcEs-Lep-00229,10.27,14.37,0.71,18.09,184.47,1.77,222,18,,,,
Erebidae: Arctiinae,Agylla_nr_argentifera_1154,EcEs-Lep-00388,12.2,15.47,0.79,23.32,294.73,1.84,218,12,,,,
Erebidae: Arctiinae,Agylla_nr_argentifera_1154,EcEs-Lep-01907,NA,15.95,NA,21.82,255.01,1.87,210,20,,,,
Erebidae: Arctiinae,Agylla_nr_argentifera_1154,EcEs-Lep-01972,NA,15.06,NA,18.64,187.14,1.86,209,23,,,,
Erebidae: Arctiinae,Agylla_nr_argentifera_1154,EcEs-Lep-01973,NA,14.09,NA,18.56,201.38,1.71,210,18,,,,
Erebidae: Arctiinae,Agylla_nr_nivea_347,EcEs-Lep-00231,12.92,20.06,0.64,23.23,289.45,1.86,215,23,,,,
Erebidae: Arctiinae,Agylla_nr_nivea_347,EcEs-Lep-00395,11.8,19.02,0.62,20.72,230.04,1.87,208,23,,,,
Erebidae: Arctiinae,Agylla_nr_nivea_347,EcEs-Lep-00791,NA,13.97,NA,21.3,246.65,1.84,204,22,,,,
Erebidae: Arctiinae,Agylla_nr_nivea_347,EcEs-Lep-01908,NA,16.12,NA,20.85,215.05,2.02,206,23,,,,
Erebidae: Arctiinae,Agylla_nr_nivea_347,EcEs-Lep-01909,NA,15.61,NA,21.75,229.64,2.06,207,28,,,,
Erebidae: Arctiinae,Agylla_sp_1156,EcEs-Lep-00334,4.43,7.56,0.59,9.85,54.51,1.78,164,32,,,,
Erebidae: Arctiinae,Agylla_sp_1185,EcEs-Lep-00288,8.67,14.67,0.59,20.74,229.58,1.87,224,9,,,,
Erebidae: Arctiinae,Agylla_sp_1185,EcEs-Lep-00621,11.32,16.63,0.68,17.96,186.87,1.73,206,25,,,,
Erebidae: Arctiinae,Agylla_sp_1185,EcEs-Lep-00789,NA,14.09,NA,20.79,240.31,1.8,204,29,,,,
Erebidae: Arctiinae,Agylla_sp_1185,EcEs-Lep-13489,NA,14.87,NA,16.35,161.6,1.65,206,23,,,,
Erebidae: Arctiinae,Agylla_sp_854,EcEs-Lep-00127,6.68,9.73,0.69,14.56,130.84,1.62,216,10,,,,
Erebidae: Arctiinae,Agylla_sp_854,EcEs-Lep-00145,6.83,10.28,0.66,13.32,139,1.28,210,28,,,,
Erebidae: Arctiinae,Agylla_sp_854,EcEs-Lep-00243,7.05,8.82,0.8,12.89,129.35,1.28,212,36,,,,
Erebidae: Arctiinae,Agylla_sp_854,EcEs-Lep-01980,NA,8.45,NA,14.04,111.8,1.76,210,20,,,,
Erebidae: Arctiinae,Agylla_sp_855,EcEs-Lep-00212,6.23,11.45,0.54,12.19,93.06,1.6,186,48,,,,
Erebidae: Arctiinae,Agylla_sp_855,EcEs-Lep-00286,5.13,13.93,0.37,12.47,95.43,1.63,156,46,,,,
Erebidae: Arctiinae,Agylla_sp_855,EcEs-Lep-00296,5.41,8.83,0.61,13.68,93.5,2,207,29,,,,
Erebidae: Arctiinae,Agylla_sp_855,EcEs-Lep-00459,7.54,7.63,0.99,13.34,99.82,1.78,214,24,,,,
Erebidae: Arctiinae,Agylla_sp_858,EcEs-Lep-00329,9.3,13.01,0.71,16.1,203.13,1.28,193,48,,,,
Erebidae: Arctiinae,Agylla_sp_858,EcEs-Lep-00787,NA,11.91,NA,19.36,199.2,1.88,208,16,,,,
Erebidae: Arctiinae,Agylla_sp_858,EcEs-Lep-11520,NA,12.58,NA,18.44,183.08,1.86,211,19,,,,
Erebidae: Arctiinae,Agylla_sp_860,EcEs-Lep-00586,7.92,7.09,1.12,8.37,36.34,1.93,100,44,,,,
Erebidae: Arctiinae,Agylla_sp_860,EcEs-Lep-00783,NA,11.08,NA,13.23,106.55,1.64,162,58,,,,
Erebidae: Arctiinae,Agylla_sp_860,EcEs-Lep-00785,NA,6.1,NA,13.9,100.8,1.92,211,17,,,,
Erebidae: Arctiinae,Agylla_sp_860,EcEs-Lep-13344,NA,7.41,NA,14.26,115.57,1.76,204,29,,,,
Erebidae: Arctiinae,Agylla_zucarina_gr_856,EcEs-Lep-00152,8.47,9.69,0.87,18.83,206.58,1.72,214,12,,,,
Erebidae: Arctiinae,Agylla_zucarina_gr_856,EcEs-Lep-00247,8.11,16.71,0.49,15.18,169.03,1.36,208,29,,,,
Erebidae: Arctiinae,Agylla_zucarina_gr_856,EcEs-Lep-00290,7.9,11.28,0.7,18.76,196.83,1.79,225,11,,,,
Erebidae: Arctiinae,Agylla_zucarina_gr_856,EcEs-Lep-00500,NA,13.7,NA,16.92,209.37,1.37,198,30,,,,
Erebidae: Arctiinae,Amastus_episcostosia_1229,EcEs-Lep-01042,26.32,31.98,0.82,41.26,858.31,1.98,66,77,,,,
Erebidae: Arctiinae,Amastus_episcostosia_1229,EcEs-Lep-01130,28.54,38.48,0.74,47.53,1012.73,2.23,73,66,,,,
Erebidae: Arctiinae,Amaxia_cf_lepida_913,EcEs-Lep-00284,7.15,14.58,0.49,16.53,129.94,2.1,144,66,,,,
Erebidae: Arctiinae,Amaxia_cf_lepida_913,EcEs-Lep-01118,6.74,15.86,0.42,19.32,192.6,1.94,120,48,,,,
Erebidae: Arctiinae,Amaxia_pandama_912,EcEs-Lep-00094,10.13,15.24,0.66,18.89,127.75,2.79,133,65,,,,
Erebidae: Arctiinae,Amaxia_pandama_912,EcEs-Lep-00618,10.5,15.54,0.68,18.45,142,2.4,101,66,,,,
Erebidae: Arctiinae,Amaxia_pardalis_1285,EcEs-Lep-00282,7.02,15.95,0.44,16.31,129.63,2.05,130,56,,,,
Erebidae: Arctiinae,Amaxia_sp_1354,EcEs-Lep-01168,8.31,11.03,0.75,14.9,95.5,2.32,132,58,PL: average from all measured Amaxias,,,
Erebidae: Arctiinae,Amaxia_sp_1354,EcEs-Lep-04287,8.31,9.73,0.85,0.01,0,0.15,104,60,PL: average from all measured Amaxias,,,
Erebidae: Arctiinae,Ammalo_helops_gr_1410,EcEs-Lep-04922,NA,34.68,NA,33.65,524.24,2.16,110,52,,,,
Erebidae: Arctiinae,Amphelarctia_priscilla_gr_1181,EcEs-Lep-00293,7.12,15.06,0.47,15.74,108.44,2.29,89,78,,,,
Erebidae: Arctiinae,Amphelarctia_priscilla_gr_1181,EcEs-Lep-01801,NA,13.43,NA,16.45,132.01,2.05,103,51,,,,
Erebidae: Arctiinae,Antona_sp_852,EcEs-Lep-00023,4.06,14.01,0.29,15.41,128.99,1.84,50,32,,,,
Erebidae: Arctiinae,Antona_sp_852,EcEs-Lep-00394,4.47,15.03,0.3,19.73,225,1.73,39,27,,,,
Erebidae: Arctiinae,Aptilosia_crocea_gr_866,EcEs-Lep-00131,7.5,10.47,0.72,13.57,113.77,1.62,172,32,,,,
Erebidae: Arctiinae,Aptilosia_crocea_gr_866,EcEs-Lep-00449,8.81,10.88,0.81,11.08,82.97,1.48,185,32,,,,
Erebidae: Arctiinae,Aptilosia_crocea_gr_866,EcEs-Lep-00451,9.11,9.89,0.92,13.12,108.43,1.59,172,37,,,,
Erebidae: Arctiinae,Apyre_separata_911,EcEs-Lep-00799,NA,15.59,NA,16.05,112.07,2.3,90,49,,,,
Erebidae: Arctiinae,Apyre_separata_911,EcEs-Lep-01802,NA,16.4,NA,0.09,0,18.79,106,50,,,,
Erebidae: Arctiinae,Araeomolis_cf_rhodographa_1079,EcEs-Lep-00028,8.33,12.49,0.67,13.9,79.33,2.44,140,64,,,,
Erebidae: Arctiinae,Araeomolis_cf_rhodographa_1079,EcEs-Lep-00222,8.76,11.14,0.79,13.6,74.51,2.48,158,74,,,,
Erebidae: Arctiinae,Araeomolis_cf_rhodographa_1079,EcEs-Lep-00289,8.95,13.2,0.68,14.48,88.22,2.38,121,70,,,,
Erebidae: Arctiinae,Araeomolis_cf_rhodographa_1079,EcEs-Lep-00316,8.55,11.98,0.71,13.9,81.33,2.37,132,66,,,,
Erebidae: Arctiinae,Araeomolis_cf_rhodographa_1079,EcEs-Lep-00379,7.04,12.54,0.56,16.22,109.13,2.41,113,67,,,,
Erebidae: Arctiinae,Arctiarpia_melanopasta_916,EcEs-Lep-00151,9.22,15.75,0.59,20.15,199.62,2.03,128,72,,,,
Erebidae: Arctiinae,Arctiarpia_melanopasta_916,EcEs-Lep-04291,NA,14.38,NA,17.57,164.85,1.87,122,68,,,,
Erebidae: Arctiinae,Arctiarpia_melanopasta_916,EcEs-Lep-04292,NA,16.23,NA,19.41,187.34,2.01,141,54,,,,
Erebidae: Arctiinae,Areva_nr_trigemmis_868,EcEs-Lep-00154,4.78,10.61,0.45,12.2,82.29,1.81,130,67,,,,
Erebidae: Arctiinae,Areva_nr_trigemmis_868,EcEs-Lep-00190,4.12,9.48,0.43,11.84,75.98,1.85,160,47,,,,
Erebidae: Arctiinae,Areva_nr_trigemmis_868,EcEs-Lep-00355,5.14,12.45,0.41,13.98,103.19,1.89,132,60,,,,
Erebidae: Arctiinae,Areva_nr_trigemmis_868,EcEs-Lep-02161,NA,9.61,NA,11.78,74.88,1.85,172,70,,,,
Erebidae: Arctiinae,Astralarctia_canalis_1051,EcEs-Lep-01173,NA,13.23,NA,15.68,93.63,2.62,137,49,,,,
Erebidae: Arctiinae,Atyphopsis_nr_modesta_772,EcEs-Lep-00245,6.23,11.05,0.56,13.6,96.84,1.91,128,66,,,,
Erebidae: Arctiinae,Atyphopsis_nr_modesta_772,EcEs-Lep-10682,NA,10.32,NA,11.88,71.72,1.97,116,64,,,,
Erebidae: Arctiinae,Balbura_intervenata_1227,EcEs-Lep-00046,8.38,11.4,0.74,14.06,100.89,1.96,60,36,,,,
Erebidae: Arctiinae,Balburdia_cf_dorsigiana_894,EcEs-Lep-00559,8.38,9.46,0.89,11.1,61.03,2.02,119,38,PL: proxy from intervenata (0046),,,
Erebidae: Arctiinae,Balburdia_cf_dorsigiana_894,EcEs-Lep-04015,8.38,10.24,0.82,12.87,83.37,1.99,81,30,PL: proxy from intervenata (0046),,,
Erebidae: Arctiinae,Baritius_(cf)_cf_grandis_918,EcEs-Lep-00224,10.49,13.41,0.78,15.93,130.07,1.95,162,61,,,,
Erebidae: Arctiinae,Baritius_(cf)_cf_grandis_918,EcEs-Lep-03423,NA,12.36,NA,14.01,102.97,1.91,168,55,,,,
Erebidae: Arctiinae,Baritius_nr_eleuthera_917,EcEs-Lep-00139,5.41,12.3,0.44,14.65,119.32,1.8,152,52,,,,
Erebidae: Arctiinae,Belemnia_sp_775,EcEs-Lep-00365,8.33,16.36,0.51,20.67,182.94,2.34,34,20,,,,
Erebidae: Arctiinae,Bertholdia_sp_920,EcEs-Lep-00493,9.89,15.81,0.63,17.45,147.16,2.07,126,92,,,,
Erebidae: Arctiinae,Bertholdia_sp_920,EcEs-Lep-01075,9.08,14.09,0.64,16.6,134.42,2.05,113,102,,,,
Erebidae: Arctiinae,Bertholdia_sp_920,EcEs-Lep-04338,NA,14.59,NA,17.38,149.13,2.03,118,81,,,,
Erebidae: Arctiinae,Bertholdia_specularis_919,EcEs-Lep-00184,8.75,14.32,0.61,16.32,120.13,2.22,162,88,,,,
Erebidae: Arctiinae,Cacostatia_(cf)_sp_1426,EcEs-Lep-00669,6.93,12.61,0.55,14.98,105.94,2.12,72,52,,,,
Erebidae: Arctiinae,Cacostatia_(cf)_sp_1426,EcEs-Lep-05259,NA,15.11,NA,18.58,175.26,1.97,100,76,,,,
Erebidae: Arctiinae,Cacostatia_nr_germana_1131,EcEs-Lep-00137,6.87,12.41,0.55,15.23,114.78,2.02,61,49,,,,
Erebidae: Arctiinae,Cacostatia_nr_germana_1131,EcEs-Lep-00323,6.96,15.42,0.45,15.01,105.44,2.14,58,52,,,,
Sphingidae,Callionima_nomius_103,EcEs-Lep-01465,15.63,44.33,0.35,35.78,516.55,2.48,52,27,PL: from Ugo's U_1164,,,
Sphingidae,Callionima_pan_pan_102,EcEs-Lep-00081,19.4,40.46,0.48,34.87,486.64,2.5,54,41,,,,
Sphingidae,Callionima_pan_pan_102,EcEs-Lep-00298,19.01,35.89,0.53,32.86,414.63,2.6,70,46,,,,
Sphingidae,Callionima_pan_pan_102,EcEs-Lep-01279,18.25,40.23,0.45,34.5,472.61,2.52,58.67,38,"BL, WL, WA, lightness, contrast: averageges of all Callionimas",,,
Erebidae: Arctiinae,Castrica_phalaenoides_1078,EcEs-Lep-00444,8.37,14.55,0.58,16.63,124.65,2.22,62,54,,,,
Erebidae: Arctiinae,cf_Metaxantha_atribasis_1365,EcEs-Lep-01162,NA,13.79,NA,14.19,62.47,3.23,43,30,,,,
Erebidae: Arctiinae,Chetone_cf_ithrana_897,EcEs-Lep-00073,9.42,20.38,0.46,32.9,667.42,1.62,56,45,,,,
Erebidae: Arctiinae,Chetone_cf_ithrana_897,EcEs-Lep-00105,9.08,18.97,0.48,33.89,678.93,1.69,36,40,,,,
Erebidae: Arctiinae,Chetone_cf_ithrana_897,EcEs-Lep-01508,9,19.26,0.47,33.43,678.4,1.65,42,72,,,,
Erebidae: Arctiinae,Chrostosoma_nr_schausi_776,EcEs-Lep-00439,6.56,8.59,0.76,12.68,51.66,3.11,62,129,,,,
Erebidae: Arctiinae,Chrostosoma_nr_schausi_776,EcEs-Lep-00524,NA,9.66,NA,12.44,49.39,3.13,64,98,,,,
Erebidae: Arctiinae,Chrostosoma_nr_schausi_776,EcEs-Lep-10556,NA,8.42,NA,10.94,45.56,2.63,61,113,,,,
Erebidae: Arctiinae,Cisthene_citrina_1324,EcEs-Lep-00342,3.04,5.04,0.6,7.29,25.44,2.09,132,37,,,,
Erebidae: Arctiinae,Cisthene_citrina_1324,EcEs-Lep-01324,NA,6.88,NA,12.38,121.04,1.27,165,31,,,,
Erebidae: Arctiinae,Cisthene_croesus_869,EcEs-Lep-00156,3.23,3.34,0.96,3.03,11.4,0.8,126,42,,,,
Erebidae: Arctiinae,Cisthene_croesus_869,EcEs-Lep-00754,3.27,2.9,1.13,6.18,24.93,1.53,135,46,,,,
Erebidae: Arctiinae,Cisthene_sp_870,EcEs-Lep-00032,2.51,6.61,0.38,6.84,28.34,1.65,134,29,,,,
Erebidae: Arctiinae,Cisthene_sp_870,EcEs-Lep-00062,2.96,6.46,0.46,7.47,31.71,1.76,142,28,,,,
Erebidae: Arctiinae,Cisthene_sp_870,EcEs-Lep-00163,2.26,5.64,0.4,7.04,27.44,1.81,146,30,,,,
Erebidae: Arctiinae,Cisthene_sp_870,EcEs-Lep-00165,1.53,5.92,0.26,6.95,27.21,1.77,144,30,,,,
Erebidae: Arctiinae,Cisthene_sp_870,EcEs-Lep-00195,NA,5.03,NA,3.19,13.19,0.77,156,34,,,,
Erebidae: Arctiinae,Cisthene_sp_870,EcEs-Lep-00256,2.79,6.56,0.43,7.19,30.06,1.72,124,28,,,,
Erebidae: Arctiinae,Cisthene_tessellata_1054,EcEs-Lep-00253,3.29,4.78,0.69,8.27,37.81,1.81,116,56,,,,
Erebidae: Arctiinae,Clemensia_sp_892,EcEs-Lep-00561,NA,8.28,NA,9.4,53.4,1.66,170,38,,,,
Erebidae: Arctiinae,Cloesia_nr_digna_1189,EcEs-Lep-00045,7.7,11.38,0.68,14.66,104.63,2.05,44,19,,,,
Erebidae: Arctiinae,Cloesia_nr_digna_1189,EcEs-Lep-00551,NA,11.15,NA,14.66,98.65,2.18,53,36,,,,
Erebidae: Arctiinae,Cloesia_nr_digna_1189,EcEs-Lep-00553,NA,10.39,NA,14.4,88.36,2.35,46,26,,,,
Erebidae: Arctiinae,Cloesia_nr_digna_1189,EcEs-Lep-01189,NA,10.14,NA,11.46,104.7,1.25,136,40,,,,
Sphingidae,Cocytius_duponchel_109,EcEs-Lep-00982,83.54,53.47,1.56,52.98,1013.84,2.77,60,48,,,,
Erebidae: Arctiinae,Coreura_simsoni_417,EcEs-Lep-00265,11.09,18.82,0.59,27.52,474.57,1.6,40,34,,,,
Erebidae: Arctiinae,Correbia_nr_minima_778,EcEs-Lep-00226,5.05,10.31,0.49,11.29,67.62,1.88,84,50,,,,
Erebidae: Arctiinae,Correbia_nr_minima_778,EcEs-Lep-09161,NA,10.58,NA,11.16,62.1,2.01,72,42,,,,
Erebidae: Arctiinae,Correbidia_calopteridia_2004,EcEs-Lep-00015,6.52,13.35,0.49,14.1,102.99,1.93,90,44,,,,
Erebidae: Arctiinae,Correbidia_calopteridia_2004,EcEs-Lep-00211,6.08,13.38,0.45,14.9,104.81,2.12,120,68,,,,
Erebidae: Arctiinae,Correbidia_calopteridia_2004,EcEs-Lep-00219,NA,12.84,NA,13.88,91.29,2.11,115,60,,,,
Erebidae: Arctiinae,Correbidia_calopteridia_2004,EcEs-Lep-00221,5.44,11.15,0.49,13.85,93.24,2.06,156,46,,,,
Erebidae: Arctiinae,Correbidia_calopteridia_2004,EcEs-Lep-00843,NA,10.34,NA,11.17,62.81,1.99,124,60,,,,
Erebidae: Arctiinae,Correbidia_cf_costinitata_782,EcEs-Lep-01166,NA,13.25,NA,14.51,102.44,2.06,90,59,,,,
Erebidae: Arctiinae,Correbidia_cf_costinitata_782,EcEs-Lep-01308,6.21,12.77,0.49,16.68,141.19,1.97,107,70,,,,
Erebidae: Arctiinae,Correbidia_germana_1274,EcEs-Lep-00234,4.89,11.24,0.43,12.81,79.88,2.05,108,66,,,,
Erebidae: Arctiinae,Correbidia_sp_21,EcEs-Lep-00021,7.5,14.05,0.53,17.73,130.18,2.42,69,40,,,,
Erebidae: Arctiinae,Correbidia_sp_779,EcEs-Lep-00019,9.22,17.9,0.51,18.4,115.4,2.93,71,63,,,,
Erebidae: Arctiinae,Correbidia_sp_780,EcEs-Lep-00017,6.01,12.36,0.49,13.72,72.27,2.6,47,26,,,,
Erebidae: Arctiinae,Correbidia_sp_780,EcEs-Lep-00027,6.59,12.7,0.52,14.38,77.61,2.66,46,24,,,,
Erebidae: Arctiinae,Correbidia_sp_780,EcEs-Lep-00373,6.39,13.08,0.49,18.06,130.24,2.51,66,36,,,,
Erebidae: Arctiinae,Correbidia_sp_781,EcEs-Lep-00842,6.77,17.66,0.38,19.14,142.71,2.57,94,65,PL: average from all measured Correbidias,,,
Erebidae: Arctiinae,Correbidia_sp_781,EcEs-Lep-09223,6.77,16.29,0.42,16.25,92.35,2.86,74,51,,,,
Erebidae: Arctiinae,Cosmosoma_(cf)_nr_xanthostictum_793,EcEs-Lep-00104,7.14,10.59,0.67,15.42,79.37,3,86,139,,,,
Erebidae: Arctiinae,Cosmosoma_cf_remotum_795,EcEs-Lep-00820,7.74,10.52,0.74,13.67,64.1,2.92,71,121,PL: average from all measured Cosmosomas,,,
Erebidae: Arctiinae,Cosmosoma_cf_teuthras_1427,EcEs-Lep-08529,7.74,12.22,0.63,17.3,96.2,3.11,100,74,PL: average from all measured Cosmosomas,,,
Erebidae: Arctiinae,Cosmosoma_klagesi_310,EcEs-Lep-00009,8.56,11.53,0.74,16.13,97.36,2.67,62,166,,,,
Erebidae: Arctiinae,Cosmosoma_klagesi_310,EcEs-Lep-00203,8.8,11.91,0.74,16.18,89.48,2.93,98,155,,,,
Erebidae: Arctiinae,Cosmosoma_nr_angustimargo_2002,EcEs-Lep-00149,7.84,10.39,0.75,15.13,76.89,2.98,120,146,,,,
Erebidae: Arctiinae,Cosmosoma_nr_angustimargo_2002,EcEs-Lep-00328,7.89,11.71,0.67,17.25,107.08,2.78,103,152,,,,
Erebidae: Arctiinae,Cosmosoma_parambae_787,EcEs-Lep-00279,9.77,12.08,0.81,18.41,116.39,2.91,94,130,,,,
Erebidae: Arctiinae,Cosmosoma_saron_1124,EcEs-Lep-00183,6.91,10.64,0.65,13.23,59.7,2.93,112,132,,,,
Erebidae: Arctiinae,Cosmosoma_saron_1124,EcEs-Lep-00185,7.37,9.95,0.74,13.1,58.23,2.95,109,122,,,,
Erebidae: Arctiinae,Cosmosoma_saron_1124,EcEs-Lep-00406,7,9.6,0.73,13,57.29,2.95,103,134,,,,
Erebidae: Arctiinae,Cosmosoma_sp_786,EcEs-Lep-00248,7.44,8.95,0.83,9.96,34.66,2.86,146,123,,,,
Erebidae: Arctiinae,Cosmosoma_sp_786,EcEs-Lep-00285,7.96,10.16,0.78,11.39,42.48,3.05,117,143,,,,
Erebidae: Arctiinae,Cosmosoma_sp_788,EcEs-Lep-00676,6.01,10.46,0.57,12.28,49.13,3.07,154,109,,,,
Erebidae: Arctiinae,Cosmosoma_sp_788,EcEs-Lep-01140,7.74,9.01,0.86,10.83,40.1,2.93,145,112,PL: average from all measured Cosmosomas,,,
Erebidae: Arctiinae,Cosmosoma_sp_789,EcEs-Lep-00814,7.74,10.13,0.76,13.11,61.1,2.81,109,107,PL: average from all measured Cosmosomas,,,
Erebidae: Arctiinae,Cosmosoma_sp_789,EcEs-Lep-08536,7.74,11.15,0.69,15.03,75.05,3.01,160,95,PL: average from all measured Cosmosomas,,,
Erebidae: Arctiinae,Cosmosoma_sp_790,EcEs-Lep-00816,7.74,7.93,0.98,11.82,45.17,3.09,151,110,PL: average from all measured Cosmosomas,,,
Erebidae: Arctiinae,Cosmosoma_sp_790,EcEs-Lep-01156,7.74,9.01,0.86,13.25,61.87,2.84,141,122,PL: average from all measured Cosmosomas,,,
Erebidae: Arctiinae,Cosmosoma_sp_791,EcEs-Lep-00818,7.74,9.74,0.79,12.57,49.76,3.17,140,97,PL: average from all measured Cosmosomas,,,
Erebidae: Arctiinae,Cosmosoma_sp_792,EcEs-Lep-00140,5.25,8.79,0.6,12.32,49.2,3.08,176,86,,,,
Erebidae: Arctiinae,Cosmosoma_subflamma_304,EcEs-Lep-01132,11.4,14.45,0.79,17.97,117.14,2.76,80,133,,,,
Erebidae: Arctiinae,Cosmosoma_subflamma_304,EcEs-Lep-05432,NA,13.31,NA,16.43,98.31,2.75,111,112,,,,
Erebidae: Arctiinae,Cratoplastis_diluta_gr_682,EcEs-Lep-00283,10.03,17.01,0.59,17.96,139.27,2.32,110,52,,,,
Erebidae: Arctiinae,Cratoplastis_diluta_gr_682,EcEs-Lep-00705,9.14,16.47,0.55,21.22,194.31,2.32,106,42,,,,
Erebidae: Arctiinae,Cresera_annulata_921,EcEs-Lep-00377,9.65,15.85,0.61,20.55,182.55,2.31,106,77,,,,
Erebidae: Arctiinae,Delphyre_nr_flaviceps_1268,EcEs-Lep-00099,10.18,14.38,0.71,17.97,155.79,2.07,100,68,,,,
Erebidae: Arctiinae,Delphyre_nr_flaviceps_1268,EcEs-Lep-00121,9.96,13.94,0.71,17.87,152.81,2.09,96,60,,,,
Erebidae: Arctiinae,Delphyre_nr_flaviceps_1268,EcEs-Lep-04552,NA,19.77,NA,16.73,124.31,2.25,85,51,,,,
Erebidae: Arctiinae,Dolichesia_cf_falsimonia_885,EcEs-Lep-00550,NA,5.61,NA,8.61,40.82,1.82,134,27,,,,
Erebidae: Arctiinae,Dolichesia_cf_falsimonia_885,EcEs-Lep-01150,NA,7.23,NA,8.53,42.31,1.72,134,33,,,,
Erebidae: Arctiinae,Dolichesia_cf_falsimonia_885,EcEs-Lep-02175,NA,7.96,NA,8.53,39.76,1.83,150,38,,,,
Erebidae: Arctiinae,Druceius_nr_gigantea_799,EcEs-Lep-00178,7.07,15.03,0.47,17.46,123.64,2.46,92,73,,,,
Erebidae: Arctiinae,Druceius_nr_gigantea_799,EcEs-Lep-00356,6.99,14.14,0.49,16.65,111.16,2.49,105,72,,,,
Erebidae: Arctiinae,Dycladia_sp_794,EcEs-Lep-00822,NA,10.55,NA,13.32,62.74,2.83,86,82,,,,
Erebidae: Arctiinae,Dysschema_cf_leda_1361,EcEs-Lep-01187,5.45,27.24,0.2,34.84,662.76,1.83,72,102,PL: average from all Dysschemias,,,
Erebidae: Arctiinae,Dysschema_cf_leda_1361,EcEs-Lep-04868,5.45,20.97,0.26,30.43,511.73,1.81,68,83,PL: average from all Dysschemias,,,
Erebidae: Arctiinae,Dysschema_cf_leda_1361,EcEs-Lep-09263,5.45,26.63,0.2,35.63,687.65,1.85,80,104,PL: average from all Dysschemias,,,
Erebidae: Arctiinae,Dysschema_cf_perplexa_899,EcEs-Lep-00049,5.72,19.77,0.29,27.74,448.97,1.71,59,115,,,,
Erebidae: Arctiinae,Dysschema_nr_bruckleyi_898,EcEs-Lep-00441,4.91,17.28,0.28,23.81,341.07,1.66,106,90,,,,
Erebidae: Arctiinae,Dysschema_viuda_900,EcEs-Lep-00003,5.72,25.62,0.22,37.55,818.02,1.72,48,58,,,,
Erebidae: Arctiinae,Ecdemus_obscuratum_1111,EcEs-Lep-00034,5.77,9.18,0.63,12.85,64.12,2.58,72,46,,,,
Erebidae: Arctiinae,Ecdemus_obscuratum_1111,EcEs-Lep-00147,5.73,9.99,0.57,11.46,55.71,2.36,54,51,,,,
Erebidae: Arctiinae,Echeta_sp_1441,EcEs-Lep-01512,NA,20.49,NA,29.29,430.14,1.99,98,44,,,,
Erebidae: Arctiinae,Echeta_sp_922,EcEs-Lep-00495,NA,14.95,NA,17.9,184.64,1.74,156,62,,,,
Erebidae: Arctiinae,Echeta_sp_922,EcEs-Lep-01167,NA,14.68,NA,15.72,152.33,1.62,109,55,,,,
Erebidae: Arctiinae,Echeta_sp_922,EcEs-Lep-08299,NA,13.66,NA,15.88,149.71,1.69,128,58,,,,
Erebidae: Arctiinae,Elysius_nr_disciplaga_2346,EcEs-Lep-00047,10.88,17.79,0.61,19.48,202.01,1.88,119,60,,,,
Erebidae: Arctiinae,Elysius_nr_disciplaga_2346,EcEs-Lep-07729,NA,16.45,NA,20.44,238.17,1.76,144,59,,,,
Erebidae: Arctiinae,Elysius_nr_pyrosticta_923,EcEs-Lep-00481,NA,19.46,NA,24.65,312.05,1.95,84,61,,,,
Erebidae: Arctiinae,Elysius_sp_1359,EcEs-Lep-01833,8.48,19,0.45,22.79,284.34,1.83,112,56,PL: proxy from pyrosicta (0878),,,
Erebidae: Arctiinae,Elysius_sp_1439,EcEs-Lep-04924,8.48,22.31,0.38,26.59,385.13,1.84,104,45,,,,
Erebidae: Arctiinae,Emurena_sp_924,EcEs-Lep-00376,5.53,13.84,0.4,16.84,132.41,2.14,131,57,,,,
Erebidae: Arctiinae,Epeiromulona_nr_phelina_1057,EcEs-Lep-00334,2.06,7.56,0.27,9.85,54.51,1.78,164,32,,,,
Erebidae: Arctiinae,Epidesma_(cf)_sp_801,EcEs-Lep-08546,5.22,11.94,0.44,16.51,129.85,2.1,49,39,PL: proxy from hoffmannsi (0048),,,
Erebidae: Arctiinae,Epidesma_nr_hoffmannsi_800,EcEs-Lep-00048,5.22,12.38,0.42,14.22,110.45,1.83,64,44,,,,
Erebidae: Arctiinae,Episcepsis_demonis_1133,EcEs-Lep-00050,9.8,13.64,0.72,18.62,171.82,2.02,50,34,,,,
Erebidae: Arctiinae,Episcepsis_demonis_1133,EcEs-Lep-00075,9.87,13.87,0.71,18.9,164.14,2.18,96,58,,,,
Erebidae: Arctiinae,Episcepsis_fumata_gr_824,EcEs-Lep-00446,9.02,13.58,0.66,18.25,154.52,2.15,42,15,,,,
Erebidae: Arctiinae,Episcepsis_fumata_gr_824,EcEs-Lep-00777,8.29,12.96,0.64,17.88,157.81,2.03,46,16,,,,
Erebidae: Arctiinae,Episcepsis_luctuosa_802,EcEs-Lep-00232,7.49,15.18,0.49,15.81,119.84,2.09,70,45,,,,
Erebidae: Arctiinae,Episcepsis_luctuosa_802,EcEs-Lep-00447,7.39,13.24,0.56,15.35,110.9,2.13,60,34,,,,
Erebidae: Arctiinae,Episcepsis_sp_803,EcEs-Lep-00769,5.45,10.64,0.51,12.56,78.58,2.01,53,20,,,,
Erebidae: Arctiinae,Episcepsis_sp_804,EcEs-Lep-00837,7.06,13.42,0.53,16.99,133.56,2.16,58,27,PL: average from all Episcepsis,,,
Erebidae: Arctiinae,Episcepsis_sp_850,EcEs-Lep-00834,7.06,14.32,0.49,17.37,147.65,2.04,86,43,PL: average from all Episcepsis,,,
Erebidae: Arctiinae,Episcepsis_sp_850,EcEs-Lep-08551,7.06,14.58,0.48,16.69,139.32,2,56,28,PL: average from all Episcepsis,,,
Erebidae: Arctiinae,Episcepsis_thetis_gr_2151,EcEs-Lep-00297,7.1,13.59,0.52,15.09,126.35,1.8,64,42,,,,
Erebidae: Arctiinae,Episcepsis_thetis_gr_2151,EcEs-Lep-00839,NA,13.9,NA,15.34,125.58,1.87,58,22,,,,
Erebidae: Arctiinae,Episcepsis_venata_1141,EcEs-Lep-00510,7.06,11.42,0.62,12.79,89.13,1.84,61,36,PL: average from all Episcepsis,,,
Erebidae: Arctiinae,Episcepsis_venata_1141,EcEs-Lep-05268,7.06,13.39,0.53,12.56,90.63,1.74,64,33,PL: average from all Episcepsis,,,
Sphingidae,Erinnyis_alope_104,EcEs-Lep-00391,43.66,52.78,0.83,42.18,686.84,2.59,57,36,,,,
Erebidae: Arctiinae,Eucereon_cf_pseudarchias_1217,EcEs-Lep-00815,7.27,14.85,0.49,19.04,153.74,2.36,80,37,PL: average from all measured Eucereons,,,
Erebidae: Arctiinae,Eucereon_cf_pseudarchias_1217,EcEs-Lep-00821,7.27,14.44,0.5,17.38,135.86,2.22,67,36,PL: average from all measured Eucereons,,,
Erebidae: Arctiinae,Eucereon_cf_rogersi_1439,EcEs-Lep-00847,7.27,NA,NA,NA,NA,NA,NA,NA,PL: average from all measured Eucereons,,,
Erebidae: Arctiinae,Eucereon_cf_rogersi_1439,EcEs-Lep-01092,7.27,12.82,0.57,18.14,195.4,1.68,114,57,PL: average from all measured Eucereons,,,
Erebidae: Arctiinae,Eucereon_cf_rosa_811,EcEs-Lep-00517,7.27,9.46,0.77,12.51,84.65,1.85,73,45,PL: average from all measured Eucereons,,,
Erebidae: Arctiinae,Eucereon_cf_rosa_811,EcEs-Lep-01147,7.27,10.08,0.72,11.1,60.57,2.03,110,47,PL: average from all measured Eucereons,,,
Erebidae: Arctiinae,Eucereon_nr_tarona_616,EcEs-Lep-00291,9.59,13.79,0.7,16.05,148.15,1.74,87,71,,,,
Erebidae: Arctiinae,Eucereon_nr_tarona_616,EcEs-Lep-05376,NA,10.01,NA,15.22,139.87,1.66,90,60,,,,
Erebidae: Arctiinae,Eucereon_nr_tarona_616,EcEs-Lep-08659,NA,13.22,NA,17.26,168.12,1.77,99,62,,,,
Erebidae: Arctiinae,Eucereon_nr_tarona_808,EcEs-Lep-00223,9.2,13.3,0.69,15.09,126.53,1.8,138,62,,,,
Erebidae: Arctiinae,Eucereon_nr_tarona_808,EcEs-Lep-00819,NA,11.78,NA,13.97,111.97,1.74,120,60,,,,
Erebidae: Arctiinae,Eucereon_nr_tarona_808,EcEs-Lep-00994,9.3,12.39,0.75,15.19,114.65,2.01,113,59,,,,
Erebidae: Arctiinae,Eucereon_nr_tarona_808,EcEs-Lep-05377,NA,14.43,NA,17.98,164.83,1.96,106,57,,,,
Erebidae: Arctiinae,Eucereon_sp_1366,EcEs-Lep-00753,7.27,6.93,1.05,9.77,46.48,2.05,144,31,PL: average from all measured Eucereons,,,
Erebidae: Arctiinae,Eucereon_sp_1366,EcEs-Lep-01163,7.27,11.83,0.61,13.94,94.67,2.05,172,51,PL: average from all measured Eucereons,,,
Erebidae: Arctiinae,Eucereon_sp_806,EcEs-Lep-00136,6.82,14.84,0.46,16.1,134.7,1.92,112,63,,,,
Erebidae: Arctiinae,Eucereon_sp_806,EcEs-Lep-08707,NA,13.22,NA,15.96,131.21,1.94,131,48,,,,
Erebidae: Arctiinae,Eucereon_sp_807,EcEs-Lep-00220,8.94,14.19,0.63,15.72,114.12,2.16,103,81,,,,
Erebidae: Arctiinae,Eucereon_sp_807,EcEs-Lep-10444,NA,14.55,NA,16.63,124.65,2.22,62,54,,,,
Erebidae: Arctiinae,Eucereon_sp_809,EcEs-Lep-00357,8.41,14.69,0.57,19.28,128.66,2.89,132,75,,,,
Erebidae: Arctiinae,Eucereon_sp_809,EcEs-Lep-10458,NA,18.01,NA,19.15,131.46,2.79,124,69,,,,
Erebidae: Arctiinae,Eucereon_sp_812,EcEs-Lep-00514,6.82,9.65,0.71,12.2,66.02,2.25,116,78,,,,
Erebidae: Arctiinae,Eucereon_sp_812,EcEs-Lep-04532,NA,11.29,NA,14.27,88.02,2.31,84,59,,,,
Erebidae: Arctiinae,Eucereon_sp_813,EcEs-Lep-00709,4.95,10.75,0.46,13.46,81.56,2.22,118,72,,,,
Erebidae: Arctiinae,Eucereon_sp_813,EcEs-Lep-00825,NA,11.84,NA,15.03,103.8,2.18,116,73,PL: average from all measured Eucereons,,,
Erebidae: Arctiinae,Eucereon_sp_813,EcEs-Lep-08598,NA,10.42,NA,12.86,76.88,2.15,126,80,PL: average from all measured Eucereons,,,
Erebidae: Arctiinae,Eucereon_sp_813,EcEs-Lep-08600,NA,12.48,NA,15.69,115.75,2.13,142,62,PL: average from all measured Eucereons,,,
Erebidae: Arctiinae,Eucereon_sp_815,EcEs-Lep-00817,7.27,13.2,0.55,18.43,164,2.07,142,45,PL: average from all measured Eucereons,,,
Erebidae: Arctiinae,Eucereon_sp_815,EcEs-Lep-05374,7.27,15,0.48,17.16,145.87,2.02,122,49,PL: average from all measured Eucereons,,,
Erebidae: Arctiinae,Eucereon_sp_821,EcEs-Lep-00827,7.27,9.97,0.73,11.66,60.94,2.23,107,54,PL: average from all measured Eucereons,,,
Erebidae: Arctiinae,Eucereon_sp_821,EcEs-Lep-05447,7.27,10.27,0.71,10.91,58.6,2.03,100,55,PL: average from all measured Eucereons,,,
Erebidae: Arctiinae,Eucereon_sp_822,EcEs-Lep-00829,7.27,14.1,0.52,17.35,134.22,2.24,114,54,PL: average from all measured Eucereons,,,
Erebidae: Arctiinae,Eucereon_sp_822,EcEs-Lep-01155,7.27,10.01,0.73,12.95,81.26,2.06,141,72,PL: average from all measured Eucereons,,,
Erebidae: Arctiinae,Eucereon_sp_822,EcEs-Lep-08599,7.27,11.16,0.65,13.94,96.25,2.02,110,56,PL: average from all measured Eucereons,,,
Erebidae: Arctiinae,Eudoliche_nr_longa_874,EcEs-Lep-00249,NA,9.26,NA,11.57,67.72,1.98,220,27,,,,
Erebidae: Arctiinae,Eudoliche_nr_longa_874,EcEs-Lep-00325,5.89,9.82,0.6,13.55,99.16,1.85,210,42,,,,
Erebidae: Arctiinae,Eudoliche_nr_longa_874,EcEs-Lep-02079,NA,5.39,NA,3.35,3.83,2.92,100,38,,,,
Erebidae: Arctiinae,Eudoliche_nr_longa_874,EcEs-Lep-02080,NA,7.16,NA,11.91,69.85,2.03,204,42,,,,
Sphingidae,Eumorpha_capronnieri_105,EcEs-Lep-00438,43.3,51.25,0.84,48,978.48,2.35,63,35,,,,
Erebidae: Arctiinae,Eupseudosoma_(Idalus)_nr_involuta_935,EcEs-Lep-00375,10.06,18.82,0.53,20.1,180.15,2.24,204,26,,,,
Erebidae: Arctiinae,Eupseudosoma_(Idalus)_nr_involuta_935,EcEs-Lep-00809,NA,16.93,NA,21.07,218.37,2.03,212,21,,,,
Erebidae: Arctiinae,Euthyone_cf_simplex_877,EcEs-Lep-00070,1.5,6.98,0.21,8.61,44.97,1.65,222,11,,,,
Erebidae: Arctiinae,Euthyone_cf_simplex_877,EcEs-Lep-00160,NA,6.64,NA,11.1,66.92,1.84,224,14,,,,
Erebidae: Arctiinae,Euthyone_cf_simplex_877,EcEs-Lep-00162,1,3.77,0.27,7.45,32.51,1.71,224,9,"""short"" in measurement. 1 mm used",,,
Erebidae: Arctiinae,Euthyone_cf_simplex_877,EcEs-Lep-00331,1.5,8.73,0.17,11.39,69.8,1.86,225,8,,,,
Erebidae: Arctiinae,Euthyone_sp_1424,EcEs-Lep-02298,1.33,2.6,0.51,7.39,32.22,1.7,199,28,PL: average from all measured Euthyones,,,
Erebidae: Arctiinae,Euthyone_sp_875,EcEs-Lep-00065,1.33,6.75,0.2,8.29,46.95,1.46,224,7,PL: average from all measured Euthyones,,,
Erebidae: Arctiinae,Euthyone_sp_876,EcEs-Lep-00531,1.33,6.61,0.2,8.26,42.13,1.62,176,39,PL: average from all measured Euthyones,,,
Erebidae: Arctiinae,Euthyone_sp_876,EcEs-Lep-12914,1.38,6.28,0.22,7.34,33.86,1.59,158,43,PL: average from all measured Euthyones,,,
Erebidae: Arctiinae,Evius_cochenouri_925,EcEs-Lep-00312,7.9,13.86,0.57,18.43,145.04,2.34,160,58,,,,
Erebidae: Arctiinae,Evius_cochenouri_925,EcEs-Lep-04348,NA,11.07,NA,13.53,84.99,2.15,170,41,,,,
Erebidae: Arctiinae,Evius_hippia_926,EcEs-Lep-00233,8.01,11.8,0.68,14.22,103.12,1.96,175,86,,,,
Erebidae: Arctiinae,Evius_hippia_926,EcEs-Lep-00811,NA,14.61,NA,15.41,106.81,2.22,146,60,,,,
Erebidae: Arctiinae,Evius_sp_927,EcEs-Lep-00380,6.36,10.45,0.61,13.31,80.88,2.19,160,49,,,,
Erebidae: Arctiinae,Flammeus_betzi_1402,EcEs-Lep-00396,6.85,11.69,0.59,14.6,103.58,2.06,70,42,,,,
Erebidae: Arctiinae,Flammeus_sp_810,EcEs-Lep-00402,9.86,16.06,0.61,19.39,168.1,2.24,48,34,,,,
Erebidae: Arctiinae,Flammeus_sp_810,EcEs-Lep-08589,NA,15.15,NA,18.38,153.69,2.2,46,32,,,,
Erebidae: Arctiinae,Galethalea_sp_825,EcEs-Lep-00797,NA,15.48,NA,18.03,158.61,2.05,77,92,,,,
Erebidae: Arctiinae,Gardinia_nr_magnifica_878,EcEs-Lep-00278,9.53,17.78,0.54,26.2,324.43,2.12,52,26,,,,
Erebidae: Arctiinae,Gorgonidia_buckleyi_928,EcEs-Lep-00281,12.89,20.52,0.63,24.88,245.21,2.52,130,77,,,,
Erebidae: Arctiinae,Gymnelia_(cf)_sp_827,EcEs-Lep-00064,6.32,7.62,0.83,12.7,48.16,3.35,130,123,PL: proxy from sp 826 (00187),,,
Erebidae: Arctiinae,Gymnelia_(cf)_sp_827,EcEs-Lep-01164,NA,9.07,NA,14.05,62.65,3.15,113,126,,,,
Erebidae: Arctiinae,Gymnelia_sp_1418,EcEs-Lep-08950,6.32,12.8,0.49,15.47,88.25,2.71,106,131,PL: proxy from sp 826 (00187),,,
Erebidae: Arctiinae,Gymnelia_sp_826,EcEs-Lep-00187,6.32,13.99,0.45,15.65,98.37,2.49,89,117,,,,
Erebidae: Arctiinae,Gymnelia_sp_826,EcEs-Lep-05118,6.32,12.19,0.52,15.69,91.16,2.7,96,110,PL: proxy from sp 826 (00187),,,
Erebidae: Arctiinae,Gymnelia_sp_826,EcEs-Lep-08922,6.32,13.32,0.47,15.95,93.92,2.71,86,108,PL: proxy from sp 826 (00187),,,
Erebidae: Arctiinae,Haemanota_sp_1196,EcEs-Lep-00410,9.2,13.69,0.67,15.84,108.7,2.31,72,37,,,,
Erebidae: Arctiinae,Haemanota_sp_1196,EcEs-Lep-00630,11.4,17.7,0.64,16.63,119.77,2.31,59,29,,,,
Erebidae: Arctiinae,Halysidota_nr_semibrunnea_1015,EcEs-Lep-00424,11.03,15.21,0.73,18.26,188.92,1.76,70,47,,,,
Erebidae: Arctiinae,Halysidota_schausi_929,EcEs-Lep-00264,13.29,22.93,0.58,27.26,305.11,2.44,185,70,,,,
Erebidae: Arctiinae,Halysidota_schausi_929,EcEs-Lep-07847,NA,18.31,NA,25.32,270.56,2.37,163,59,,,,
Erebidae: Arctiinae,Halysidota_sp_930,EcEs-Lep-00702,12,17.69,0.68,22.81,228.74,2.28,151,65,,,,
Erebidae: Arctiinae,Halysidota_sp_931,EcEs-Lep-00736,10.43,14.23,0.73,19.03,170.01,2.13,64,32,,,,
Erebidae: Arctiinae,Halysidota_sp_931,EcEs-Lep-00889,10.73,17.67,0.61,22.54,232.67,2.18,127,55,,,,
Erebidae: Arctiinae,Heliactinidia_sitia_901,EcEs-Lep-00153,1.88,9.8,0.19,14.27,127.97,1.59,157,30,,,,
Erebidae: Arctiinae,Heliactinidia_sitia_901,EcEs-Lep-00181,1.58,10.08,0.16,14.58,130.76,1.63,169,36,,,,
Erebidae: Arctiinae,Heliactinidia_sitia_901,EcEs-Lep-01821,NA,11.47,NA,14.92,143.7,1.55,163,26,,,,
Erebidae: Arctiinae,Heliactinidia_sitia_901,EcEs-Lep-01822,NA,11.72,NA,NA,NA,NA,176,35,,,,
Erebidae: Arctiinae,Heliura_nr_zonata_829,EcEs-Lep-00228,7.99,12.68,0.63,15.45,115.18,2.07,125,80,,,,
Erebidae: Arctiinae,Heliura_nr_zonata_829,EcEs-Lep-00831,NA,12.03,NA,12.58,71.64,2.21,146,74,,,,
Erebidae: Arctiinae,Heliura_nr_zonata_829,EcEs-Lep-05390,NA,11.8,NA,13.77,95.86,1.98,130,60,,,,
Erebidae: Arctiinae,Heliura_nr_zonata_829,EcEs-Lep-08636,NA,11.38,NA,14.23,97.21,2.08,136,71,,,,
Erebidae: Arctiinae,Heliura_sp_823,EcEs-Lep-00833,8.48,10.78,0.79,13.38,91.35,1.96,130,54,PL: average from all measured Heliuras,,,
Erebidae: Arctiinae,Heliura_sp_823,EcEs-Lep-05375,8.48,11.78,0.72,NA,NA,NA,124,50,PL: average from all measured Heliuras,,,
Erebidae: Arctiinae,Heliura_sp_828,EcEs-Lep-00142,8.65,13.7,0.63,17.86,154.5,2.07,103,66,,,,
Erebidae: Arctiinae,Heliura_sp_828,EcEs-Lep-01050,8.31,14.05,0.59,15.2,111.16,2.08,112,68,,,,
Erebidae: Arctiinae,Heliura_sp_828,EcEs-Lep-08625,NA,12.78,NA,15.66,124.84,1.96,109,68,,,,
Erebidae: Arctiinae,Heliura_sp_828,EcEs-Lep-08631,NA,12.99,NA,16.18,133.67,1.96,104,64,,,,
Erebidae: Arctiinae,Hyalurga_fenestra_1006,EcEs-Lep-00479,NA,21.15,NA,26.61,384.89,1.84,112,138,,,,
Erebidae: Arctiinae,Hypercompe_nr_leucarctioides_1010,EcEs-Lep-00401,4.1,20.95,0.2,20.49,207.5,2.02,152,114,,,,
Erebidae: Arctiinae,Hypercompe_nr_muzina_765,EcEs-Lep-00364,2.64,16.4,0.16,21.92,220.15,2.18,208,31,,,,
Erebidae: Arctiinae,Hypercompe_nr_muzina_765,EcEs-Lep-00367,5.09,21.17,0.24,30.94,486.71,1.97,209,27,,,,
Erebidae: Arctiinae,Hypercompe_nr_muzina_765,EcEs-Lep-00443,3.87,17.97,0.22,21.75,225.94,2.09,207,27,,,,
Erebidae: Arctiinae,Hypercompe_sp_996,EcEs-Lep-01317,4.54,19.72,0.23,23.29,287.79,1.89,196,45,,,,
Erebidae: Arctiinae,Hypocrita_nr_chalybea_903,EcEs-Lep-00303,11.66,20.56,0.57,28.21,506.1,1.57,37,31,,,,
Erebidae: Arctiinae,Hypocrita_nr_chalybea_903,EcEs-Lep-00370,11.75,21.49,0.55,28.36,509.64,1.58,36,50,,,,
Erebidae: Arctiinae,Hypocrita_nr_chalybea_903,EcEs-Lep-04872,NA,18.4,NA,27.05,403.11,1.81,42,60,,,,hymenopteran mimic
Erebidae: Arctiinae,Hypocrita_phanoptoides_904,EcEs-Lep-00002,10.76,25.46,0.42,33.7,678.87,1.67,84,144,PL: proxy. Measure repeated from EcEs-Lep-00049,,,Aposematic
Erebidae: Arctiinae,Hypocrita_sp_905,EcEs-Lep-00841,11.39,9.39,1.21,29.92,560.19,1.6,67,50,PL: average from all Hypocritas,,,Cryptic
Erebidae: Arctiinae,Hypocrita_sp_905,EcEs-Lep-01182,11.39,22.29,0.51,29.67,634.27,1.39,40,41,PL: average from all Hypocritas,,,beetle mimic
Erebidae: Arctiinae,Idalus_carinosa_933,EcEs-Lep-00144,8.42,13.69,0.61,15.2,97.4,2.37,194,49,,,,
Erebidae: Arctiinae,Idalus_carinosa_933,EcEs-Lep-00188,8.53,12.02,0.71,14.64,97.78,2.19,199,52,,,,
Erebidae: Arctiinae,Idalus_cf_aleteria_932,EcEs-Lep-00372,8,19.49,0.41,20.97,197.69,2.22,203,44,,,,
Erebidae: Arctiinae,Idalus_nr_sublineata_936,EcEs-Lep-00295,9.79,13.98,0.7,18.69,174.42,2,188,52,,,,
Erebidae: Arctiinae,Idalus_tybris_937,EcEs-Lep-00810,8.68,18.76,0.46,19.07,155.54,2.34,182,58,PL: average from all Idalus,,,
Erebidae: Arctiinae,Idalus_tybris_937,EcEs-Lep-08194,8.68,15.94,0.54,18.84,142.96,2.48,192,49,PL: average from all Idalus,,,
Erebidae: Arctiinae,Isanthrene_meridensis_831,EcEs-Lep-00196,8.37,13.63,0.61,16.2,84.96,3.09,90,135,,,,
Erebidae: Arctiinae,Isanthrene_meridensis_831,EcEs-Lep-05168,NA,16.08,NA,17.79,105.46,3,92,118,,,,
Erebidae: Arctiinae,Isanthrene_sp_832,EcEs-Lep-00008,7.66,12.97,0.59,14.89,77.58,2.86,86,116,,,,
Erebidae: Arctiinae,Isanthrene_sp_832,EcEs-Lep-00867,8.09,14.23,0.57,16.29,89.33,2.97,89,123,,,,
Erebidae: Arctiinae,Ischnognatha_nr_leucapera_939,EcEs-Lep-00541,10.41,15.72,0.66,16.95,150.14,1.91,133,104,,,,
Erebidae: Arctiinae,Ischnognatha_nr_leucapera_939,EcEs-Lep-07730,NA,16.28,NA,16.13,126.77,2.05,140,96,,,,
Sphingidae,Isognathus_scyron_106,EcEs-Lep-00084,32.35,36.95,0.88,34.29,499.84,2.35,65,45,,,,
Erebidae: Arctiinae,Isostola_cf_nigrivenata_1375,EcEs-Lep-04879,NA,21.25,NA,23.94,328.9,1.74,56,56,,,,
Erebidae: Arctiinae,Kirrostola_metaxantha_gr_940/941,EcEs-Lep-00096,8.23,13.23,0.62,12.63,69.29,2.3,140,62,,,,
Erebidae: Arctiinae,Kirrostola_metaxantha_gr_940/941,EcEs-Lep-00209,8.88,12.02,0.74,14,93.15,2.1,106,67,,,,
Erebidae: Arctiinae,Kirrostola_metaxantha_gr_940/941,EcEs-Lep-08256,NA,12.55,NA,13.65,93.88,1.98,92,82,,,,
Erebidae: Arctiinae,Lophocampa_sp_1357,EcEs-Lep-01176,7.76,13.62,0.57,19.17,148.51,2.47,177,56,PL: average from all Lophocampas,,,
Erebidae: Arctiinae,Lophocampa_sp_943,EcEs-Lep-00536,8.4,12.96,0.65,17.15,135.9,2.16,184,48,,,,
Erebidae: Arctiinae,Lophocampa_sp_943,EcEs-Lep-00871,8.63,13.73,0.63,16.59,123.44,2.23,160,54,,,,
Erebidae: Arctiinae,Lophocampa_sp_944,EcEs-Lep-00788,NA,10.73,NA,11.57,72.89,1.84,160,57,,,,
Erebidae: Arctiinae,Lophocampa_sp_944,EcEs-Lep-00913,5.98,12.35,0.48,15.82,114.25,2.19,167,54,,,,
Erebidae: Arctiinae,Lophocampa_sp_944,EcEs-Lep-07825,NA,13.26,NA,16.05,115.98,2.22,158,54,,,,
Erebidae: Arctiinae,Lophocampa_sp_945,EcEs-Lep-00790,7.76,10.5,0.74,14.68,98.63,2.18,175,52,PL: average from all Lophocampas,,,
Erebidae: Arctiinae,Lophocampa_sp_945,EcEs-Lep-01171,7.76,11.66,0.67,15.49,104.43,2.3,152,56,PL: average from all Lophocampas,,,
Erebidae: Arctiinae,Loxophlebia_cf_flavipicta_1253,EcEs-Lep-01142,8,8.95,0.89,9.62,30.64,3.02,120,84,PL: average from all Loxophlebias,,,
Erebidae: Arctiinae,Loxophlebia_cf_flavipicta_1253,EcEs-Lep-08745,8,9.04,0.88,8.98,26.12,3.09,114,98,PL: average from all Loxophlebias,,,
Erebidae: Arctiinae,Loxophlebia_cf_semifulva_997,EcEs-Lep-01145,8,9.42,0.85,9.79,39.04,2.46,130,104,PL: average from all Loxophlebias,,,
Erebidae: Arctiinae,Loxophlebia_sp_1272,EcEs-Lep-00199,6.99,9.72,0.72,10.73,40.45,2.85,107,129,,,,
Erebidae: Arctiinae,Loxophlebia_sp_1272,EcEs-Lep-00238,7.13,11.56,0.62,11.99,48.74,2.95,106,128,,,,
Erebidae: Arctiinae,Loxophlebia_sp_1272,EcEs-Lep-00246,7.26,9.74,0.75,11.46,44.65,2.94,91,136,,,,
Erebidae: Arctiinae,Loxophlebia_sp_1272,EcEs-Lep-00330,6.54,9.34,0.7,11.98,43.94,3.27,111,114,,,,
Erebidae: Arctiinae,Loxophlebia_sp_1272,EcEs-Lep-00519,NA,10.48,NA,11.13,39.19,3.16,93,131,,,,
Erebidae: Arctiinae,Lycomorphodes_correbiodes_gr_2096,EcEs-Lep-00058,2.98,6.42,0.47,8.03,34.2,1.88,114,51,,,,
Erebidae: Arctiinae,Lycomorphodes_correbiodes_gr_2096,EcEs-Lep-00251,2.85,6.66,0.43,8.64,35.67,2.09,110,52,,,,
Erebidae: Arctiinae,Lycomorphodes_correbiodes_gr_2096,EcEs-Lep-00259,3.3,5.82,0.57,8.67,37.18,2.02,103,52,,,,
Erebidae: Arctiinae,Macrocneme_semiviridis_219,EcEs-Lep-00022,8.04,14.23,0.56,17.67,121.28,2.58,44,24,,,,
Erebidae: Arctiinae,Macrocneme_semiviridis_219,EcEs-Lep-10960,NA,15.13,NA,18.26,123.42,2.7,39,22,,,,
Erebidae: Arctiinae,Macrocneme_sp_833,EcEs-Lep-00838,8.04,13.88,0.58,16.98,104.56,2.76,44,23,PL: proxy from semiviridis (0022),,,
Erebidae: Arctiinae,Macroptila_sp_857,EcEs-Lep-00292,8.49,12.27,0.69,17.82,196.1,1.62,163,60,,,,
Erebidae: Arctiinae,Macroptila_sp_857,EcEs-Lep-00294,7.71,7.63,1.01,17.96,187.97,1.72,223,19,,,,
Erebidae: Arctiinae,Macroptila_sp_857,EcEs-Lep-00793,NA,12.19,NA,15.7,158.62,1.55,142,66,,,,
Erebidae: Arctiinae,Macroptila_sp_857,EcEs-Lep-02148,NA,11.16,NA,15.33,112.39,2.09,169,41,,,,
Erebidae: Arctiinae,Macroptila_sp_857,EcEs-Lep-02149,NA,11.16,NA,14.35,124.85,1.65,169,60,,,,
Erebidae: Arctiinae,Macroptila_sp_857,EcEs-Lep-11504,NA,9.84,NA,17.8,98.26,3.23,203,32,,,,
Sphingidae,Manduca_dalica_107,EcEs-Lep-00382,96.09,48.42,1.98,52.83,1029.25,2.71,64,42,,,,
Sphingidae,Manduca_dalica_107,EcEs-Lep-01460,NA,50.08,NA,52.16,1091.08,2.49,69,50,,,,
Sphingidae,Manduca_florestan_112,EcEs-Lep-00078,70.61,45.92,1.54,50.39,1021.36,2.49,89,51,,,,
Sphingidae,Manduca_florestan_112,EcEs-Lep-01459,68.15,46.97,1.45,51.81,1144.7,2.34,88,67,"PL: average from 2 of Ugo's individuals (U_S1583, U_4567)",,,
Sphingidae,Manduca_peggyae_108,EcEs-Lep-01505,32.68,47.39,0.69,47.44,888.1,2.53,70,55,,,,
Sphingidae,Manduca_sp_140,EcEs-Lep-01629,61.8,39.81,1.55,47.11,779.22,2.85,108,54,PL: measure from 1 of Ugo's individuals (U_6781),,,
Sphingidae,Manduca_sp_141,EcEs-Lep-01630,64.96,42.22,1.54,47.99,976.31,2.36,116,52,PL: average from all measured Manducas,,,
Sphingidae,Manduca_sp_142,EcEs-Lep-01631,60.4,45.83,1.32,49.96,990,2.52,86,53,PL: measure from 1 of Ugo's individuals (U_3669),,,
Erebidae: Arctiinae,Melese_cf_asana_1041,EcEs-Lep-00018,8.12,11.35,0.71,11.86,88.56,1.59,106,73,,,,
Erebidae: Arctiinae,Melese_cf_asana_1041,EcEs-Lep-00141,8.02,13.01,0.62,14.98,114.25,1.97,114,66,,,,
Erebidae: Arctiinae,Melese_cf_asana_1041,EcEs-Lep-09774,NA,12.7,NA,14.39,103.87,1.99,113,60,,,,
Erebidae: Arctiinae,Melese_cf_incertus_1044,EcEs-Lep-00052,7.42,11.15,0.67,12.39,85.2,1.8,136,80,,,,
Erebidae: Arctiinae,Melese_cf_incertus_1044,EcEs-Lep-00067,7.48,11.06,0.68,12.33,91.62,1.66,130,77,,,,
Erebidae: Arctiinae,Melese_cf_incertus_1044,EcEs-Lep-00128,7.43,11.43,0.65,12.5,92.73,1.68,130,77,,,,
Erebidae: Arctiinae,Melese_cf_incertus_1044,EcEs-Lep-00143,8.5,14.07,0.6,16.65,145.43,1.91,144,62,,,,
Erebidae: Arctiinae,Melese_cf_incertus_1044,EcEs-Lep-00202,8.25,12.5,0.66,15.73,135.52,1.83,106,78,,,,
Erebidae: Arctiinae,Melese_cf_incertus_1044,EcEs-Lep-00241,6.87,11.01,0.62,12.15,88.64,1.67,167,62,,,,
Erebidae: Arctiinae,Melese_nr_intensa_948,EcEs-Lep-00112,12.58,16.66,0.76,23.39,258.45,2.12,92,70,,,,
Erebidae: Arctiinae,Melese_nr_intensa_948,EcEs-Lep-00198,11.49,17.92,0.64,20.39,204.56,2.03,94,90,,,,
Erebidae: Arctiinae,Melese_nr_intensa_948,EcEs-Lep-00235,9.6,16.64,0.58,20.57,201.31,2.1,92,88,,,,
Erebidae: Arctiinae,Melese_nr_intensa_948,EcEs-Lep-03377,NA,15.38,NA,17.26,148.77,2,120,59,,,,
Erebidae: Arctiinae,Melese_nr_laodamia_947,EcEs-Lep-00146,7.83,14.49,0.54,16.23,133.18,1.98,150,76,,,,
Erebidae: Arctiinae,Melese_nr_laodamia_947,EcEs-Lep-00208,8.03,14.62,0.55,15.84,120.6,2.08,182,73,,,,
Erebidae: Arctiinae,Melese_sp_1023,EcEs-Lep-00504,8.17,12.36,0.66,13.12,103.51,1.66,100,58,,,,
Erebidae: Arctiinae,Melese_sp_946,EcEs-Lep-00287,8.17,11.77,0.69,11.87,92.33,1.53,108,96,,,,
Erebidae: Arctiinae,Melese_sp_949,EcEs-Lep-00802,NA,13.18,NA,15.66,120.81,2.03,118,35,,,,
Erebidae: Arctiinae,Munona_sp_934,EcEs-Lep-00884,7.42,14.18,0.52,23.53,260.15,2.13,186,45,,,,
Erebidae: Arctiinae,Napata_leucotelus_847,EcEs-Lep-00565,NA,8.69,NA,11.01,50.55,2.4,62,46,,,,
Erebidae: Arctiinae,Napata_leucotelus_847,EcEs-Lep-05260,NA,13.73,NA,16.95,123.6,2.33,86,40,,,,
Erebidae: Arctiinae,"NN_""pink_Elysius""_11012",U_11012,25.39,28.22,0.9,39.03,NA,NA,NA,NA,"beetle mimic, aposematic",,,
Sphingidae,"NN_""small_Oryba""_10245",U_10245,NA,57.93,NA,48.38,NA,NA,NA,NA,Aposematic. Proboscis lost,,,
Sphingidae,"NN_""small_Oryba""_10245",U_1394,48.9,NA,NA,NA,NA,NA,NA,NA,Aposematic,,,
Sphingidae,"NN_""small_Oryba""_10245",U_1395,46.77,NA,NA,NA,NA,NA,NA,NA,Aposematic,,,
Sphingidae,"NN_""small_Oryba""_10245",U_4137,30.9,NA,NA,NA,NA,NA,NA,NA,Aposematic,,,
Sphingidae,"NN_""small_Oryba""_10245",U_8599,42.84,52.66,0.81,55.54,NA,NA,NA,NA,Aposematic,,,
Sphingidae,"NN_""small_Oryba""_10245",U_S754,46,NA,NA,NA,NA,NA,NA,NA,Aposematic,,,
Sphingidae,NN_131,EcEs-Lep-01128,53.98,49.69,1.09,56.07,1213.53,2.59,66,41,,,,
Erebidae: Arctiinae,NN_1334,EcEs-Lep-01149,NA,4.51,NA,5.05,17.42,1.47,164,48,,,,
Erebidae: Arctiinae,NN_1334,EcEs-Lep-11951,NA,3.75,NA,6.99,24.73,1.97,146,49,,,,
Erebidae: Arctiinae,NN_1345,EcEs-Lep-01152,NA,7.73,NA,10.63,58.91,1.92,85,37,,,,
Sphingidae,NN_135,EcEs-Lep-01591,43,42.58,1.01,42.54,755.97,2.39,71,52,PL: measurement from 1 of Ugo's individuals (U_4230),,,
Erebidae: Arctiinae,NN_1379,EcEs-Lep-01597,NA,10.22,NA,13.06,91.9,1.86,66,31,,,,
Erebidae: Arctiinae,NN_845,EcEs-Lep-00511,NA,11.09,NA,13.78,91.45,2.07,58,38,,,,
Erebidae: Arctiinae,NN_845,EcEs-Lep-08362,NA,11.25,NA,13.37,87.43,2.04,66,35,,,,
Erebidae: Arctiinae,NN_846,EcEs-Lep-00123,7.6,14.21,0.53,17.21,110.09,2.69,39,22,,,,
Erebidae: Arctiinae,NN_846,EcEs-Lep-00320,8.27,12.02,0.69,15.57,89.89,2.7,46,24,,,,
Erebidae: Arctiinae,NN_846,EcEs-Lep-00327,7.7,14.1,0.55,16.52,105.54,2.59,40,24,,,,
Erebidae: Arctiinae,NN_851,EcEs-Lep-00844,NA,10.64,NA,13.91,78.21,2.48,60,35,,,,
Erebidae: Arctiinae,NN_896,EcEs-Lep-00883,1.84,NA,NA,NA,NA,NA,NA,NA,,,,
Sphingidae,NN_Manduca_nr_florestan_9579,U_9579,52.56,41.68,1.26,44.44,NA,NA,NA,NA,cryptic,,,
Sphingidae,NN_Manduca_nr_florestan_9579,U_9580,78.73,49.64,1.59,47.32,NA,NA,NA,NA,cryptic,,,
Sphingidae,"NN_Xylophanes_""strange_patterns""_10931",U_10931,45.45,53.11,0.86,48.63,NA,NA,NA,NA,cryptic,,,
Sphingidae,"NN_Xylophanes_""strange_patterns""_10931",U_10932,43.01,51.35,0.84,46.67,NA,NA,NA,NA,cryptic,,,
Sphingidae,NN_Xylophanes_957,U_0957,37.49,45.07,0.83,39.25,NA,NA,NA,NA,cryptic,,,
Sphingidae,"NN_Zurcheri_""small""_1078",U_1078,39.13,50.19,0.78,38.85,NA,NA,NA,NA,cryptic,,,
Erebidae: Arctiinae,Ochrodota_pronapioides_951,EcEs-Lep-00192,4.56,10.39,0.44,14.68,129.97,1.66,161,48,,,,
Erebidae: Arctiinae,Ochrodota_pronapioides_951,EcEs-Lep-00512,NA,8.49,NA,12.13,92.84,1.58,166,39,,,,
Erebidae: Arctiinae,Ochrodota_sp_1077,EcEs-Lep-00502,4.56,14.02,0.33,16.16,156.7,1.67,146,58,PL: proxy from 192,,,
Erebidae: Arctiinae,Odozana_cf_inconspicua_1322,EcEs-Lep-00460,3.42,7.89,0.43,7.95,33.08,1.91,90,50,,,,
Erebidae: Arctiinae,Odozana_cf_inconspicua_1322,EcEs-Lep-11938,NA,6.4,NA,7.61,33.5,1.73,103,38,,,,
Erebidae: Arctiinae,Odozana_sp_879,EcEs-Lep-00528,3.42,6.32,0.54,8.37,36.7,1.91,88,45,PL: proxy from inconspicua (0460),,,
Erebidae: Arctiinae,Odozana_sp_879,EcEs-Lep-00554,3.42,8.97,0.38,9.35,48.57,1.8,70,36,,,,
Erebidae: Arctiinae,Ormetica_nr_contraria_1030,EcEs-Lep-01157,10.23,12.42,0.82,13.77,86.12,2.2,126,33,PL: average from all measured Ormeticas,,,
Erebidae: Arctiinae,Ormetica_nr_contraria_1030,EcEs-Lep-07905,10.23,15.78,0.65,17.08,129.88,2.25,158,54,PL: average from all measured Ormeticas,,,
Erebidae: Arctiinae,Ormetica_sp_993,EcEs-Lep-00310,9.59,16.23,0.59,17.58,131.87,2.34,70,72,,,,
Erebidae: Arctiinae,Ormetica_sp_993,EcEs-Lep-00433,10.63,18.16,0.59,18.52,137.13,2.5,52,63,,,,
Erebidae: Arctiinae,Ormetica_sypilus_2013,EcEs-Lep-00205,9.68,15.91,0.61,16.32,149.68,1.78,90,50,,,,
Erebidae: Arctiinae,Ormetica_sypilus_2013,EcEs-Lep-00280,10.05,16.16,0.62,17.14,132.72,2.21,88,52,,,,
Erebidae: Arctiinae,Ormetica_sypilus_2013,EcEs-Lep-01169,NA,14.45,NA,15.72,105.44,2.34,111,52,,,,
Erebidae: Arctiinae,Ormetica_sypilus_2013,EcEs-Lep-01286,11.19,16.42,0.68,18.49,148.93,2.3,88,78,,,,
Erebidae: Arctiinae,Ormetica_sypilus_2013,EcEs-Lep-01906,NA,16.96,NA,19.08,147.11,2.48,63,25,,,,
Sphingidae,Oryba_kadeni_127,EcEs-Lep-01457,NA,43.36,NA,52.78,1221.52,2.28,50,21,,,,
Sphingidae,Oryba_kadeni_127,U_9888,28.66,56.34,0.51,50.52,NA,NA,NA,NA,Aposematic,,,
Erebidae: Arctiinae,Pachydota_sp_1411,EcEs-Lep-03824,NA,21.78,NA,28.08,300.54,2.62,84,59,,,,
Erebidae: Arctiinae,Pachydota_sp_nr_952,EcEs-Lep-00804,NA,19.01,NA,24.1,257.83,2.25,94,58,,,,
Sphingidae,Pachylia_darceta_113,EcEs-Lep-00268,28.69,45.17,0.64,43.08,777.94,2.39,83,26,,,,
Sphingidae,Pachylia_darceta_113,EcEs-Lep-00271,39.64,52.58,0.75,58.71,1277.45,2.7,68,23,,,,
Erebidae: Arctiinae,Parathyris_cedonulli_954,EcEs-Lep-00111,5.69,21.24,0.27,31.49,455.99,2.18,103,67,,,,
Erebidae: Arctiinae,Parathyris_cedonulli_954,EcEs-Lep-08322,NA,20.61,NA,21.93,229,2.1,116,66,,,,
Erebidae: Arctiinae,Pareuchaetes_insulata_955,EcEs-Lep-00348,5.71,12.32,0.46,11.95,90.98,1.57,192,42,,,,
Erebidae: Arctiinae,Pareuchaetes_insulata_955,EcEs-Lep-08212,NA,12.98,NA,13.61,101.29,1.83,170,46,,,,
Erebidae: Arctiinae,Pelochyta_amyeaderae_1067,EcEs-Lep-00004,16.47,17.02,0.97,21.71,248.28,1.9,102,40,,,,
Erebidae: Arctiinae,Pelochyta_amyeaderae_1067,EcEs-Lep-00119,9.64,19.85,0.49,24.63,295.57,2.05,126,51,,,,
Erebidae: Arctiinae,Pelochyta_amyeaderae_1067,EcEs-Lep-00873,17.59,NA,NA,NA,NA,NA,NA,NA,,,,
Erebidae: Arctiinae,Pelochyta_amyeaderae_1067,EcEs-Lep-00879,9.67,NA,NA,NA,NA,NA,NA,NA,,,,
Erebidae: Arctiinae,Pelochyta_sp_1350,EcEs-Lep-01159,13.34,12.91,1.03,14.75,118.23,1.84,116,46,PL: average from all Pelochytas,,,
Erebidae: Arctiinae,Pelochyta_sp_1350,EcEs-Lep-03832,13.34,15.18,0.88,16.76,156.36,1.8,150,50,PL: average from all Pelochytas,,,
Erebidae: Arctiinae,Pelochyta_sp_1358,EcEs-Lep-01180,13.34,16.34,0.82,21.4,228.12,2.01,105,29,PL: average from all Pelochytas,,,
Erebidae: Arctiinae,Pelochyta_sp_1358,EcEs-Lep-03838,13.34,14.41,0.93,22.36,232.01,2.15,116,30,PL: average from all Pelochytas,,,
Erebidae: Arctiinae,Phaemolis_(cf)_cf_curvena_1360,EcEs-Lep-01179,11.59,16.53,0.7,20.57,213.04,1.99,106,38,PL: proxy from polystria (0261),,,
Erebidae: Arctiinae,Phaemolis_(cf)_cf_curvena_1360,EcEs-Lep-08295,11.59,18.69,0.62,20.91,200.01,2.19,107,38,PL: proxy from polystria (0261),,,
Erebidae: Arctiinae,Phaeomolis_nr_polystria_956,EcEs-Lep-00261,11.59,17.25,0.67,19.78,167.21,2.34,119,54,,,,
Erebidae: Arctiinae,Pheia_nr_albisigna_834,EcEs-Lep-00197,8.67,14.46,0.6,14.48,61.65,3.4,103,129,,,,
Erebidae: Arctiinae,Pheia_nr_albisigna_834,EcEs-Lep-00227,8.16,13.73,0.59,13.5,54.38,3.35,85,138,,,,
Erebidae: Arctiinae,Phoenicoprocta_(cf)_sp_1381,EcEs-Lep-04550,NA,14.85,NA,13.38,56.2,3.18,90,128,,,,
Erebidae: Arctiinae,Poecilosoma_sp_785,EcEs-Lep-00011,11.49,14.38,0.8,16.56,102.63,2.67,94,135,,,,
Erebidae: Arctiinae,Poecilosoma_sp_785,EcEs-Lep-00210,11.24,13.34,0.84,16.33,93.98,2.84,96,148,,,,
Erebidae: Arctiinae,Poecilosoma_sp_785,EcEs-Lep-05150,10.09,15.06,0.67,18.89,114.07,3.13,86,137,,,,
Erebidae: Arctiinae,Poecilosoma_sp_785,EcEs-Lep-08518,NA,12.93,NA,15.99,93.27,2.74,92,133,,,,
Erebidae: Arctiinae,Poliopastea_sp_835,EcEs-Lep-00322,7.44,12.4,0.6,15.31,82.87,2.83,48,30,,,,
Erebidae: Arctiinae,Poliopastea_sp_836,EcEs-Lep-00832,NA,12.63,NA,14.91,80.29,2.77,49,20,,,,
Erebidae: Arctiinae,Prepiella_pexicera_1326,EcEs-Lep-00060,NA,4.33,NA,6.54,25.82,1.66,139,30,,,,
Erebidae: Arctiinae,Prepiella_pexicera_1326,EcEs-Lep-00463,2.22,5.17,0.43,6.05,20.14,1.82,140,32,,,,
Erebidae: Arctiinae,Prepiella_pexicera_1326,EcEs-Lep-00590,2.89,4.89,0.59,5.98,19.03,1.88,149,31,,,,
Erebidae: Arctiinae,Prepiella_pexicera_1326,EcEs-Lep-00657,2.99,5.34,0.56,6.48,25.23,1.67,156,28,,,,
Erebidae: Arctiinae,Prosopidia_sp_1216,EcEs-Lep-00420,8.5,15.17,0.56,18.32,146.4,2.29,52,35,,,,
Sphingidae,Protambulux_eurycles_115,EcEs-Lep-00269,34,50.81,0.67,57.08,1030.36,3.16,129,60,,,,
Sphingidae,Protambulyx_sp_116,EcEs-Lep-01458,34,36.75,0.93,41.8,552.48,3.16,96,52,PL: Proxy from eurycles (0269),,,
Erebidae: Arctiinae,Pryteria_colombiana_958,EcEs-Lep-00801,NA,15.84,NA,16.59,113.72,2.42,88,80,,,,
Erebidae: Arctiinae,Pseudalyctia_sp_844,EcEs-Lep-00509,NA,11.67,NA,14.66,88.36,2.43,60,56,,,,
Erebidae: Arctiinae,Pseudalyctia_sp_844,EcEs-Lep-03981,NA,12.11,NA,14.26,84.78,2.4,57,47,,,,
Erebidae: Arctiinae,Pseudepimolis_sp_959,EcEs-Lep-00016,4.57,13.78,0.33,13.54,105.12,1.74,154,81,,,,
Erebidae: Arctiinae,Pseudepimolis_sp_959,EcEs-Lep-00213,4.57,13.63,0.34,13.2,103.33,1.69,159,84,,,,
Erebidae: Arctiinae,Pseudepimolis_sp_959,EcEs-Lep-00794,NA,11.87,NA,15.16,131.79,1.74,107,44,,,,
Erebidae: Arctiinae,Pseudepimolis_sp_959,EcEs-Lep-01170,NA,14.11,NA,17.55,161.32,1.91,132,44,,,,
Erebidae: Arctiinae,Pseudepimolis_sp_959,EcEs-Lep-04326,NA,13.67,NA,18.06,185.12,1.76,134,43,,,,
Erebidae: Arctiinae,Pseudepimolis_sp_959,EcEs-Lep-04373,NA,13.91,NA,17.75,180.12,1.75,146,48,,,,
Erebidae: Arctiinae,Pseudepimolis_sp_959,EcEs-Lep-07888,NA,14.99,NA,14.52,114.46,1.84,148,76,,,,
Erebidae: Arctiinae,Pseudepimolis_sp_960,EcEs-Lep-00215,4.2,11.85,0.35,16.72,155.72,1.79,129,69,,,,
Erebidae: Arctiinae,Pseudepimolis_sp_960,EcEs-Lep-00803,NA,13.55,NA,14.21,109.89,1.84,149,100,,,,
Erebidae: Arctiinae,Pseudepimolis_sp_960,EcEs-Lep-04329,NA,11.53,NA,5.91,16.78,2.08,112,32,,,,
Erebidae: Arctiinae,Pseudophaloe_tellinoides_906,EcEs-Lep-00840,NA,19.01,NA,29.35,530.74,1.62,42,63,,,,
Erebidae: Arctiinae,Pseudophaloe_tellinoides_906,EcEs-Lep-01183,NA,19.45,NA,23.14,341.94,1.57,42,24,,,,
Erebidae: Arctiinae,Pseudosphenoptera_nr_cocho_838,EcEs-Lep-00318,8.81,12.61,0.7,15.75,73.94,3.35,55,131,,,,
Erebidae: Arctiinae,Psilopleura_haematica_1113,EcEs-Lep-00242,5.61,8.63,0.65,11.93,58.06,2.45,91,114,,,,
Erebidae: Arctiinae,Psilopleura_haematica_1113,EcEs-Lep-00824,NA,10.23,NA,14.32,80.27,2.55,68,103,,,,
Erebidae: Arctiinae,Psilopleura_haematica_1113,EcEs-Lep-04143,NA,9.19,NA,12.71,68.94,2.34,60,102,,,,
Erebidae: Arctiinae,Psoloptera_thoracica_1228,EcEs-Lep-01165,NA,9.48,NA,15.28,80.5,2.9,58,31,,,,
Erebidae: Arctiinae,Rhabdatomis_sp_1055,EcEs-Lep-00159,2.64,7.12,0.37,9.3,49.33,1.75,162,29,,,,
Erebidae: Arctiinae,Rhabdatomis_sp_1055,EcEs-Lep-01148,NA,7.68,NA,9.54,55.03,1.65,138,36,,,,
Erebidae: Arctiinae,Rhabdatomis_sp_1055,EcEs-Lep-02303,NA,7.8,NA,10.12,57.42,1.78,172,39,,,,
Erebidae: Arctiinae,Rhabdatomis_sp_1055,EcEs-Lep-02304,NA,7.37,NA,8.42,44.56,1.59,166,46,,,,
Erebidae: Arctiinae,Rhabdatomis_sp_1055,EcEs-Lep-13639,NA,7.13,NA,8.86,40.11,1.96,153,29,,,,
Erebidae: Arctiinae,Ripha_flammans_961,EcEs-Lep-00275,6.85,26.26,0.26,29.5,401.8,2.17,104,148,,,,
Erebidae: Arctiinae,Robinsonia_deiopea_962,EcEs-Lep-00881,0.89,14.65,0.06,20.7,179.99,2.38,179,93,,,,
Erebidae: Arctiinae,Robinsonia_sp_1349,EcEs-Lep-01158,0.89,11.72,0.08,14.97,108.46,2.07,200,88,PL: proxy from deiopeia (0881),,,
Erebidae: Arctiinae,Robinsonia_sp_1349,EcEs-Lep-08275,0.89,13.92,0.06,14.94,90.92,2.46,144,87,PL: proxy from deiopeia (0881),,,
Erebidae: Arctiinae,Sarosa_(cf)_sp_839,EcEs-Lep-00826,NA,12.92,NA,17.34,104.97,2.86,107,102,,,,
Erebidae: Arctiinae,Saurita_(Valvaminor)_nr_temenus_1125,EcEs-Lep-00041,5.69,7.8,0.73,8.79,30.63,2.52,92,101,,,,
Erebidae: Arctiinae,Saurita_(Valvaminor)_nr_temenus_1125,EcEs-Lep-00194,5.56,8.46,0.66,10.57,42.57,2.62,102,102,,,,
Erebidae: Arctiinae,Saurita_(Valvaminor)_nr_temenus_1125,EcEs-Lep-01125,7.62,26.88,0.28,34.37,695.21,1.7,48,66,,,,
Erebidae: Arctiinae,Saurita_(Valvaminor)_nr_temenus_1125,EcEs-Lep-10146,NA,8.66,NA,9.44,38.79,2.3,86,45,,,,
Erebidae: Arctiinae,Saurita_cf_tipulina_1145,EcEs-Lep-00039,4.98,8.37,0.6,9.84,39.33,2.46,90,58,,,,
Erebidae: Arctiinae,Saurita_cf_tipulina_1145,EcEs-Lep-00240,5.15,8.54,0.6,10.17,39.01,2.65,100,68,,,,
Erebidae: Arctiinae,Saurita_cf_tipulina_1145,EcEs-Lep-00407,5.34,8.19,0.65,9.89,38.03,2.57,80,55,,,,
Erebidae: Arctiinae,Saurita_cf_tipulina_1145,EcEs-Lep-00591,5.04,9.7,0.52,10.24,37.51,2.79,90,61,,,,
Erebidae: Arctiinae,Saurita_cf_tipulina_1145,EcEs-Lep-01091,8.7,11.93,0.73,13.46,137.84,1.31,164,34,,,,
Erebidae: Arctiinae,Saurita_sanguinea_1142,EcEs-Lep-00042,5.39,8.23,0.65,10.93,38.97,3.07,80,44,PL: average of 00868 and 00877,,,
Erebidae: Arctiinae,Saurita_sp_1394,EcEs-Lep-05346,5.95,10.33,0.58,14.22,87.57,2.31,82,52,PL: average from all Sauritas,,,
Erebidae: Arctiinae,Saurita_sp_840,EcEs-Lep-00530,5.95,7.17,0.83,8.09,21.88,2.99,124,93,PL: average from all Sauritas,,,
Erebidae: Arctiinae,Saurita_sp_840,EcEs-Lep-10189,5.95,7.96,0.75,9.02,27,3.02,112,88,PL: average from all Sauritas,,,
Erebidae: Arctiinae,Saurita_sp_998,EcEs-Lep-01144,5.95,8.89,0.67,9.86,40.82,2.38,68,60,PL: average from all Sauritas,,,
Erebidae: Arctiinae,Scaptius_asteroides_963,EcEs-Lep-00020,8.48,15.1,0.56,17.63,150.53,2.07,143,43,,,,
Erebidae: Arctiinae,Scaptius_asteroides_963,EcEs-Lep-00260,9.03,13.53,0.67,13.76,101.68,1.86,162,69,,,,
Erebidae: Arctiinae,Scaptius_asteroides_963,EcEs-Lep-00349,8.21,12.28,0.67,13.08,94.38,1.81,164,60,,,,
Erebidae: Arctiinae,Scaptius_nr_chrysopera_964,EcEs-Lep-00516,9.21,10.55,0.87,11.59,70.91,1.89,164,57,PL: average from all Scaptius,,,
Erebidae: Arctiinae,Scaptius_nr_chrysopera_964,EcEs-Lep-08253,9.21,11.25,0.82,11.99,77.37,1.86,150,72,PL: average from all Scaptius,,,
Erebidae: Arctiinae,Scaptius_nr_vinasia_965,EcEs-Lep-00217,9.9,13.74,0.72,14.48,98.54,2.13,150,66,,,,
Erebidae: Arctiinae,Scaptius_nr_vinasia_965,EcEs-Lep-00432,10.43,14.13,0.74,15.69,122.74,2.01,122,78,,,,
Erebidae: Arctiinae,Scaptius_nr_vinasia_965,EcEs-Lep-04330,NA,13.88,NA,12.76,94.1,1.73,168,67,,,,
Erebidae: Arctiinae,Sciopsyche_nr_tropica_2009,EcEs-Lep-00836,NA,13.44,NA,18.88,131.94,2.7,42,31,,,,
Erebidae: Arctiinae,Sciopsyche_nr_tropica_2009,EcEs-Lep-08447,NA,11.51,NA,16.41,100.4,2.68,57,39,,,,
Erebidae: Arctiinae,Selenarctia_cf_schausi_1084,EcEs-Lep-00685,10.11,19.8,0.51,22.26,234.71,2.11,140,36,,,,
Erebidae: Arctiinae,Selenarctia_cf_schausi_1084,EcEs-Lep-08284,NA,19.95,NA,21.66,201.9,2.32,144,39,,,,
Erebidae: Arctiinae,Sutonocrea_cf_reducta_1356,EcEs-Lep-01172,NA,12.65,NA,14.35,91.79,2.24,166,54,,,,
Erebidae: Arctiinae,Sychesia_naias_966,EcEs-Lep-00467,12.67,17.48,0.72,24.11,307.59,1.89,70,64,,,,
Erebidae: Arctiinae,Sychesia_naias_966,EcEs-Lep-01312,12.51,20.68,0.6,24.74,324.6,1.89,60,54,,,,
Erebidae: Arctiinae,Symphlebia_nr_perflua_967,EcEs-Lep-00494,NA,15.55,NA,19.51,199.06,1.91,112,55,,,,
Erebidae: Arctiinae,Symphlebia_nr_perflua_967,EcEs-Lep-01081,3.26,16.76,0.19,24.87,306.82,2.02,98,49,,,,
Erebidae: Arctiinae,Symphlebia_tessellata_1260,EcEs-Lep-00795,3.06,15,0.2,17.84,161.5,1.97,120,86,PL: average from all Symphlebias,,,
Erebidae: Arctiinae,Symphlebia_tessellata_1260,EcEs-Lep-04928,3.06,17.44,0.18,18.68,185.3,1.88,133,85,PL: average from all Symphlebias,,,
Erebidae: Arctiinae,Symphlebia_tessellata_1260,EcEs-Lep-04929,3.06,19.17,0.16,23.38,272.84,2,85,67,PL: average from all Symphlebias,,,
Erebidae: Arctiinae,Talara_cf_lepida_1319,EcEs-Lep-00345,3.21,2.04,1.57,2.94,10.85,0.8,138,49,PL: average from all Talaras,,,
Erebidae: Arctiinae,Talara_cf_lepida_1319,EcEs-Lep-00558,3.21,7.51,0.43,6.51,23.31,1.82,108,45,PL: average from all Talaras,,,
Erebidae: Arctiinae,Talara_cf_lepida_1319,EcEs-Lep-12134,3.21,4.5,0.71,3.14,10.99,0.9,138,46,PL: average from all Talaras,,,
Erebidae: Arctiinae,Talara_cf_minynthadia_1336,EcEs-Lep-00193,3.91,3.58,1.09,7.18,29.98,1.72,112,42,,,,
Erebidae: Arctiinae,Talara_cf_minynthadia_1336,EcEs-Lep-01143,3.21,7.51,0.43,7.55,34.24,1.67,112,43,PL: average from all Talaras,,,
Erebidae: Arctiinae,Talara_cf_minynthadia_1336,EcEs-Lep-02258,3.21,5.13,0.63,7.73,34.06,1.75,106,47,PL: average from all Talaras,,,
Erebidae: Arctiinae,Talara_cf_violescens_1397,EcEs-Lep-00552,3.21,7.86,0.41,7.7,28.79,2.06,115,38,PL: average from all Talaras,,,
Erebidae: Arctiinae,Talara_cf_violescens_1397,EcEs-Lep-11907,3.21,7.21,0.45,6.9,27.25,1.75,109,34,PL: average from all Talaras,,,
Erebidae: Arctiinae,Talara_nr_cara_884,EcEs-Lep-00258,3.61,6.67,0.54,7.51,27.56,2.05,133,50,,,,
Erebidae: Arctiinae,Talara_nr_cara_884,EcEs-Lep-00403,3.57,6.31,0.57,7.1,26.11,1.93,114,40,,,,
Erebidae: Arctiinae,Talara_semiflava_882,EcEs-Lep-00036,3.9,5.55,0.7,8.06,31.83,2.04,74,48,,,,
Erebidae: Arctiinae,Talara_semiflava_882,EcEs-Lep-01151,NA,7.14,NA,8.36,33.2,2.1,102,74,,,,
Erebidae: Arctiinae,Talara_sp_883,EcEs-Lep-00191,1.07,1.66,0.65,2.69,8.46,0.85,164,55,,,,
Erebidae: Arctiinae,Talara_sp_883,EcEs-Lep-00556,NA,5.3,NA,5.74,18.67,1.77,150,34,,,,
Erebidae: Arctiinae,Talara_sp_883,EcEs-Lep-00560,NA,3.88,NA,5.87,18.02,1.91,110,48,,,,
Erebidae: Arctiinae,Telioneura_nr_glaucopsis_843,EcEs-Lep-00091,7.26,10.3,0.7,NA,NA,NA,56,50,,,,
Erebidae: Arctiinae,Telioneura_nr_glaucopsis_843,EcEs-Lep-00691,7.03,11.91,0.59,16.16,108.2,2.41,54,44,,,,
Erebidae: Arctiinae,Telioneura_nr_glaucopsis_843,EcEs-Lep-08562,NA,13.07,NA,14.59,90.74,2.35,82,66,,,,
Erebidae: Arctiinae,Theages_decorum_1278,EcEs-Lep-00006,7.8,13.92,0.56,20.31,196.32,2.1,90,62,,,,
Erebidae: Arctiinae,Theages_decorum_1278,EcEs-Lep-10408,NA,13.11,NA,16.87,146.64,1.94,96,61,,,,
Erebidae: Arctiinae,Theages_sp_819,EcEs-Lep-00823,7.81,12.19,0.64,16.33,125.07,2.13,134,82,PL: average from all measured Theages,,,
Erebidae: Arctiinae,Theages_sp_819,EcEs-Lep-10434,7.81,13.36,0.58,16.83,137.31,2.06,164,86,PL: average from all measured Theages,,,
Erebidae: Arctiinae,Thyrgis_militta_907,EcEs-Lep-00455,9.41,13.57,0.69,23.71,320.61,1.75,42,20,,,,
Erebidae: Arctiinae,Thysanoprymna_hampsoni_gr_2113,EcEs-Lep-00012,8.92,15.1,0.59,19.7,154.06,2.52,73,177,,,,
Erebidae: Arctiinae,Thysanoprymna_hampsoni_gr_2113,EcEs-Lep-00074,8.34,13.92,0.6,19.32,146.02,2.56,92,158,,,,
Erebidae: Arctiinae,Trichromia_cardinalis_gr_974,EcEs-Lep-00418,8.35,14.06,0.59,16.11,133.47,1.94,126,46,,,,
Erebidae: Arctiinae,Trichromia_cardinalis_gr_974,EcEs-Lep-01161,NA,12.04,NA,15.11,98.8,2.31,162,48,,,,
Erebidae: Arctiinae,Trichromia_cf_atta_970,EcEs-Lep-00077,7.15,9.64,0.74,10.61,76.24,1.48,158,47,,,,
Erebidae: Arctiinae,Trichromia_cf_atta_970,EcEs-Lep-00138,6.64,10.25,0.65,12.7,86.05,1.87,130,63,,,,
Erebidae: Arctiinae,Trichromia_cf_atta_970,EcEs-Lep-00237,7.58,11.43,0.66,13.08,94.05,1.82,137,70,,,,
Erebidae: Arctiinae,Trichromia_cf_atta_970,EcEs-Lep-04378,NA,10.62,NA,11.16,88.19,1.41,180,53,,,,
Erebidae: Arctiinae,Trichromia_cf_metapyria_1417,EcEs-Lep-01827,8.32,16.14,0.52,17.21,164.12,1.8,168,52,PL: average from all measured Trichromias,,,
Erebidae: Arctiinae,Trichromia_nr_discophora_973,EcEs-Lep-00076,12.74,18.32,0.7,20.21,189.82,2.15,138,44,,,,
Erebidae: Arctiinae,Trichromia_nr_discophora_973,EcEs-Lep-01861,NA,19.5,NA,18.06,141.21,2.31,126,32,,,,
Erebidae: Arctiinae,Trichromia_nr_discophora_973,EcEs-Lep-01864,NA,16.08,NA,17.55,139.51,2.21,138,48,,,,
Erebidae: Arctiinae,Trichromia_nr_rhodocraspis_971,EcEs-Lep-00148,8,12.45,0.64,15.2,111.18,2.08,124,60,,,,
Erebidae: Arctiinae,Trichromia_nr_rhodocraspis_971,EcEs-Lep-04297,NA,10.36,NA,13.43,89.71,2.01,111,43,PL: average from all measured Trichromias,,,
Erebidae: Arctiinae,Trichromia_sp_1416,EcEs-Lep-04327,8.32,11.88,0.7,14.17,90.77,2.21,149,50,,,,
Erebidae: Arctiinae,Trichromia_sp_969,EcEs-Lep-00097,8.87,11.82,0.75,13.34,80.73,2.2,160,69,,,,
Erebidae: Arctiinae,Trichromia_sp_969,EcEs-Lep-00206,9.44,12.25,0.77,13.64,77.04,2.42,142,77,,,,
Erebidae: Arctiinae,Trichromia_sp_969,EcEs-Lep-00225,9.21,10.78,0.85,13.74,85.02,2.22,146,66,,,,
Erebidae: Arctiinae,Trichromia_sp_969,EcEs-Lep-04318,NA,12.28,NA,13.06,80.1,2.13,138,84,,,,
Erebidae: Arctiinae,Trichromia_sp_972,EcEs-Lep-00158,6.66,9.48,0.7,9.96,46.94,2.12,88,66,,,,
Erebidae: Arctiinae,Trichromia_sp_972,EcEs-Lep-00254,6.14,7.4,0.83,9.68,42.5,2.21,132,45,,,,
Erebidae: Arctiinae,Trichromia_sp_972,EcEs-Lep-04353,NA,8.48,NA,11.02,62.23,1.95,94,56,,,,
Erebidae: Arctiinae,Trichromia_sp_975,EcEs-Lep-00782,8.32,9.2,0.9,11.2,55.88,2.25,84,40,PL: average from all measured Trichromias,,,
Erebidae: Arctiinae,Trichromia_sp_976,EcEs-Lep-00784,8.32,11.2,0.74,10.58,50.3,2.22,119,71,PL: average from all measured Trichromias,,,
Erebidae: Arctiinae,Trichromia_sp_976,EcEs-Lep-04333,8.32,8.99,0.93,10.13,49.88,2.06,162,58,PL: average from all measured Trichromias,,,
Erebidae: Arctiinae,Trichromia_sp_977,EcEs-Lep-00786,8.32,9.28,0.9,10.94,55.22,2.17,172,55,PL: average from all measured Trichromias,,,
Erebidae: Arctiinae,Trichromia_sp_977,EcEs-Lep-01146,8.32,10.61,0.78,12.1,68.76,2.13,158,84,PL: average from all measured Trichromias,,,
Erebidae: Arctiinae,Trichromia_sp_978,EcEs-Lep-00634,9.44,11.55,0.82,12.18,78.57,1.89,132,63,,,,
Erebidae: Arctiinae,Trichromia_sp_978,EcEs-Lep-00772,8.4,10.06,0.83,12.85,70.51,2.34,97,53,,,,
Erebidae: Arctiinae,Tricypha_imperialis_980,EcEs-Lep-00030,9.48,14.24,0.67,16.09,168.43,1.54,150,51,,,,
Erebidae: Arctiinae,Uranophora_walkeri_1176,EcEs-Lep-00663,5.78,11.07,0.52,14.04,98.1,2.01,150,37,,,,
Erebidae: Arctiinae,Uranophora_walkeri_1176,EcEs-Lep-01826,6.14,11.39,0.54,13.73,93.24,2.02,170,55,PL: average of 00988 and 01137,,,
Erebidae: Arctiinae,Virbia_spp_766,EcEs-Lep-00010,0.1,10.69,0.01,13.32,100.51,1.77,54,55,"NO proboscis (0,1 used for the sake of calculations)",,,
Erebidae: Arctiinae,Virbia_spp_766,EcEs-Lep-00367b,0.1,NA,NA,NA,NA,NA,NA,NA,"NO proboscis (0,1 used for the sake of ccalculations)",,,
Erebidae: Arctiinae,Virbia_spp_766,EcEs-Lep-00491,0.1,12.16,0.01,19.04,206.19,1.76,80,67,"NO proboscis (0,1 used for the sake of ccalculations)",,,
Erebidae: Arctiinae,Virbia_spp_766,EcEs-Lep-00503,0.1,11.54,0.01,15.4,133.3,1.78,88,66,"NO proboscis (0,1 used for the sake of ccalculations)",,,
Erebidae: Arctiinae,Virbia_spp_766,EcEs-Lep-00798,0.1,10.1,0.01,12.18,90.08,1.65,77,68,"NO proboscis (0,1 used for the sake of ccalculations)",,,
Erebidae: Arctiinae,Virbia_spp_766,EcEs-Lep-00800,0.1,14.38,0.01,21.34,255.47,1.78,68,66,"NO proboscis (0,1 used for the sake of ccalculations)",,,
Erebidae: Arctiinae,Virbia_spp_766,EcEs-Lep-02511,0.1,9.95,0.01,13.11,94.62,1.82,56,67,"NO proboscis (0,1 used for the sake of ccalculations)",,,
Erebidae: Arctiinae,Virbia_spp_766,EcEs-Lep-02513,0.1,10.78,0.01,13.85,114.38,1.68,60,73,"NO proboscis (0,1 used for the sake of ccalculations)",,,
Erebidae: Arctiinae,Viviennea_momyra_981,EcEs-Lep-00176,9.86,16.03,0.62,17.92,129.95,2.47,60,80,,,,
Erebidae: Arctiinae,Watsonidia_reimonan_982,EcEs-Lep-00130,9.35,NA,NA,NA,NA,NA,NA,NA,,,,
Erebidae: Arctiinae,Watsonidia_reimonan_982,EcEs-Lep-00371,7.91,14.08,0.56,15.27,133.82,1.74,154,52,,,,
Erebidae: Arctiinae,Xenosoma_cf_bryki_908,EcEs-Lep-00485,NA,16.45,NA,22.69,344.18,1.5,192,77,,,,
Sphingidae,Xylophanes_corpus_124,EcEs-Lep-00267,27.91,36.15,0.77,32.84,409.86,2.63,70,44,,,,
Sphingidae,Xylophanes_corpus_124,EcEs-Lep-00385,26.86,38.69,0.69,34.39,429.96,2.75,53,24,,,,
Sphingidae,Xylophanes_loelia_121,EcEs-Lep-00454,36.92,40.54,0.91,32.78,367.02,2.93,80,33,,,,
Sphingidae,Xylophanes_small_nr_143,U_9891,38.59,41.91,0.92,37.61,NA,NA,NA,NA,cryptic,,,
Sphingidae,Xylophanes_sp_118,EcEs-Lep-00472,45.5,53.19,0.86,45.56,783.48,2.65,60,38,PL: measurement from 1 of Ugo's individuals (U_S1395),,,
Sphingidae,Xylophanes_sp_123,EcEs-Lep-00615,34.07,47.78,0.71,41.13,683.3,2.48,76,44,,,,
Sphingidae,Xylophanes_sp_136,EcEs-Lep-01593,30.5,39.22,0.78,33.17,377.63,2.91,73,33,PL: measurement from 1 of Ugo's individuals (U_4228),,,
Sphingidae,Xylophanes_sp_139,EcEs-Lep-01628,32.1,49.36,0.65,41.31,707.37,2.41,66,48,PL: measurement from 1 of Ugo's individuals (U_6783),,,
Sphingidae,Xylophanes_sp_143,EcEs-Lep-01623,31.6,24.57,1.29,35.04,602.04,2.04,62,34,PL: measurement from 1 of Ugo's individuals (U_4568),,,
Sphingidae,Xylophanes_thyelia_117,EcEs-Lep-00383,28.86,27.68,1.04,24.06,194.93,2.97,96,47,,,,
Sphingidae,Xylophanes_titana_120,EcEs-Lep-00384,32.56,42.03,0.77,33.45,375.09,2.98,54,52,,,,
Sphingidae,Xylophanes_zurcheri_122,EcEs-Lep-00473,43.8,47.48,0.92,43.1,793.46,2.34,56,28,"PL: average from 5 of Ugo's individuals (U_1388, U_1399, U_S993, S_1195, U_4564)",,,
Erebidae: Arctiinae,Zatrephes_sp_983,EcEs-Lep-00276,1,16,0.06,16.38,169.33,1.58,130,40,"""short"" measurement. 1,0 used as approximation",,,
Erebidae: Arctiinae,Zatrephes_sp_983,EcEs-Lep-00807,NA,15.45,NA,23.15,289.7,1.85,145,29,,,,
