Species,Family,Genus,Species_name,Lifeform-Habit,log_density-factor,Length_Av[mm],Width_Av[mm],FlowerShape,FlowerColour1,FlowerColour2,FlowerSymmetry,PollinationSyndrome,MainResource,Idv_total
M0002,Apocynaceae,Allamanda,Allamanda_cathartica,ScramblingShrub,100,36.8,27,Funnelform,Yellow,NA,Actinomorphic,Melittophil,Nectar,6
M0003,Gesneriaceae,Drymonia,Drymonia_cf._Alloplectoides,ScramblingShrub,1,35.3,16.7,Campanulate,White,Pink,Zygomorphic,Melittophil,Nectar,2
M0004,Bignoniaceae,NA,NA,NA,100,38.5,15.3,Funnelform,Pink,White,Zygomorphic,Melittophil,Nectar,4
M0005,Malvaceae,Apeiba,Apeiba_membranacea,Tree,10000,0,7.5,Rotate,Yellow,NA,Actinomorphic,Melittophil,Pollen,23
M0006,Annonaceae,Annona,Annona_sp.,Tree,1000,6.7,10.7,Crateriform,White,Green,Actinomorphic,Cantharophil,FleshyParts,4
M0007,Fabaceae,Desmodium,Desmodium_sp.1,SubshrubOrShrub,1,3.8,2.2,Papilionate,Pink,NA,Zygomorphic,Melittophil,Nectar,8
M0008,Fabaceae,Desmodium,Desmodium_sp._2,HerbGeneral,1,1.6,2.9,Papilionate,Pink,NA,Zygomorphic,Melittophil,Nectar,24
M0009,Ochnaceae,Sauvagesia,Sauvagesia_erecta,Annual,1,0,1.6,Rotate,White,Pink,Actinomorphic,Melittophil,Pollen,263
M0010,Haemodoraceae,Xiphidium,Xiphidium_caeruleum,Geophyte,10,0,2.9,Rotate,White,NA,Actinomorphic,Melittophil,"Pollen, Scents",25
M0011,Urticaceae,Cecropia,Cecropia_sp.,Tree,10000,0,0.6,Spike,White,NA,Actinomorphic,Ambophil,Pollen,5
M0012,Lecythidaceae,Eschweilera,Eschweilera_cf._Rimbachii,Tree,1000,0,16.6,Brushform,Purple,Yellow,Zygomorphic,Melittophil,"Pollen, Nectar",2
M0013,NA,NA,NA,NA,10,48.5,13.1,Tubulate,Yellow,Red,Zygomorphic,Ornithophil,Nectar,1
M0014,Lecythidaceae,Grias,Grias_peruviana,Tree,1000,0,16.2,Rotate,Yellow,NA,Actinomorphic,Melittophil,"Pollen, Nectar",5
M0016,Malvaceae,Theobroma,Theobroma_cacao,Tree,100,0.1,2.8,Rotate,White,Purple,Actinomorphic,"Myophil, Myrmecophil, Melittophil",Pollen,459
M0017,Heliconiaceae,Heliconia,Heliconia_sp._1,SubshrubOrShrub,10,50.2,19.3,Tubulate,Red,NA,Zygomorphic,Ornithophil,Nectar,1
M0018,Gesneriaceae,Gasteranthus,Gasteranthus_sp._1,SubshrubOrShrub,1,16.1,3.2,Urceolate,Red,NA,Zygomorphic,Ornithophil,Nectar,3
M0019,Araliaceae,Hydrocotyle,Hydrocotyle_bonplandii,Perennial,10,0.1,0.1,Brushform,White,NA,Actinomorphic,SDI,"Pollen, Nectar",468
M0020,Asteraceae,Emilia,Emilia_cf._Sonchifolia,HerbGeneral,10,5.4,0.6,Capitulate,Pink,NA,Actinomorphic,Psychophil,Nectar,372
M0021,Asteraceae,Adenostemma,cf._Adenostemma_sp.,Perennial,10,2.7,1,Capitulate,White,NA,Actinomorphic,Psychophil,Nectar,35
M0022,Fabaceae,Desmodium,Desmodium_sp._3,SubshrubOrShrub,10,2.1,3.1,Papilionate,Pink,NA,Zygomorphic,Melittophil,Nectar,24
M0023,Gesneriaceae,Drymonia,Drymonia_cf._Coriacea,EpiphyticShrub,10,23.1,4.1,Saccate,Yellow,Red,Zygomorphic,Ornithophil,Nectar,1
M0024,Asteraceae,Ageratum,Ageratum_conyzoides,Annual,10,3.6,0.5,Capitulate,White,Pink,Actinomorphic,"Tripophil, Melittophil","Nectar, Pollen",61
M0025,Lamiaceae,NA,NA,HerbGeneral,10,2.1,0.9,Labiate,White,NA,Zygomorphic,Melittophil,Nectar,409
M0026,Acanthaceae,Asystasia,Asystasia_intrusa,Annual,1,11.7,5.2,Campanulate,White,Purple,Zygomorphic,Melittophil,Nectar,50
M0027,Malvaceae,Sida,Sida_cf._Poeppigiana,SubshrubOrShrub,1,0,4,Rotate,Yellow,Orange,Actinomorphic,Melittophil,Nectar,20
M0028,Commelinaceae,Aneilema,Aneilema_umbrosum,Perennial,10,0,1.3,Papilionate,White,Yellow,Zygomorphic,Melittophil,Pollen,281
M0029,Orchidaceae,Erycina,Erycina_pusilla,Epiphyte,1,0,4,OrchidFlower,Yellow,Orange,Zygomorphic,Melittophil,Deception,5
M0030,Maranthaceae,Goeppertia,Goeppertia_cf._Cyclophora,Perennial,1,23.8,2.7,Tubulate,White,Purple,Zygomorphic,Ornithophil,Nectar,3
M0031,Rubiaceae,Sabicea,Sabicea_villosa,ScramblingShrub,10,6.1,1.4,Tubulate,White,NA,Actinomorphic,Phalenophil,Nectar,28
M0032,Rubiaceae,Spermacoce,Spermacoce_cf._Remota,Annual,10,2.6,0.8,Tubulate,White,NA,Actinomorphic,Phalenophil,Nectar,1020
M0033,Maranthaceae,Ischnosiphon,Ischnosiphon_leucophaeus,Geophyte,10,10.5,3.4,Tubulate,White,NA,Zygomorphic,"Phalenophil, Sphingophil",Nectar,9
M0034,Solanaceae,Solanum,Solanum_sp._1,SubshrubOrShrub,10,0,2.3,Rotate,White,Yellow,Actinomorphic,Melittophil,Pollen,49
M0035,Asteraceae,Mikania,Mikania_sp._1,ScramblingShrub,100,4.1,1.7,Capitulate,White,NA,Actinomorphic,SDI*,Nectar,29
M0036,Malvaceae,Urena,Urena_lobata,SubshrubOrShrub,10,0,5,Rotate,Pink,NA,Actinomorphic,Melittophil,Nectar,178
M0037,Melastomataceae,Miconia,Miconia_cf._Granatensis,Perennial,100,4,1.7,Brushform,White,Purple,Actinomorphic,Melittophil,Pollen,42
M0038,Gesneriaceae,Drymonia,Drymonia_warszewicziana,EpiphyticShrub,1,28.1,8.6,Tubulate,White,Yellow,Zygomorphic,Melittophil,Nectar,6
M0039,Fabaceae,Mimosa,Mimosa_polydactyla,ScramblingShrub,10,1.9,1.5,Brushform,White,NA,Actinomorphic,Melittophil,Nectar,1
M0040,Fabaceae,Inga,Inga_sp._1,Tree,1000,4.9,1.7,Brushform,White,NA,Actinomorphic,Phalenophil,Nectar,6
M0041,Bromeliaceae,Guzmania,Guzmania_remyi,Epiphyte,10,17,4.1,Tubulate,White,Pink,Actinomorphic,Ornithophil,Nectar,3
M0043,Myristicaceae,Virola,Virola_sp._1_(reidii_or_pavonis),Tree,10000,1.9,2.1,Crateriform,Yellow,NA,Actinomorphic,SDI,Nectar,3
M0044,Myristicaceae,Otoba,Otoba_novogranatensis,Tree,10000,0,1.3,Cruciform,Green,White,Actinomorphic,Cantharophil,"Pollen, Nectar",4
M0045,Rubiaceae,Alibertia,cf._Alibertia_patinoi,Tree,1000,35.1,6.5,Tubulate,White,Green,Actinomorphic,Sphingophil,Nectar,2
M0046,Salicaceae,Xylosma,Xylosma_tessmannii,Tree,10000,0,2.2,Cyanthiform,Yellow,Green,Actinomorphic,Melittophil,"Pollen, Nectar",1
M0047,Rubiaceae,Psychotria,Psychotria_sp._1,ShrubOrTree,1000,2.4,2.6,Crateriform,White,NA,Actinomorphic,Melittophil,Nectar,1
M0048,Rubiaceae,Faramea,Faramea_sp._1,SubshrubOrShrub,100,7.2,1.4,Tubulate,Blue,NA,Actinomorphic,"Phalenophil, Melittophil",Nectar,8
M0049,Arecaceae,Wettinia,Wettinia_quinaria,Tree,10000,0,4.3,Rotate,White,NA,Actinomorphic,Cantharophil,Pollen,13
M0050,Malphigiaceae,NA,NA,Tree,1000,0,5.2,Rotate,Yellow,NA,Zygomorphic,Melittophil,Oils,2
M0051,Arecaceae,Iriartea,cf._Iriartea_deltoidea,Tree,10000,0,3,Rotate,White,NA,Actinomorphic,Melittophil,Pollen,3
M0052,Gesneriaceae,Columnea,Columnea_cf._Herthae,Epiphyte,10,17,3,Tubulate,Red,Yellow,Zygomorphic,Ornithophil,Nectar,17
M0053,Gesneriaceae,Drymonia,Drymonia_cf._Dodsonii,SubshrubOrShrub,10,18.5,3.5,Saccate,Red,Yellow,Zygomorphic,Ornithophil,Nectar,3
M0054,Fabaceae,Swartzia,Swartzia_haughtii,Tree,1000,0,7.9,Papilionate,Yellow,NA,Zygomorphic,Melittophil,Pollen,1
M0055,Apocynaceae,Prestonia,Prestonia_aff._Ipomaeifolia,Climber,100,20.2,5.8,Tubulate,Yellow,NA,Actinomorphic,Psychophil,Nectar,4
M0057,Staphyleaceae,Turpinia,Turpinia_occidentalis,Tree,10000,3.1,2.1,Urceolate,White,NA,Actinomorphic,SDI*,Nectar,12
M0058,Burseraceae,Protium,cf._Protium_sp._1,Tree,1000,6,3.6,Funnelform,White,Yellow,Actinomorphic,SDI,NA,1
M0059,Melastomataceae,Miconia,Miconia_cf._Oraria,Tree,10000,0,6.1,Crateriform,Pink,White,Actinomorphic,Melittophil,Pollen,20
M0060,Gesneriaceae,Gasteranthus,Gasteranthus_cf._timidus,SubshrubOrShrub,10,0,8.6,Cyanthiform,White,Green,Zygomorphic,Melittophil,Nectar,18
M0061,Schlegeliaceae,Exarata,Exarata_chocoensis,Tree,1000,38.3,13.3,Funnelform,Pink,White,Zygomorphic,Melittophil,Nectar,3
M0062,Apocynaceae,Tabernaemontana,cf._Tabernaemontana_sp.,ShrubOrTree,1000,27.1,2.7,Tubulate,White,NA,Actinomorphic,Sphingophil,Nectar,1
M0063,Melastomataceae,Blakea,Blakea_sp._1,NA,100,0,15.8,Rotate,Pink,White,Zygomorphic,"Melittophil, Therophil",Nectar,1
M0064,Piperaceae,Piper,Piper_sp._1,SubshrubOrShrub,1000,0,0.1,Spike,White,NA,Incomplete,SDI,Pollen,80
M0065,Asteraceae,Schistocarpha,Schistocarpha_eupatorioides,SubshrubOrShrub,100,5.5,1,Capitulate,Yellow,NA,Actinomorphic,Melittophil,Nectar,10
M0066,Fabaceae,Phaseolus,cf._Phaseolus_sp.,HerbGeneral,10,4.3,2.8,Papilionate,Pink,Purple,Zygomorphic,Melittophil,Nectar,3
M0067,Costaceae,Costus,Costus_pulverulentus,Geophyte,1,33.5,6,Tubulate,Red,White,Zygomorphic,Ornithophil,Nectar,18
M0068,Melastomataceae,Miconia,Miconia_nervosa,SubshrubOrShrub,100,3.8,2,Urceolate,White,Orange,Zygomorphic,Melittophil,Pollen,49
M0069,Maranthaceae,Calathea,Calathea_lutea,Perennial,10,35.3,4.4,Tubulate,Yellow,NA,Asymmetric,Melittophil,Nectar,4
M0070,Piperaceae,NA,NA,SubshrubOrShrub,100,0,0.1,Spike,White,NA,Incomplete,SDI,Pollen,1
M0071,Fabaceae,Inga,Inga_sp._2,Tree,1000,24.8,3.3,Tubulate,White,Green,Actinomorphic,Sphingophil,Nectar,1
M0072,Rubiaceae,NA,NA,NA,100,0,1.7,Crateriform,Yellow,White,Actinomorphic,NA,NA,1
M0073,Schlegeliaceae,Schlegelia,Schlegelia_fastigiata,Epiphyte,100,17.4,5.1,Tubulate,White,Pink,Zygomorphic,Ornithophil,Nectar,1
M0074,Ericaceae,Cavendishia,Cavendishia_sp._1,EpiphyticShrub,100,30.2,4,Tubulate,White,Pink,Actinomorphic,Ornithophil,Nectar,20
M0075,Rubiaceae,Hillia,Hillia_palmana,Epiphyte,10,22.5,2.2,Tubulate,White,NA,Actinomorphic,Sphingophil,Nectar,1
M0076,Gesneriaceae,Nomopyle,Nomopyle/_Monopyle_dodsonii,Geophyte,1,13.8,14,Funnelform,White,Purple,Zygomorphic,Melittophil,Nectar,28
M0077,Solanaceae,Solanum,Solanum_sp._2,SubshrubOrShrub,1000,0,3.1,Rotate,Purple,Yellow,Actinomorphic,Melittophil,Pollen,10
M0078,Melastomataceae,Miconia,Miconia_rubescens,SubshrubOrShrub,100,0,1.6,Cruciform,White,Yellow,Zygomorphic,Melittophil,Pollen,16
M0079,Gentianaceae,Chelonanthus,Helia_alata,Annual,10,19.5,12.4,Campanulate,Green,Yellow,Zygomorphic,Chiropterophil,Nectar,120
M0080,Rubiaceae,Coffea,Coffea_arabica,Tree,100,0,3.1,Tubulate,White,NA,Actinomorphic,Melittophil,Nectar,1
M0081,Cyperaceae,Cyperus,Cyperus_luzulae,Perennial,100,0,1.4,Capitulate,Green,White,Actinomorphic,Anemophil ,Pollen,1205
M0082,Solanaceae,NA,NA,NA,100,0,2.3,Rotate,Green,Yellow,Actinomorphic,Melittophil,Pollen,14
M0083,Lamiaceae,Hyptis,Hyptis_verticillata,SubshrubOrShrub,100,1.3,1,Labiate,White,NA,Zygomorphic,Melittophil,Nectar,6
M0084,Onagraceae,Ludwigia,Ludwigia_erecta,SubshrubOrShrub,10,0,3.2,Cruciform,Yellow,NA,Actinomorphic,Melittophil,Nectar,71
M0085,Onagraceae,Ludwigia,Ludwigia_octovalvis,SubshrubOrShrub,10,0,4.3,Cruciform,Yellow,NA,Actinomorphic,Melittophil,Nectar,44
M0086,Lamiaceae,Hyptis,cf._Hyptis_sp._1,HerbGeneral,100,2.5,0.9,Labiate,White,NA,Zygomorphic,Melittophil,Nectar,131
M0087,Rubiaceae,Gonzalagunia,Gonzalagunia_hirsuta,SubshrubOrShrub,10,6.6,1.3,Tubulate,White,NA,Actinomorphic,Phalenophil,Nectar,8
M0088,Rubiaceae,Isertia,Isertia_pittieri,Tree,1000,66.3,8.6,Tubulate,White,NA,Actinomorphic,Sphingophil,Nectar,30
M0089,Verbenaceae,Lantana,Lantana_cf._Camara,SubshrubOrShrub,100,8.5,1,Tubulate,Orange,Yellow,Actinomorphic,Psychophil,Nectar,13
M0090,Boragniaceae,Varronia,cf._Varronia_sp.,SubshrubOrShrub,1000,4.1,3.5,Cyanthiform,White,NA,Actinomorphic,Melittophil,Nectar,6
M0091,Siparunaceae,Siparuna,Siparuna_cf._Thecaphora,SubshrubOrShrub,1000,0,5.6,Rotate,White,Yellow,Actinomorphic,SDI,Deception,2
M0092,Melastomataceae,Nepsera,Nepsera_aquatica,SubshrubOrShrub,10,2.2,1.5,Cruciform,White,Purple,Zygomorphic,Melittophil,Pollen,128
M0093,Melastomataceae,Miconia ,Miconia_conocuatrecasasii,Tree,1000,5.7,4.6,Cyanthiform,Pink,Yellow,Zygomorphic,Melittophil,Pollen,8
M0094,Gesneriaceae,Gasteranthus,Gasteranthus_villosus,SubshrubOrShrub,1,36.8,14.7,Campanulate,Yellow,Purple,Zygomorphic,Melittophil,Nectar,130
M0095,Phytolaccaceae,Phytolacca,Phytolacca_cf._rivinioides,SubshrubOrShrub,100,0,2,Crateriform,Pink,Green,Actinomorphic,Melittophil,Nectar,3
M0096,Melastomataceae,Triolena,Triolena_sp._1,HerbGeneral,1,0,2.5,Rotate,Pink,Yellow,Zygomorphic,Melittophil,Pollen,23
M0097,Solanaceae,Witheringia,Witheringia_solanacea,SubshrubOrShrub,100,1.5,2.1,Rotate,White,NA,Actinomorphic,Melittophil,Pollen,3
M0098,Commelinaceae,Tripogandra,Tripogandra_serrulata,SubshrubOrShrub,10,1.3,2.1,Rotate,White,Yellow,Zygomorphic,Melittophil,Pollen,2
M0099,Campanulaceae,Burmeistera,Burmeistera_cf._smaragdi,SubshrubOrShrub,1,14.4,5.2,Campanulate,White,Green,Zygomorphic,Chiropterophil,Nectar,2
M0100,Rubiaceae,Hamelia,Hamelia_macrantha,SubshrubOrShrub,100,27.4,8.8,Campanulate,Yellow,NA,Actinomorphic,Melittophil,Nectar,4
M0101,Gesneriaceae,Trichodrymonia,Trichodrymonia_hypocyrta,Perennial,10,23.9,3.9,Saccate,White,Red,Zygomorphic,Ornithophil,Nectar,25
M0102,Begoniaceae,Begonia,Begonia_semiovata,Annual,10,0,1.2,Rotate,White,Yellow,Zygomorphic,Melittophil,Pollen,5
M0103,Loasaceae,Klaprothia,Klaprothia_fasciculata,Annual,100,2,1.2,Crateriform,White,NA,Actinomorphic,SDI,Nectar,1
M0104,Piperaceae,Piper,Piper_sp._2,SubshrubOrShrub,1000,0,0.1,Spike,White,NA,Incomplete,SDI,Pollen,24
M0105,Gesneriaceae,Monopyle,Monopyle_sodiroana,HerbGeneral,1,14,10.1,Funnelform,Purple,White,Zygomorphic,Melittophil,Nectar,168
M0106,Melastomataceae,Aciotis,cf._Aciotis_sp._1,HerbGeneral,10,2.4,1.2,Cyanthiform,Pink,White,Zygomorphic,Melittophil,Pollen,57
M0107,Lamiaceae,Hyptis,cf._Hyptis_sp._2,HerbGeneral,100,1.5,0.8,Labiate,White,NA,Zygomorphic,Melittophil,Nectar,567
M0108,Melastomataceae,Miconia,Miconia_cf._Dependens,SubshrubOrShrub,100,2.4,3.8,Cyanthiform,White,Green,Actinomorphic,Melittophil,Pollen,7
M0109,Cyperaceae,Rhynchospora,Rhynchospora_cf._Radicans,Perennial,10,5.1,2.1,Tubulate,White,NA,Actinomorphic,Ambophil,Pollen,37
M0110,Melastomataceae,Chaetogastra,cf._Chaeotgastra_sp.,HerbGeneral,1,2,4.9,Cruciform,Pink,Yellow,Zygomorphic,Melittophil,Pollen,12
M0111,Lythraceae,Cuphea,Cuphea_sp._1,HerbGeneral,10,5.7,2.5,Tubulate,Pink,NA,Zygomorphic,Melittophil,Nectar,5
M0112,Asteraceae,NA,NA,SubshrubOrShrub,10000,5,1,Capitulate,White,NA,Actinomorphic,SDI*,Nectar,7
M0114,Piperaceae,Piper,Piper_cf._Marginatum,SubshrubOrShrub,1000,0,0.1,Spike,White,NA,Incomplete,SDI,Pollen,1
M0115,Heliconiaceae,Heliconia,Heliconia_sp._2,SubshrubOrShrub,10,29.7,4.4,Tubulate,Red,Yellow,Zygomorphic,Ornithophil,Nectar,53
M0116,Acanthaceae,Justicia,Justicia_sp._1,HerbGeneral,1,7.4,1.4,Labiate,Pink,White,Zygomorphic,Melittophil,Nectar,2
M0117,Asteraceae,Clibadium,Clibadium_cf._Grandifolium,Tree,1000,2.6,0.8,Capitulate,White,NA,Zygomorphic,Melittophil,Nectar,45
M0118,NA,NA,NA,NA,100,12.5,11.5,Funnelform,White,NA,Actinomorphic,NA,Nectar,8
M0119,Heliconiaceae,Heliconia,Heliconia_curtispatha,Geophyte,100,35.8,4.9,Tubulate,Pink,Yellow,Zygomorphic,Ornithophil,Nectar,12
M0120,Araceae,Anthurium,Anthurium_cf._Ochreatum,SubshrubOrShrub,100,0,0.1,Spike,White,Yellow,Incomplete,SDI,Pollen,20
M0121,Salicaceae,Banara,Banara_guianensis,Tree,10000,0,3.6,Brushform,Yellow,NA,Actinomorphic,Melittophil,"Pollen, Nectar",10
M0122,Melastomataceae,Miconia,Miconia_spadiciflora,SubshrubOrShrub,100,4.8,3.3,Rotate,Yellow,Green,Zygomorphic,Melittophil,Pollen,65
M0123,Costaceae,Costus,Costus_cf._Laevis,Geophyte,1,54.6,16.6,Tubulate,Red,Yellow,Zygomorphic,Ornithophil,Nectar,1
M0124,Melastomataceae,Miconia,Miconia_cf._Explicita,SubshrubOrShrub,10,0,4,Cyanthiform,White,Pink,Zygomorphic,Melittophil,"Pollen, Nectar",31
M0125,Araceae,Anthurium,Anthurium_sp._1,HerbGeneral,100,0,0.1,Spike,White,Yellow,Incomplete,SDI,Pollen,1
M0126,Maranthaceae,Calathea,Calathea_guzmanioides,Perennial,100,33.1,2.7,Tubulate,Yellow,NA,Zygomorphic,Melittophil,Nectar,22
M0127,Melastomataceae,Miconia,Miconia_cf._Crenata,SubshrubOrShrub,100,0,1.9,Cyanthiform,White,NA,Zygomorphic,Melittophil,Pollen,31
M0128,Cucurbitaceae,Cayaponia,Cayaponia_sp._1,Climber,1000,25,7.9,Urceolate,Green,Yellow,Zygomorphic,"Melittophil, Chiropterophil",Nectar,5
M0129,Orchidaceae,Sievekingia,Sievekingia_rhonhofiae,Epiphyte,10,0,7,OrchidFlower,Yellow,NA,Zygomorphic,Melittophil,Scent,1
M0131,Campanulaceae,Burmeistera,Burmeistera_sp._1,SubshrubOrShrub,10,12.8,3.4,Campanulate,Green,NA,Zygomorphic,Chiropterophil,Nectar,3
M0133,Urticaceae,Pilea,Pilea_cf._Pteropodon,Epiphyte,100,0,1.2,Urceolate,White,Green,Actinomorphic,SDI,"Nectar, Pollen",24
M0134,Costaceae,Costus,Costus_cordatus,Geophyte,1,38.2,3.5,Tubulate,Red,Yellow,Zygomorphic,Ornithophil,Nectar,1
M0135,Asteraceae,Mikania,Mikania_sp._2,ScramblingShrub,100,4.3,0.8,Capitulate,White,NA,Actinomorphic,SDI*,Nectar,39
M0136,Asteraceae,Elephantopus,Elephantopus_mollis,Perennial,100,3.4,1.2,Capitulate,White,NA,Actinomorphic,Melittophil,Nectar,119
M0137,Fabaceae,Inga,Inga_oerstediana,Tree,1000,24.1,3,Brushform,White,NA,Actinomorphic,Sphingophil,Nectar,2
M0138,Cyperaceae,Cyperus,Cyperus_sp.,HerbGeneral,100,1.4,0.1,Spike,Green,NA,Actinomorphic,Anemophil,Pollen,6
M0139,Lecythidaceae,Eschweilera,Eschweilera_awaensis,Tree,100,0,32.4,Brushform,Yellow,NA,Zygomorphic,Melittophil,"Pollen, Nectar",1
M0140,Melastomataceae,NA,NA,HerbGeneral,10,2.3,1.3,Cyanthiform,White,NA,Zygomorphic,Melittophil,Pollen,7
M0141,Lythraceae,Cuphea,Cuphea_sp._2,HerbGeneral,1,5.5,2.2,Tubulate,Pink,Purple,Zygomorphic,Melittophil,Nectar,10
M0142,Solanaceae,Solanum,Solanum_cf._umbellatum,ShrubOrTree,100,0,2.6,Rotate,White,Yellow,Actinomorphic,Melittophil,Pollen,44
M0143,Fabaceae,Inga,Inga_chocoensis,Tree,1000,NA,NA,Brushform,White,NA,Actinomorphic,Phalenophil,Nectar,1
M0144,Marantaceae,Goeppertia,Goeppertia_cf._Micans,Perennial,1,7.9,1.5,Funnelform,White,NA,Asymetric,Ornithophil,Nectar,13
M0145,Rubiaceae,NA,NA,HerbGeneral,10,5.9,2.9,Campanulate,White,NA,Actinomorphic,Melittophil,Nectar,2008
M0146,Poaceae,Paspalum,Paspalum_sp._1,HerbGeneral,1000,1.1,0.2,Spike,Green,Purple,Zygomorphic,Ambophil,Pollen,50
M0147,Poaceae,Paspalum,Paspalum_sp._2,HerbGeneral,100,1.2,0.1,Spike,White,NA,Zygomorphic,Ambophil,Pollen,3
M0148,Poaceae,Paspalum,Paspalum_sp._3,HerbGeneral,100,NA,NA,Spike,White,NA,Zygomorphic,Ambophil,Pollen,18
M0149,Asteraceae,Clibadium,Clibadium_cf._eggersii,SubshrubOrShrub,100,0.9,0.7,Capitulate,White,NA,Actinomorphic,SDI,Nectar,3
M0150,Myrtaceae,Psidium,Psidium_guajava,Tree,10,0,4.3,Brushform,White,NA,Actinomorphic,Melittophil,"Nectar, Pollen",1
M0151,Lamiaceae,NA,NA,HerbGeneral,100,2.7,1,Labiate,Pink,NA,Zygomorphic,Melittophil,Nectar,11
M0152,Asteraceae,NA,NA,HerbGeneral,100,2.6,0.1,Capitulate,White,Yellow,Actinomorphic,Melittophil,Nectar,2
M0153,Asteraceae,Chaptalia,Chaptalia_nutans,Perennial,100,8.3,0.5,Capitulate,White,NA,Actinomorphic,Psychophil,Nectar,4
M0154,Poaceae,Urochloa,Urochloa_sp.,HerbGeneral,100,3.5,0.6,Urceolate,Orange,Yellow,Actinomorphic,Melittophil,Pollen,103
M0155,Fabaceae,NA,NA,Climber,10,4.6,3.5,Papilionate,Purple,White,Zygomorphic,Melittophil,Nectar,43
M0156,Bignoniaceae,NA,NA,Climber,10,36.9,13.7,Funnelform,Pink,NA,Zygomorphic,Melittophil,Nectar,1
M0157,Apocynaceae,Mandevilla,Mandevilla_sagittarii,Climber,10,60.7,8.3,Funnelform,White,Orange,Actinomorphic,Melittophil,Nectar,8
M0158,Melastomataceae,Aciotis,cf._Aciotis_sp._2,HerbGeneral,10,1.8,2.2,Cyanthiform,Pink,NA,Zygomorphic,Melittophil,Pollen,5
M0159,Apocynaceae,NA,NA,NA,100,36.2,11.9,Funnelform,White,NA,Zygomorphic,NA,Nectar,2
M0160,Rubiaceae,Faramea,Faramea_cf._Hyacinthina,Tree,100,6.7,1.1,Tubulate,Purple,Blue,Actinomorphic,"Phalenophil, Melittophil",Nectar,18
M0161,Marantaceae,Goeppertia,Goeppertia_cf._Macrosepala,Perennial,10,28.4,2.5,Tubulate,White,NA,Asymetric,Ornithophil,Nectar,1
M0162,Melastomataceae,Triolena,Triolena_cf._Auriculata_,HerbGeneral,10,2.5,3.2,Rotate,White,Red,Zygomorphic,Melittophil,Pollen,11
M0163,Fabaceae,Inga,Inga_sp.,Tree,1000,7,1.9,Brushform,White,NA,Actinomorphic,Phalenophil,Nectar,1
M0164,Piperaceae,NA,NA,Climber,1000,0,0.1,Spike,White,NA,Incomplete,SDI,Pollen,8
M0165,Phyllanthaceae,Hieronyma,cf._Hieronyma_alchorneoides,Tree,10000,0,1.2,Brushform,NA,NA,Zygomorphic,SDI,"Pollen, Nectar",5
M0166,Rubiaceae,Palicourea,Palicourea_timbiquensis,SubshrubOrShrub,1000,22.4,3.6,Tubulate,Pink,White,Zygomorphic,Ornithophil,Nectar,13
M0167,Orchidaceae,Vanilla,Vanilla_cf._Pompona_or_rivasii,Climber,1,44.7,11,Campanulate,Yellow,Green,Zygomorphic,Melittophil,Deception,1
M0169,Rubiaceae,Notopleura,Notopleura_longipedunculoides,SubshrubOrShrub,10,4.9,1.7,Tubulate,White,NA,Actinomorphic,Melittophil,Nectar,3
M0170,Gesneriaceae,Columnea,Columnea_medicinalis,Epiphyte,10,41.1,6,Tubulate,Yellow,Purple,Zygomorphic,Ornithophil,Nectar,12
M0171,Rubiaceae,Faramea,Faramea_sp.,NA,100,33.3,2.7,Tubulate,White,NA,Actinomorphic,Sphingophil,Nectar,2
M0172,Rubiaceae,NA,NA,NA,1000,12.7,1.1,Tubulate,White,NA,Actinomorphic,Sphingophil,Nectar,1
M0173,Myristicaceae,Compsoneura,Compsoneura_atopa,Tree,10000,0,1.5,Crateriform,Yellow,NA,Actinomorphic,SDI,NA,3
M0174,Clusiaceae,Clusia,Clusia_sp._1,Tree,1000,0,4.8,Brushform,White,NA,Actinomorphic,Melittophil,Resin,9
M0175,NA,NA,NA,NA,1000,0,5.3,Rotate,NA,NA,Actinomorphic,NA,NA,1
M0176,Asteraceae,NA,NA,Climber,100,0,0.6,Capitulate,White,NA,Actinomorphic,Melittophil,Nectar,1
M0177,Meliaceae,Carapa,Carapa_guianensis,Tree,10000,4,3.7,Cyanthiform,White,Yellow,Actinomorphic,Phalenophil,Nectar,1
M0178,Araceae,Anthurium,Anthurium_sp._2,Liana,100,1.6,1.8,Spike,Purple,NA,Incomplete,SDI,Pollen,1
M0179,Orchidaceae,NA,NA,Epiphyte,10,2.2,0.3,OrchidFlower,White,NA,Zygomorphic,NA,NA,1
M0180,Melastomataceae,Miconia,cf._Miconia_sp._1,SubshrubOrShrub,100,3.4,1.5,Cyanthiform,White,NA,Zygomorphic,Melittophil,Pollen,24
M0181,Melastomataceae,Miconia,Miconia_cf._Rubescens,Tree,1000,3.3,1.6,Cyanthiform,White,NA,Zygomorphic,Melittophil,Pollen,26
M0182,Melastomataceae,Miconia,cf._Miconia_sp._2,Tree,1000,2.1,1.2,Cyanthiform,White,Yellow,Zygomorphic,Melittophil,Pollen,4
M0183,Melastomataceae,Miconia,cf._Miconia_sp._3,SubshrubOrShrub,100,2.6,1.2,Cyanthiform,White,Yellow,Zygomorphic,Melittophil,Pollen,16
M0184,Malvaceae,Trichospermum,Trichospermum_galeottii,Tree,10000,0,3.8,Rotate,Pink,Yellow,Actinomorphic,Melittophil,Nectar,64
M0185,Rubiaceae,Palicourea,cf._Palicourea_sp._1,NA,10000,8.6,2.6,Tubulate,White,NA,Actinomorphic,Ornithophil,Nectar,1
M0186a,NA,NA,NA,Tree,1000,0,9.8,Brushform,White,Green,Actinomorphic,NA,NA,5
M0186b,NA,NA,NA,Tree,100,NA,5,Tubulate,White,NA,Actinomorphic,NA,NA,1
M0187,Malpighiaceae,NA,NA,Tree,1000,0,3.3,Rotate,Yellow,NA,Zygomorphic,Melittophil,"Oils, Pollen",1
M0189,Violaceae,Rinorea,Rinorea_arborea,Tree,10000,0,2.5,Cyanthiform,Yellow,Green,Actinomorphic,SDI,Nectar,1
M0190,Melastomataceae,Miconia,cf._Miconia_sp._4,Tree,1000,1.8,1.2,Cyanthiform,Green,Yellow,Zygomorphic,Melittophil,Pollen,4
M0191,NA,NA,NA,Tree,1000,NA,NA,NA,White,NA,NA,NA,NA,1
M0192,NA,NA,NA,NA,10,19.7,6.8,Funnelform,White,NA,Zygomorphic,Melittophil,Nectar,1
M0193,Ericaceae,Cavendishia,Cavendishia_sp._2,NA,100,NA,NA,Tubulate,White,Pink,Actinomorphic,Ornithophil,Nectar,1
M0194,Melastomataceae,Miconia,cf._Miconia_sp._5,SubshrubOrShrub,1000,3,1.8,Cyanthiform,White,Yellow,Zygomorphic,Melittophil,Pollen,2
M0195,Bignoniaceae,Tabebuia,cf._Tabebuia_sp.,NA,1000,52.6,15.9,Funnelform,Pink,White,Zygomorphic,Melittophil,Nectar,1
M0196,NA,NA,NA,Tree,1000,0,3.8,Brushform,Green,White,Actinomorphic,NA,NA,2
M0197a,NA,NA,NA,NA,100,14.8,14.8,Campanulate,Green,White,Actinomorphic,Melittophil,Nectar,1
M0197b,Apocynaceae,Tabernaemontana,Tabernaemontana_amygdalifolia,Tree,1000,24,2.8,Tubulate,White,NA,Actinomorphic,Sphingophil,Nectar,10
M0198,Melastomataceae,Miconia,cf._Miconia_sp._6,SubshrubOrShrub,1000,3.6,1.5,Cyanthiform,White,Green,Zygomorphic,Melittophil,Pollen,15
M0199,Gesneriaceae,Cremosperma,Cremosperma_cf._Nobile,SubshrubOrShrub,1,16.1,8.5,Funnelform,White,Yellow,Zygomorphic,Melittophil,Nectar,28
M0200,NA,NA,NA,Tree,1000,0,9.5,Brushform,White,Yellow,Actinomorphic,NA,NA,1
M0201,Cordiaceae,Cordia,Cordia_aff._Lucidula,Tree,10000,3.4,3,Cyanthiform,Pink,NA,Actinomorphic,Melittophil,Nectar,5
M0202,Ericaceae,Psammisia,Psammisia_sp._1,NA,100,27.1,5.6,Tubulate,White,Red,Zygomorphic,Ornithophil,Nectar,3
M0203,NA,NA,NA,SubshrubOrShrub,10,2.8,3.5,Rotate,White,Yellow,Actinomorphic,Melittophil,Pollen,1
M0204,Convolvulaceae,Ipomoea,Ipomoea_cf._Philomega,Liana,10,44.7,12.9,Funnelform,Pink,NA,Actinomorphic,Melittophil,Nectar,23
M0205,Malvaceae,Matisia,Matisia_cordata,Tree,100,22.7,13.1,Tubulate,White,Yellow,Zygomorphic,Chiropterophil,Nectar,2
M0206,Bignoniaceae,NA,NA,NA,100,46.1,19.9,Campanulate,Pink,NA,Zygomorphic,Melittophil,Nectar,1
M0207,Campanulaceae,Burmeistera,Burmeistera_sp._2,SubshrubOrShrub,1,10.7,9.3,Campanulate,Green,White,Zygomorphic,Chiropterophil,Nectar,1
M0208,Lecythidaceae,Eschweilera,Eschweilera_cf._Rimbachii,Tree,1000,0,21.1,Brushform,Pink,NA,Zygomorphic,Melittophil,"Pollen, Nectar",6
M0209,Melastomataceae,Triolena,Triolena_cf._Pustulata,HerbGeneral,10,0,2.5,Cyanthiform,White,Pink,Zygomorphic,Melittophil,Pollen,10
M0210,Melastomataceae,Aciotis,cf._Aciotis_sp._3,HerbGeneral,10,2.8,1.4,Cyanthiform,White,NA,Zygomorphic,Melittophil,Pollen,22
M0211,Gesneriaceae,Columnea,Columnea_picta,EpiphyticShrub,10,42.4,8.6,Campanulate,Yellow,Red,Zygomorphic,Ornithophil,Nectar,23
M0212,Rubiaceae,Notopleura,Notopleura_cf._Laterifolia,SubshrubOrShrub,100,1.7,1.3,Tubulate,White,NA,Zygomorphic,Phalenophil,Nectar,1
M0213,Annonaceae,Guatteria,cf._Guatteria_sp._1,NA,1000,NA,NA,Rotate,White,NA,Actinomorphic,Cantharophil,FleshyParts,2
M0215,NA,NA,NA,Tree,1000,10,3,Tubulate,NA,NA,Zygomorphic,NA,NA,1
M0216,NA,NA,NA,NA,100,6.4,10.1,NA,White,NA,NA,NA,NA,4
M0217,NA,NA,NA,SubshrubOrShrub,10,NA,NA,Cyanthiform,White,NA,Zygomorphic,Melittophil,Pollen,1
M0218,Malvaceae,Matisia,Matisia_malacocalyx,Tree,1000,19.6,9.6,Tubulate,White,NA,Zygomorphic,Chiropterophil,Nectar,1
M0219,Rubiaceae,Posoqueria,Posoqueria_maxima,Tree,1000,74.2,4.1,Tubulate,White,NA,Zygomorphic,Sphingophil,Nectar,1
M0220,NA,NA,NA,NA,1000,0,3.6,Cyanthiform,NA,NA,Actinomorphic,NA,NA,1
M0221,Lamiaceae,Vitex,Vitex_cymosa,Tree,1000,5.7,1,Labiate,Pink,NA,Zygomorphic,Melittophil,Nectar,1
M0222,NA,NA,NA,NA,1000,NA,NA,NA,NA,NA,NA,NA,NA,1
M0223,Meliaceae,Guarea,Guarea_kunthiana,Tree,10000,9.2,2.9,Urceolate,White,NA,Actinomorphic,Phalenophil,Nectar,1
M0224,Rubiaceae,Faramea,cf._Faramea_coffeoides,Tree,1000,21.1,0.9,Tubulate,White,NA,Actinomorphic,Sphingophil,Nectar,2
M0226,Sapotaceae,Licania,Moquilea_celiae,Tree,1000,5.3,9.9,Campanulate,Yellow,Green,Actinomorphic,Melittophil,Nectar,2
M0227,Metteniusaceae,Metteniusa,Metteniusa_tessmanniana,Tree,1000,17.8,1,Tubulate,White,Yellow,Actinomorphic,Sphingophil,Nectar,3
M0228,NA,NA,NA,Tree,1000,0,13.8,NA,White,NA,NA,NA,NA,2
M0230,NA,NA,NA,Tree,1000,NA,NA,NA,NA,NA,NA,NA,NA,1
M0231,NA,NA,NA,Tree,1000,10.6,1,Tubulate,White,NA,Actinomorphic,Sphingophil,Nectar,1
M0232,Rubiaceae,Guettarda,Guettarda_crispiflora,Tree,1000,15.9,1.6,Tubulate,White,Yellow,Actinomorphic,Sphingophil,Nectar,3
M0233,Ericaceae,Cavendishia,Cavendishia_venosa,EpiphyticShrub,100,35.7,3.7,Tubulate,White,Pink,Zygomorphic,Ornithophil,Nectar,9
M0234,Rubiaceae,Faramea,Faramea_multiflora,SubshrubOrShrub,100,6.2,1.4,Tubulate,White,Yellow,Actinomorphic,Sphingophil,Nectar,3
M0235,NA,NA,NA,NA,100,NA,NA,NA,White,NA,NA,NA,NA,2
M0236,NA,NA,NA,NA,1000,7.3,3.9,NA,Pink,NA,NA,NA,NA,1
M0237,cf. Metteniusaceae,Dendrobangia,cf._Dendrobangia_boliviana,Tree,10000,0,1,Capitulate,Green,Yellow,Actinomorphic,Melittophil,Nectar,1
M0238,Gesneriaceae,NA,NA,NA,100,14.9,6,Campanulate,Yellow,NA,Zygomorphic,Ornithophil,Nectar,2
M0239,NA,NA,NA,NA,100,2.6,3.4,Rotate,White,Yellow,Zygomorphic,Melittophil,Pollen,1
M0239a,NA,NA,NA,NA,10000,0,2.6,Rotate,White,Yellow,Actinomorphic,Melittophil,Nectar,1
M0240,Clusiaceae,Garcinia,cf._Garcinia_sp.,Tree,1000,0,2.3,Cyanthiform,White,NA,Actinomorphic,Melittophil,NA,1
M0241,NA,NA,NA,Tree,10000,0,1,Brushform,Yellow,Green,Actinomorphic,Melittophil,Pollen,7
M0242,Fabaceae,Andira,cf._Andira_taurotesticulata,Tree,1000,5.4,3.1,Papilionate,Purple,NA,Zygomorphic,Melittophil,Nectar,1
M0243,Meliaceae,Trichilia,Trichilia_surinamensis,Tree,10000,0,1.4,Rotate,Yellow,Green,Actinomorphic,SDI,Nectar,1
M0244,Burmanniaceae,Gymnosiphon,Gymnosiphon_sp._1,HerbGeneral,1,2.4,0.6,Rotate,White,NA,Actinomorphic,SDI,NA,3
M0245,Rubiaceae,Amphidasya,Amphidasya_colombiana,SubshrubOrShrub,1,2.6,22.7,Tubulate,White,NA,Actinomorphic,Sphingophil,Nectar,1
M0246,Asteraceae,Pseudelephantopus,Pseudelephantopus_spiralis,Perennial,10,NA,NA,Tubulate,Pink,NA,Actinomorphic,Melittophil,Nectar,4
M0247,Rubiaceae,Manettia,Manettia_sp._1,Climber,10,11.9,1.6,Rotate,White,NA,Actinomorphic,Melittophil,Nectar,1
M0248,Bromeliaceae,Guzmania,Guzmania_monostachia,Epiphyte,10,24.3,3.9,Tubulate,Red,White,Actinomorphic,Ornithophil,Nectar,2
M0249,Rubiaceae,Palicourea,Palicourea_guianensis,SubshrubOrShrub,1000,14,3.7,Tubulate,Yellow,Orange,Actinomorphic,Ornithophil,Nectar,58
M0250,Melastomataceae,Aciotis,cf._Aciotis_sp._4,HerbGeneral,1,2.1,1.2,Cyanthiform,White,Pink,Zygomorphic,Melittophil,Pollen,14
M0251,Heliconiaceae,Heliconia,Heliconia_bihai,Geophyte,10,47.3,6.7,Tubulate,Red,White,Zygomorphic,Ornithophil,Nectar,13
M0254,Orchidaceae,Aspidogyne,Aspidogyne_cf._maculata,Geophyte,1,2.7,1,OrchidFlower,White,Green,Zygomorphic,Melittophil,Nectar,4
M0255,Hypericaceae,Vismia,Vismia_baccifera,Tree,1000,0,2.5,Rotate,Green,Yellow,Actinomorphic,Melittophil,Nectar,17
M0256,Melastomataceae,Miconia,Miconia_sp._7,SubshrubOrShrub,10,NA,NA,Cyanthiform,White,NA,Zygomorphic,Melittophil,Pollen,2
M0257,Melastomataceae,Miconia,Miconia_sp._8,SubshrubOrShrub,10,3,1,NA,White,NA,Zygomorphic,Melittophil,Pollen,2
M0258,Melastomataceae,Miconia,Miconia_purpureoviolacea,SubshrubOrShrub,100,2.2,1.1,Cyanthiform,Red,White,Actinomorphic,Melittophil,Pollen,32
M0259,Rubiaceae,Faramea,Faramea_sp.,NA,1000,NA,NA,Tubulate,White,NA,Actinomorphic,Phalenophil,Nectar,1
M0260,NA,NA,NA,NA,100,0,1.2,NA,White,Green,Actinomorphic,NA,NA,1
M0261,Rutaceae,Hortia,Hortia_brasiliana,Tree,10000,1,3.2,Crateriform,Pink,Green,Actinomorphic,Melittophil,Nectar,6
M0262,cf. Melastomataceae,Blakea,cf._Blakea_sp._2,NA,1000,NA,NA,Rotate,?,,Zygomorphic,"Melittophil, Therophil","Pollen, Nectar",6
M0263,NA,NA,NA,NA,1000,NA,NA,NA,White,NA,Actinomorphic,NA,NA,5
M0264,Loganiaceae,Spigelia,Spigelia_cf._Pedunculata,SubshrubOrShrub,10,13,1.7,Funnelform,White,Pink,Actinomorphic,Melittophil,Nectar,3
M0265,Gesneriaceae,Trichodrymnonia,Trichodrymonia_cf._binata,Epiphyte,10,27.8,4.1,Saccate,Red,Yellow,Zygomorphic,Ornithophil,Nectar,12
M0266,NA,NA,NA,NA,100,NA,NA,NA,NA,NA,NA,NA,NA,2
M0267,Melastomataceae,Blakea,Blakea_sp._3,NA,100,NA,NA,NA,NA,NA,Zygomorphic,"Melittophil, Therophil","Pollen, Nectar",2
M0268,Amaryllidaceae,Urceolina,Urceolina_astrophiala,Geophyte,1,25.7,2,Coronate,White,Yellow,Actinomorphic,Melittophil,Nectar,1
M0269,Gesneriaceae,Cremosperma,Cremosperma_aff._Nobile,SubshrubOrShrub,1,NA,NA,Crateriform,White,Yellow,Zygomorphic,Melittophil,Nectar,1
M0270,cf. Convolvulaceae,NA,NA,NA,100,15.4,3,Funnelform,White,NA,Actinomorphic,Melittophil,Nectar,2
M0271,Ericaceae,Macleania,cf._Macleania_sp._1,EpiphyticShrub,100,20.6,3.4,Tubulate,Pink,NA,Actinomorphic,Ornithophil,Nectar,1
M0272,NA,NA,NA,NA,10000,5.9,5.7,NA,Red,Green,NA,NA,NA,2
M0273,Lecythidaceae,Eschweilera,Eschweilera_cf._Ovata,Tree,1000,0,13.7,Brushform,White,Yellow,Zygomorphic,Melittophil,"Pollen, Nectar",5
M0274,Ericaceae,Macleania,Macleania_sp._2,EpiphyticShrub,10,22.1,4.1,Tubulate,Red,NA,Actinomorphic,Ornithophil,Nectar,24
M0275,Fabaceae,Brownea,Brownea_macrophylla,Tree,1000,26.6,3.2,Brushform,Red,Orange,Zygomorphic,Ornithophil,Nectar,4
M0276,Cucurbitaceae,Gurania,Gurania_cf._Pedata,Climber,10,19.2,4.3,Tubulate,Orange,Yellow,Actinomorphic,Ornithophil,Nectar,1
M0277,NA,NA,NA,NA,10,1.2,3,Rotate,White,Purple,Actinomorphic,Melittophil,Nectar,5
M0278,NA,NA,NA,NA,10,NA,NA,NA,Red,Green,NA,NA,NA,1
M0279,Gesneriaceae,Drymonia,Drymonia_sp._1,Epiphyte,10,28.5,10,Tubulate,White,Red,Zygomorphic,Melittophil,Nectar,6
M0280,Arecaceae,Geonoma,Geonoma_cf._Tenuissima,SubshrubOrShrub,1000,1.6,0.9,Cyanthiform,Orange,NA,Actinomorphic,Melittophil,Pollen,1
M0281,Meliaceae,Trichilia,Trichilia_cf._Pallida,Tree,10000,6.3,2.7,Rotate,White,Green,Actinomorphic,Phalenophil,Nectar,1
M0282,NA,NA,NA,NA,100,NA,9.9,NA,White,NA,NA,NA,NA,1
M0283,Bignoniaceae,NA,NA,NA,100,49.4,15.2,Funnelform,Pink,White,Zygomorphic,Melittophil,Nectar,2
M0284,NA,NA,NA,NA,100,51.4,10.3,Tubulate,NA,Green,Actinomorphic,Ornithophil,Nectar,1
M0285,Clusiaceae,Symphonia,Symphonia_globulifera,Tree,1000,10.2,0.7,Tubulate,Red,NA,Actinomorphic,Ornithophil,Nectar,1
M0286,Ericaceae,Anthopterus,cf._Anthopterus_cuneatus,SubshrubOrShrub,100,8.2,2.3,Tubulate,Orange,White,Actinomorphic,Ornithophil,Nectar,4
M0287,Melastomataceae,Triolena,Triolena_cf._Barbeyana,SubshrubOrShrub,10,2.7,1.1,Cyanthiform,Pink,White,Zygomorphic,Melittophil,Pollen,4
M0288,Cucurbitaceae,Psiguria,Psiguria_cf._Triphylla,ScramblingOrEpyphticShrub,100,13.9,3.5,Tubulate,Green,Red,Actinomorphic,Ornithophil,Nectar,2
M0289,Gesneriaceae,Glossoloma,Glossoloma_sprucei,SubshrubOrShrub,10,49.9,9.5,Tubulate,Yellow,Red,Zygomorphic,Ornithophil,Nectar,8
M0290,Gesneriaceae,NA,NA,NA,10,33,9.2,Funnelform,White,NA,Zygomorphic,Melittophil,Nectar,1
M0291,NA,NA,NA,NA,100,NA,NA,NA,NA,NA,NA,NA,NA,1
M0292,NA,NA,NA,NA,100,NA,NA,NA,NA,Pink,NA,NA,NA,1
M0293,NA,NA,NA,NA,10,12,0.7,NA,Yellow,NA,NA,Ornithophil,Nectar,1
M0294,Gesneriaceae,Columnea,Columnea_angustata,Epiphyte,10,30.1,5,Tubulate,Yellow,White,Zygomorphic,Ornithophil,Nectar,11
M0295,cf. Gesneriaceae,NA,NA,SubshrubOrShrub,10,9,2,Tubulate,White,NA,Zygomorphic,Ornithophil,Nectar,3
M0296,Melastomataceae,Miconia,Miconia_sp._9,NA,10,4.1,4.1,Cyanthiform,White,Yellow,Zygomorphic,Melittophil,Pollen,1
M0297,Araceae,Anthurium,Anthurium_cf._Dolichostachyum,Epiphyte,1000,0,0.1,Spike,White,NA,Incomplete,SDI,Pollen,1
M0298,Gesneriaceae,NA,NA,NA,10,13.8,0.8,Tubulate,NA,Brown,NA,Ornithophil,Nectar,1
M0299,Gesneriaceae,Glossoloma,Glossoloma_aff._Panamese,SubshrubOrShrub,10,35.1,7.2,Tubulate,Orange,NA,Zygomorphic,Ornithophil,Nectar,5
M0300,cf. Gesneriaceae,Columnea,cf._Columnea_sp.,NA,10,26.7,4.4,Tubulate,Red,Yellow,Zygomorphic,Ornithophil,Nectar,1
M0301,Melastomataceae,NA,NA,HerbGeneral,1,7.4,2,Cyanthiform,Pink,NA,Zygomorphic,Melittophil,Pollen,1
M0302,Bromeliaceae,Guzmania,Guzmania_conglomerata,Epiphyte,10,NA,NA,Tubulate,White,Red,Actinomorphic,Ornithophil,Nectar,4
M0303,Gesneriaceae,Drymonia,Drymonia_turrialvae,SubshrubOrShrub,1,43.7,13.4,Campanulate,White,Pink,Zygomorphic,Melittophil,Nectar,3
M0304,Gesneriaceae,NA,NA,NA,10,39.2,9.5,Tubulate,White,NA,Zygomorphic,Ornithophil,Nectar,6
M0305,Bignoniaceae,Jacaranda,Jacaranda_copaia,Tree,1000,32.2,12.6,Funnelform,Purple,White,Zygomorphic,Melittophil,Nectar,8
M0306,Annonaceae,Guatteria,Guatteria_pittieri,Tree,100,0,5.6,Rotate,Yellow,Green,Actinomorphic,Cantharophil,FleshyParts,1
M0307,Orchidaceae,Pleurothallis,Pleurothallis_dibolia,Epiphyte,10,0,1.5,OrchidFlower,Yellow,NA,Zygomorphic,SDI,Nectar,6
M0308,Linderniaceae,Vandellia,Vandellia_diffusa,Annual,1,4.6,2,Labiate,White,NA,Zygomorphic,Melittophil,Nectar,1
M0309,NA,NA,NA,NA,100,2.7,2.4,Crateriform,White,NA,NA,NA,NA,1
M0310,NA,NA,NA,NA,100,NA,NA,NA,NA,NA,NA,NA,NA,1
M0312,Lauraceae,Ocotea,Ocotea_sp._1,Tree,10000,0,1.9,Crateriform,Yellow,White,Actinomorphic,SDI,Nectar,2
M0313,Ericaceae,Sphyrospermum,Sphyrospermum_campanulatum,Epiphyte,100,6.4,4.5,Campanulate,Red,NA,Actinomorphic,Ornithophil,Nectar,3
M0314,Melastomataceae,Miconia,Miconia_sp._10,NA,10,2.8,1.6,Cyanthiform,Purple,Red,Zygomorphic,Melittophil,Pollen,15
M0315,Melastomataceae,Aciotis,cf._Aciotis_sp._5,HerbGeneral,10,2.1,1.1,Cyanthiform,White,Purple,Zygomorphic,Melittophil,Pollen,28
M0316,NA,NA,NA,HerbGeneral,10,2.2,1,Labiate,White,NA,Zygomorphic,Melittophil,Nectar,9
M0317,Lamiaceae,Torenia,Torenia_crustacea,Annual,1,4.9,1.7,Funnelform,Purple,White,Zygomorphic,Melittophil,Nectar,117
M0318,Lythraceae,Cuphea,Cuphea_sp._3,HerbGeneral,10,4.7,1.5,Tubulate,Pink,Purple,Zygomorphic,Melittophil,Nectar,104
M0319,Acanthaceae,Ruellia,Ruellia_blechum,SubshrubOrShrub,10,11.5,1.2,Funnelform,White,PNA,Actinomorphic,Melittophil,Nectar,23
M0320,Melastomataceae,Miconia,Miconia_sp._11,SubshrubOrShrub,100,NA,NA,Cyanthiform,Red,NA,Zygomorphic,Melittophil,Pollen,3
M0321,Solanaceae,Solanum,c._Solanum_sp._3,SubshrubOrShrub,10,0,1.8,Rotate,White,Yellow,Actinomorphic,Melittophil,Pollen,6
M0322,Solanaceae,Solanum,c._Solanum_sp._4,SubshrubOrShrub,10,0,2.1,Rotate,White,Yellow,Actinomorphic,Melittophil,Pollen,1
M0323,Commelinaceae,Murdannia,Murdannia_nudiflora,Annual,10,NA,NA,Rotate,Purple,White,Zygomorphic,Melittophil,Pollen,41
M0324,Bignoniaceae,NA,NA,NA,1000,22.5,10.5,Funnelform,Purple,White,Zygomorphic,Melittophil,Nectar,2
M0325,NA,NA,NA,NA,1000,0,19.9,Brushform,White,NA,Actinomorphic,Melittophil,Resin,6
M0326,NA,NA,NA,NA,1000,0,10.3,NA,NA,NA,NA,NA,NA,2
M0327,Melastomataceae,Triolena,Triolena_sp._2,SubshrubOrShrub,100,2.9,2.6,Cyanthiform,Purple,White,Zygomorphic,Melittophil,Pollen,14
M0328,Melastomataceae,Miconia,cf._Miconia_sp._12,Tree,10000,0.9,2.4,Cyanthiform,White,NA,Zygomorphic,Melittophil,Pollen,1
M0330,Rubiaceae,Chomelia,Chomelia_tenuiflora,SubshrubOrShrub,1000,20.6,1.1,Tubulate,White,NA,Actinomorphic,Sphingophil,Nectar,1
M0331,cf. Melastomataceae,Miconia,cf._Miconia_sp._13,NA,10000,2.2,1.9,Cyanthiform,White,NA,Zygomorphic,Melittophil,Pollen,1
M0332,NA,NA,NA,SubshrubOrShrub,100,5.9,0.9,Urceolate,White,NA,Actinomorphic,NA,NA,3
M0333,Orchidaceae,NA,NA,Epiphyte,1,0,0.6,OrchidFlower,Yellow,Green,NA,NA,NA,1
M0334,NA,NA,NA,NA,1000,57.5,20.2,Funnelform,Yellow,NA,Zygomorphic,Melittophil,Nectar,1
M0335,Clusiaceae,NA,NA,NA,1,0,3.4,Rotate,White,NA,Actinomorphic,NA,NA,1
M0336,Piperaceae,Piper,Piper_sp._3,SubshrubOrShrub,1000,0,0.1,Spike,White,NA,Incomplete,SDI,Pollen,3
M0337,Rubiaceae,Amphidasya,Amphidasya_cf._Amethystina,SubshrubOrShrub,10,7.5,4,Funnelform,Blue,White,Actinomorphic,Melittophil,Nectar,1
M0338 ,Melastomataceae,Miconia,cf._Miconia_cooperi,SubshrubOrShrub,100,2.4,1.9,Cyanthiform,White,Pink,Zygomorphic,Melittophil,Pollen,2
M0338a,Melastomataceae,Miconia,Miconia_trichocalyx,ScramblingOrEpyphticShrub,10,4.2,1.8,Cyanthiform,White,Red,Zygomorphic,Melittophil,Pollen,7
M0339,NA,NA,NA,NA,100,0,13.3,Rotate,Yellow,NA,Actinomorphic,NA,NA,1
M0340,NA,NA,NA,NA,1000,3,4.8,Cyanthiform,White,Yellow,Zygomorphic,Melittophil,Pollen,2
M0342,Annonaceae,Guatteria,cf._Guatteria_microcarpa,Tree,1000,NA,NA,NA,Green,NA,NA,NA,NA,1
M0343,NA,NA,NA,NA,100,NA,9.9,NA,Pink,NA,NA,NA,NA,1
M0344,NA,NA,NA,NA,100,NA,NA,NA,NA,NA,NA,NA,NA,2
M0345,Malvaceae,Theobroma,Theobroma_gileri,Tree,100,0,2.1,Rotate,Red,White,Actinomorphic,"Myophil, Melittophil",Pollen,1
M0346,Ericaceae,Cavendishia,cf._Cavendishia_sp._1,NA,100,31.2,5.6,Tubulate,Pink,NA,Actinomorphic,Ornithophil,Nectar,3
M0347,Piperaceae,Piper,Piper_peltatum,Perennial,1000,0,0.1,Spike,White,NA,Incomplete,SDI,Pollen,7
M0348,Gesneriaceae,Chrysothemis,Chrysothemis_friedrichsthaliana,Perennial,10,17.9,3.8,Tubulate,Orange,Red,Zygomorphic,Ornithophil,Nectar,2
M0349,Solanaceae,Witheringia,cf._Witheringia_sp._1,SubshrubOrShrub,10,2.3,2,Rotate,Yellow,White,Actinomorphic,Melittophil,Pollen,7
M0350,Urticaceae,Laportea,Laportea_sp._1,HerbGeneral,100,NA,NA,Tubulate,Yellow,Green,Actinomorphic,SDI,"Pollen, Nectar",2
M0351,Araceae,Xanthosoma,Xanthosoma_sagittifolium,SubshrubOrShrub,1000,0,4.1,Trap,White,NA,Incomplete,Cantharophil,Deception,5
M0352,Melastomataceae,Miconia,Miconia_sp._14,SubshrubOrShrub,100,2.7,1.6,Cyanthiform,White,Pink,Zygomorphic,Melittophil,Pollen,3
M0353,Gesneriaceae,Gasteranthus,Gasteranthus_sp._2,SubshrubOrShrub,1,24.9,1.1,Saccate,Orange,NA,Zygomorphic,Ornithophil,Nectar,5
M0354,Gesneriaceae,NA,NA,SubshrubOrShrub,10,4.3,2,Rotate,White,NA,Actinomorphic,Melittophil,Pollen,1
M0355,Orchidaceae,Microchilus,Microchilus_querceticola,Geophyte,10,2.3,0.8,Papilionate,White,NA,Zygomorphic,Melittophil,Nectar,1
M0356,Passifloraceae,Passiflora,Passiflora_sp._1,Climber,10,30.8,25.7,Rotate,NA,NA,Actinomorphic,NA,Nectar,1
M0357,Asteraceae,Emilia,Emilia_cf._Fosbergii,HerbGeneral,100,8,0.6,Capitulate,Purple,NA,Actinomorphic,Psychophil,Nectar,3
M0358,Lamiaceae,Hyptis,Hyptis_cf._Atrorubens,HerbGeneral,100,3.3,0.8,Labiate,White,Purple,Zygomorphic,Melittophil,Nectar,17
M0359,Asteraceae,Bidens,Bidens_bipinnata,Annual,100,3,0.7,Capitulate,Yellow,NA,Actinomorphic,"Melittophil, Psychophil","Nectar, Pollen",11
M0360,Asteraceae,NA,NA,HerbGeneral,100,3.1,0.5,Capitulate,White,Green,Actinomorphic,NA,Nectar,162
M0361,Begoniaceae,Begonia,Begonia_fischeri,SubshrubOrShrub,10,0,1.6,Labiate,Pink,Yellow,Zygomorphic,Melittophil,Pollen,133
M0363,Solanaceae,Browallia,Browallia_americana,Annual,1,14,1.9,Tubulate,Purple,Yellow,Zygomorphic,Psychophil,Nectar,363
M0364,Rubiaceae,Sabicea,Sabicea_cf._Camporum,SubshrubOrShrub,10,NA,NA,Tubulate,White,NA,Actinomorphic,Phalenophil,Nectar,37
M0366,Rubiaceae,NA,NA,HerbGeneral,10,NA,NA,NA,White,NA,NA,NA,NA,1
M0367,Rubiaceae,NA,NA,HerbGeneral,10,10.2,1.7,Funnelform,White,NA,Actinomorphic,Melittophil,Nectar,1
M0368,Malphigiaceae,Banisteriopsis,cf._Banisteriopsis_sp._1,Liana,10,0,4,Rotate,Yellow,Red,Zygomorphic,Melittophil,Oils,1
M0370,Rubiaceae,NA,NA,HerbGeneral,10,3,1.2,Tubulate,White,NA,Actinomorphic,Melittophil,Nectar,10
M0371,Euphorbiaceae,Manihot,Manihot_esculenta,SubshrubOrShrub,100,4.4,6.4,Rotate,Pink,White,Actinomorphic,Melittophil,"Pollen, Nectar",3
M0372,Fabaceae,Cajanus,Cajanus_cajan,SubshrubOrShrub,100,4.8,1.8,Papilionate,Yellow,NA,Zygomorphic,Melittophil,Nectar,2
M0374,Asteraceae,Pseudelephantopus,Pseudelephantopus_sp.,Perennial,10,5.5,1,Brushform,Purple,White,Actinomorphic,Melittophil,Nectar,1
M0375,Melastomataceae,Aciotis,cf._Aciotis_sp._6,HerbGeneral,10,2.2,1.3,Cyanthiform,White,Pink,Zygomorphic,Melittophil,Pollen,3
M0376,Malvaceae,Ochroma,Ochroma_pyramidale,Tree,10,90.5,68,Campanulate,White,Yellow,Actinomorphic,"Chiropterophil, Therophil",Nectar,2
M0377,Cariophyllaceae,Drymaria,Drymaria_cordata,HerbGeneral,10,NA,NA,Rotate,White,NA,Actinomorphic,SDI,Nectar,5
M0378,Arecaceae,Cocos,Cocos_nucifera,Tree,1000,0,4.2,Rotate,White,NA,Actinomorphic,Melittophil,Nectar,2
M0379,NA,NA,NA,HerbGeneral,10,1.4,0.9,NA,White,NA,NA,NA,NA,83
M0380,Brassicaeae,NA,NA,HerbGeneral,10,0,0.8,NA,White,NA,Actinomorphic,NA,NA,21
M0381,Urticaceae,Laportea,Laportea_aestuans,Annual,100,NA,NA,Crateriform,White,Pink,Actinomorphic,Anemophil,Pollen,9
M0382,Campanulaceae,Hippobroma,Hippobroma_longiflora,Perennial,1,82.6,3.5,Tubulate,White,NA,Actinomorphic,Sphingophil,Nectar,1
M0383,Araceae,Xanthosoma,cf._Xanthosoma_sp._1,SubshrubOrShrub,1000,0,0.1,Trap,White,NA,Incomplete,Cantharophil,Pollen,3
M0384,Gesneriaceae,NA,NA,NA,10,14.2,4.5,Tubulate,Orange,NA,Zygomorphic,Ornithophil,Nectar,1
M0385,Maranthaceae,Calathea,Calathea_crotalifera,Perennial,100,26.8,16.1,Tubulate,Yellow,White,Zygomorphic,Melittophil,Nectar,3
M0386,NA,NA,NA,HerbGeneral,1,12.4,6.3,Tubulate,White,Purple,Zygomorphic,Phalenophil,Nectar,1
M0387,Boraginaceae,Tournefortia,Tournefortia_gigantifolia,Tree,100,16.3,6.5,Tubulate,White,NA,Actinomorphic,NA,Nectar,3
M0388,Piperaceae,Peperomia,Peperomia_cf._Serpens_or_ciliaris,Epiphyte,1000,0,0.1,Spike,White,NA,Incomplete,SDI,Pollen,14
M0389,Gesneriaceae,Besleria,cf._Besleria_sp._1,SubshrubOrShrub,10,33.5,9.5,Tubulate,Orange,Yellow,Zygomorphic,Ornithophil,Nectar,76
M0390,Melastomataceae,NA,NA,SubshrubOrShrub,10,8.6,7.9,Rotate,White,Yellow,Zygomorphic,Melittophil,NA,1
M0391,Acanthaceae,Mendoncia,Mendoncia_sp.,ScramblingOrEpyphticShrub,10,50.2,12,Tubulate,Red,NA,Zygomorphic,Ornithophil,Nectar,1
M0392,Melastomataceae,NA,NA,SubshrubOrShrub,10,7.5,6.9,Cyanthiform,White,Pink,Zygomorphic,Melittophil,Pollen,1
M0393,Rubiaceae,Palicourea,Palicourea_pseudaxillaris,Tree,10,6.7,2,Tubulate,White,NA,Actinomorphic,NA,Nectar,1
M0394,Gesneriaceae,Columnea,Columnea_cf._rubriacuta,Epiphyte,10,40.8,4.5,Tubulate,Yellow,Red,Zygomorphic,Ornithophil,Nectar,209
M0395,Araceae,Philodendron,cf._Philodendron_sp._1,NA,100,0,0.1,Spike,White,NA,Incomplete,Cantharophil,NA,1
M0396,Melastomataceae,Miconia,Miconia_cf._Rubra,SubshrubOrShrub,10,4.1,1,Cyanthiform,Purple,White,Zygomorphic,Melittophil,Pollen,109
M0397,Cyperaceae,NA,NA,HerbGeneral,1000,2,0.5,Cyanthiform,White,NA,Actinomorphic,NA,Pollen,118
M0398,Piperaceae,Piper,cf._Piper_sp._4,NA,1000,0,0.1,Spike,White,NA,Incomplete,SDI,Pollen,1
M0399,Melastomataceae,NA,NA,SubshrubOrShrub,100,3.1,1.2,Cyanthiform,Pink,NA,Zygomorphic,Melittophil,Pollen,3
M0400,Araceae,Philodendron,Philodendron_sp._2,NA,1000,0,0.1,Trap,White,NA,Incomplete,Cantharophil,Deception,8
M0402,Orchidaceae,Sobralia,Sobralia_chrysostoma,Perennial,1,56.3,18.4,Coronate,White,Yellow,Zygomorphic,Melittophil,Deception,9
M0403,Loranthaceae,Struthanthus,Struthanthus_sp.,Liana,100,1.4,0.7,Cruciform,White,NA,Actinomorphic,Melittophil,Nectar,2
M0404,Melastomataceae,NA,NA,SubshrubOrShrub,100,2.7,1.6,Cyanthiform,White,NA,Zygomorphic,Melittophil,Pollen,3
M0405,Melastomataceae,Miconia,Miconia_goniostigma,SubshrubOrShrub,10,2.3,2.3,Cyanthiform,Pink,Yellow,Actinomorphic,Melittophil,Pollen,5
M0406,Ericaceae,Sphyrospermum,Sphyrospermum_cf._Buxifolium,SubshrubOrShrub,10,3.9,0.7,Campanulate,Pink,White,Actinomorphic,Ornithophil,Nectar,3
M0407,Gesneriaceae,Paradrymonia,cf._Paradrymonia_sp._1,Epiphyte,10,47.9,16.4,Funnelform,Red,Yellow,Zygomorphic,Melittophil,Nectar,5
M0408,NA,NA,NA,NA,10,6,1.3,Funnelform,White,NA,Actinomorphic,Melittophil,Nectar,2
M0409,NA,NA,NA,NA,10,47.2,3.6,Tubulate,Red,NA,Zygomorphic,Ornithophil,Nectar,1
M0410,Melastomataceae,Blakea,cf._Blakea_sp._4,NA,1000,NA,NA,Rotate,NA,White,Zygomorphic,NA,NA,1
M0411,Rubiaceae,Palicourea,cf._Palicourea_sp._2,Tree,100,22.5,2,Tubulate,White,NA,Actinomorphic,NA,Nectar,1
M0412,NA,NA,NA,NA,100,5.9,1.9,Urceolate,Pink,NA,Actinomorphic,NA,Nectar,1
M0413,NA,NA,NA,NA,100,NA,NA,NA,NA,Yellow,NA,NA,NA,1
M0414,Arecaceae,Geonoma,cf._Geonoma_sp._1,Tree,10000,0? NA,2.3,Spike,White,NA,Actinomorphic,SDI,Pollen,3
M0415,Araceae,Anthurium,Anthurium_andraeanum,ScramblingOrEpyphticShrub,100,NA,NA,Spike,Red,Yellow,Incomplete,SDI,Nectar,2
M0416,Melastomataceae,Miconia,Miconia_sp.,Tree,100,2.7,1.4,Cyanthiform,White,Yellow,Zygomorphic,Melittophil,Pollen,10
M0417,Gesneriaceae,NA,NA,NA,10,15,3.3,Tubulate,Orange,NA,Zygomorphic,Ornithophil,Nectar,1
M0418,Lythraceae,Cuphea,cf._Cuphea_sp._4,HerbGeneral,10,NA,NA,Tubulate,Purple,White,Zygomorphic,Melittophil,Nectar,1
M0419,Rubiaceae,Palicourea,Palicourea_cf._Pseudaxillaris,Tree,1000,6.4,1.6,Tubulate,White,Yellow,Actinomorphic,Ornithophil,Nectar,2
M0420,Campanulaceae,Burmeistera,Burmeistera_sp._3,SubshrubOrShrub,10,NA,NA,Campanulate,Green,White,Zygomorphic,Chiropterophil,Nectar,2
M0421,Melastomataceae,NA,NA,NA,100,NA,NA,Cyanthiform,White,Yellow,Zygomorphic,Melittophil,Pollen,4
M0422,Araceae,Anthurium,Anthurium_cf._Carinatum,SubshrubOrShrub,100,NA,NA,Spike,White,NA,Incomplete,SDI,Pollen,1
M0423,Rubiaceae,Palicourea,Palicourea_cf._Tomentosa,SubshrubOrShrub,10,14.8,2,Tubulate,Red,Yellow,Actinomorphic,Ornithophil,Nectar,15
M0424,Gesneriaceae,NA,NA,NA,10,54.3,18.1,Campanulate,NA,NA,Zygomorphic,Melittophil,Nectar,3
M0425,NA,NA,NA,NA,10000,1.8,1.2,NA,White,Yellow,Zygomorphic,NA,NA,2
M0426,Ericaceae,Macleania,cf._Macleania_sp._3,EpiphyticSchrub,100,NA,NA,Tubulate,Pink,White,Actinomorphic,Ornithophil,Nectar,4
M0427,Melastomataceae,NA,NA,NA,1000,4.3,4,Cyanthiform,White,Yellow,Zygomorphic,Melittophil,Pollen,3
M0428,Cucurbitaceae,Gurania,Gurania_cf._Eriantha,Climber,100,8.9,5.5,Tubulate,Red,Yellow,Actinomorphic,Ornithophil,Nectar,1
M0429,Piperaceae,Peperomia,Peperomia_pernambucensis,Epiphyte,1000,0,0.1,Spike,White,NA,Incomplete,SDI,Pollen,4
M0430,Melastomataceae,Miconia,Miconia_sp._14,SubshrubOrShrub,10,4.2,1.8,Cyanthiform,White,Green,Zygomorphic,Melittophil,Pollen,2
M0431,Fabaceae,NA,NA,NA,1000,8.1,4.4,Papilionate,Yellow,NA,Zygomorphic,Melittophil,Nectar,1
M0432,Rubiaceae,Palicourea,Palicourea_cf._Acuminata,SubshrubOrShrub,100,5,1.1,Tubulate,White,NA,Actinomorphic,Phalenophil,Nectar,1
M0433,Araliaceae,Sciodaphyllum,Sciodaphyllum_cf._Sphaerocoma,Tree,10000,NA,NA,Brushform,Yellow,Green,Actinomorphic,SDI,Nectar,1
M0434,Gesneriaceae,Napeanthus,Napeanthus_robustus,HerbGeneral,10,1.8,5.3,Crateriform,Purple,White,Actinomorphic,Melittophil,Nectar,49
M0435,Melastomataceae,Monolena,Monolena_primuliflora,Epiphyte,10,4,3.5,Crateriform,White,Yellow,Actinomorphic,Melittophil,Pollen,7
M0436,Orchidaceae,Scaphyglottis,Scaphyglottis_prolifera,Epiphyte,10,4.1,1.2,OrchidFlower,White,NA,Zygomorphic,Melittophil,Nectar,2
M0437,Orchidaceae,Trichopilia,Trichopilia_cf._Subulata,Epiphyte,10,6.6,2.3,OrchidFlower,White,Purple,Zygomorphic,Melittophil,Nectar,1
M0438,Meliaceae,Carapa,Carapa_megistocarpa,Tree,10000,2.2,1.2,Rotate,White,Green,Actinomorphic,SDI,Nectar,1
M0439,NA,NA,NA,NA,100,NA,NA,NA,Green,NA,NA,NA,NA,1
M0440,NA,NA,NA,NA,100,NA,NA,NA,Pink,Red,NA,NA,Pollen,1
M0441,Melastomataceae,Blakea,cf._Blakea_sp._5,NA,100,NA,NA,Rotate,NA,Pink,Zygomorphic,NA,Pollen,2
M0442,Melastomataceae,Blakea,cf._Blakea_sp._6,NA,100,7.4,12.2,Rotate,NA,Pink,Zygomorphic,NA,Pollen,1
M0443,NA,NA,NA,NA,100,0,6.6,Crateriform,Yellow,NA,Actinomorphic,NA,NA,1
M0444,Melastomataceae,Miconia,cf._Miconia_sp._15,SubshrubOrShrub,10,1.4,1.5,Cyanthiform,White,Yellow,Zygomorphic,Melittophil,Pollen,1
M0446,Urticaceae,Coussapoa,Coussapoa_villosa,Tree,10000,0,0.4,Capitulate,White,NA,Actinomorphic,SDI,Nectar,1
M0447,Maranthaceae,NA,NA,HerbGeneral,1,NA,NA,Tubulate,White,Purple,Zygomorphic,Ornithophil,Nectar,1
M0448,NA,NA,NA,NA,100,45.9,6.4,Tubulate,White,NA,Actinomorphic,Sphingophil,Nectar,1
M0449,Asteraceae,Vernonanthura,Vernonanthura_patens,Tree,10000,NA,NA,Capitulate,White,NA,Actinomorphic,"Phalenophil, Melittophil",Nectar,1
M0450,Euphorbiaceae,Croton,Croton_lechmani,Tree,1000,NA,NA,Brushform,White,NA,Actinomorphic,Melittophil,Nectar,1
