"Plot_ID","taxon","animal_species","plant_species","type","unit","RegTime","Treatment2","method","Treatment3"
"CR04","Primates","Cebus_capucinus","Wettinia_quinaria","Dropped","seed",21,"cacao regeneration late","direct_obs","regeneration late"
"CR05","Rodentia","Notosciurus_granatensis","Theobroma_cacao","Bitten","fruit",12,"cacao regeneration early","direct_obs","regeneration early"
"CR13","Rodentia","Notosciurus_granatensis","Grias_peruviana","Bitten","fruit",1,"cacao regeneration early","direct_obs","regeneration early"
"CR14","Primates","Cebus_capucinus","Turpinia_occidentalis","Swallowed","fruit",38,"cacao regeneration late","direct_obs","regeneration late"
"OG42","Rodentia","Notosciurus_granatensis","Brosimum_utile","Bitten","fruit",55,"old-growth forest","direct_obs","old-growth forest"
"OG43","Primates","Ateles_fusciceps","Otoba_gracilipes","Swalloweded","seed",55,"old-growth forest","direct_obs","old-growth forest"
"OG43","Primates","Ateles_fusciceps","Osteophloeum_platyspermum","Swalloweded","fruit",55,"old-growth forest","direct_obs","old-growth forest"
"OG43","Primates","Ateles_fusciceps","Guarea_bullata","Swalloweded","fruit",55,"old-growth forest","direct_obs","old-growth forest"
"OG45","Primates","Cebus_capucinus","Couepia_subcordata","Swallowed","fruit",55,"old-growth forest","direct_obs","old-growth forest"
"OG47","Primates","Cebus_capucinus","Protium_ecuadorense","Swallowed","fruit",55,"old-growth forest","direct_obs","old-growth forest"
"OG49","Primates","Ateles_fusciceps","Pourouma_guianensis","Swallowed","fruit",55,"old-growth forest","direct_obs","old-growth forest"
"OG50","Primates","Ateles_fusciceps","Hieronyma_alchorneoides","Swallowed","fruit",55,"old-growth forest","direct_obs","old-growth forest"
"OG51","Primates","Alouatta_palliata","Brosimum_utile","Swalloweded","fruit",55,"old-growth forest","direct_obs","old-growth forest"
"PR21","Primates","Cebus_capucinus","Licania_glauca","Swallowed","fruit",36,"pasture regeneration late","direct_obs","regeneration late"
"PR21","Primates","Cebus_capucinus","Wettinia_quinaria","Dropped","seed",36,"pasture regeneration late","direct_obs","regeneration late"
"PR21","Primates","Cebus_capucinus","Turpinia_occidentalis","Swallowed","fruit",36,"pasture regeneration late","direct_obs","regeneration late"
"PR22","Primates","Cebus_capucinus","Miconia_conocuatrecasii","Swallowed","fruit",12,"pasture regeneration early","direct_obs","regeneration early"
"CA59","Didelphimorphia","Didelphis_marsupialis","Theobroma_cacao","Dropped","seed",0,"active cacao","camera_trap","regeneration early"
"CA61","Didelphimorphia","Didelphis_marsupialis","Theobroma_cacao","Bitten","seed",0,"active cacao","camera_trap","regeneration early"
"CA62","Rodentia","Dasyprocta_punctata","Artocarpus_heterophyllus","Bitten","fruit",0,"active cacao","camera_trap","regeneration early"
"CA62","Didelphimorphia","Didelphis_marsupialis","Artocarpus_heterophyllus","Bitten","fruit",0,"active cacao","camera_trap","regeneration early"
"CA62","Rodentia","Proechimys_semispinosus","Artocarpus_heterophyllus","Bitten","seed",0,"active cacao","camera_trap","regeneration early"
"CA62","Rodentia","Dasyprocta_punctata","Persea_americana","Bitten","fruit",0,"active cacao","camera_trap","regeneration early"
"CA62","Rodentia","Dasyprocta_punctata","Theobroma_cacao","Bitten","seed",0,"active cacao","camera_trap","regeneration early"
"CA63","Carnivora","Eira_barbara","Theobroma_cacao","Swallowed","fruit",0,"active cacao","camera_trap","regeneration early"
"CA63","Didelphimorphia","Metachirus_sp","Theobroma_cacao","Bitten","fruit",0,"active cacao","camera_trap","regeneration early"
"CA64","Rodentia","Proechimys_semispinosus","Theobroma_cacao","Bitten","seed",0,"active cacao","camera_trap","regeneration early"
"CA64","Rodentia","Proechimys_semispinosus","Borojoa_sp.","Bitten","fruit",0,"active cacao","camera_trap","regeneration early"
"CR04","Rodentia","Heteromys_australis","Miconia_multiplicata","Bitten","fruit",21,"cacao regeneration late","camera_trap","regeneration late"
"CR04","Rodentia","Dasyprocta_punctata","Damburneya_purpurea","Swallowed","fruit",21,"cacao regeneration late","camera_trap","regeneration late"
"CR05","Rodentia","Proechimys_semispinosus","Psidium_guajava","Bitten","fruit",12,"cacao regeneration early","camera_trap","regeneration early"
"CR07","Rodentia","Dasyprocta_punctata","Theobroma_cacao","Swallowed","seed",23,"cacao regeneration late","camera_trap","regeneration late"
"CR08","Rodentia","Dasyprocta_punctata","Ficus_brevibracteata","Swallowed","fruit",27,"cacao regeneration late","camera_trap","regeneration late"
"CR10","Didelphimorphia","Didelphis_marsupialis","Bactris_setulosa","Swallowed","fruit",24,"cacao regeneration late","camera_trap","regeneration late"
"CR10","Rodentia","Notosciurus_granatensis","Bactris_setulosa","CarriedAway","fruit",24,"cacao regeneration late","camera_trap","regeneration late"
"CR17","Rodentia","Dasyprocta_punctata","Theobroma_cacao","CarriedAway","seed",9,"cacao regeneration early","camera_trap","regeneration early"
"CR17","Rodentia","Proechimys_semispinosus","Theobroma_cacao","Bitten","fruit",9,"cacao regeneration early","camera_trap","regeneration early"
"CR18","Didelphimorphia","Metachirus_sp","Lantana_sp.","CarriedAway","fruit",10,"cacao regeneration early","camera_trap","regeneration early"
"CR18","Rodentia","Proechimys_semispinosus","Lantana_sp.","Swallowed","fruit",10,"cacao regeneration early","camera_trap","regeneration early"
"CR18","Rodentia","Trasandinomys_sp","Lantana_sp.","Swallowed","fruit",10,"cacao regeneration early","camera_trap","regeneration early"
"CR18","Rodentia","Heteromys_australis","Lantana_sp.","CarriedAway","fruit",10,"cacao regeneration early","camera_trap","regeneration early"
"CR18","Didelphimorphia","Marmosa_ishtmica","Theobroma_cacao","Bitten","seed",10,"cacao regeneration early","camera_trap","regeneration early"
"CR18","Didelphimorphia","Metachirus_sp","Theobroma_cacao","Bitten","seed",10,"cacao regeneration early","camera_trap","regeneration early"
"CR18","Didelphimorphia","Didelphis_marsupialis","Theobroma_cacao","Bitten","seed",10,"cacao regeneration early","camera_trap","regeneration early"
"CR18","Rodentia","Proechimys_semispinosus","Theobroma_cacao","Bitten","seed",10,"cacao regeneration early","camera_trap","regeneration early"
"CR18","Rodentia","Cuniculus_paca","Theobroma_cacao","Bitten","seed",10,"cacao regeneration early","camera_trap","regeneration early"
"OG37","Rodentia","Heteromys_australis","Socratea_exorrhiza","CarriedAway","fruit",55,"old-growth forest","camera_trap","old-growth forest"
"OG37","Rodentia","Dasyprocta_punctata","Socratea_exorrhiza","CarriedAway","fruit",55,"old-growth forest","camera_trap","old-growth forest"
"OG37","Rodentia","Heteromys_australis","Bactris_setulosa","CarriedAway","fruit",55,"old-growth forest","camera_trap","old-growth forest"
"OG39","Rodentia","Dasyprocta_punctata","Carapa_guianensis","Bitten","seed",55,"old-growth forest","camera_trap","old-growth forest"
"OG40","Rodentia","Notosciurus_granatensis","Hortia_brasiliana","CarriedAway","fruit",55,"old-growth forest","camera_trap","old-growth forest"
"OG40","Rodentia","Trasandinomys_sp","A-PR2101","CarriedAway","fruit",55,"old-growth forest","camera_trap","old-growth forest"
"OG40","Artiodactyla","Tayassu_pecari","A-PR2101","Swallowed","fruit",55,"old-growth forest","camera_trap","old-growth forest"
"OG40","Artiodactyla","Tayassu_pecari","Miconia_sp3","Swallowed","fruit",55,"old-growth forest","camera_trap","old-growth forest"
"OG41","Rodentia","Dasyprocta_punctata","Hymenolobium_heterocarpum","Bitten","seed",55,"old-growth forest","camera_trap","old-growth forest"
"OG41","Rodentia","Proechimys_semispinosus","Hymenolobium_heterocarpum","Bitten","seed",55,"old-growth forest","camera_trap","old-growth forest"
"OG42","Rodentia","Dasyprocta_punctata","Brosimum_utile","Bitten","fruit",55,"old-growth forest","camera_trap","old-growth forest"
"OG42","Rodentia","Trasandinomys_sp","Wettinia_quinaria","Bitten","seed",55,"old-growth forest","camera_trap","old-growth forest"
"OG43","Artiodactyla","Tayassu_pecari","Myrcia_aliena","Swallowed","fruit",55,"old-growth forest","camera_trap","old-growth forest"
"OG47","Rodentia","Heteromys_australis","Protium_ecuadorense","Bitten","fruit",55,"old-growth forest","camera_trap","old-growth forest"
"OG47","Rodentia","Cuniculus_paca","Protium_ecuadorense","Swallowed","fruit",55,"old-growth forest","camera_trap","old-growth forest"
"OG47","Rodentia","Heteromys_australis","Protium_colombianum","CarriedAway","seed",55,"old-growth forest","camera_trap","old-growth forest"
"OG47","Rodentia","Dasyprocta_punctata","A-OG4701","Bitten","fruit",55,"old-growth forest","camera_trap","old-growth forest"
"OG48","Rodentia","Trasandinomys_sp","Prestoea_ensiformis","Bitten","seed",55,"old-growth forest","camera_trap","old-growth forest"
"OG49","Rodentia","Trasandinomys_sp","Pourouma_guianensis","Bitten","fruit",55,"old-growth forest","camera_trap","old-growth forest"
"OG49","Rodentia","Trasandinomys_sp","Iriartea_deltoidea","CarriedAway","fruit",55,"old-growth forest","camera_trap","old-growth forest"
"OG49","Rodentia","Heteromys_australis","Iriartea_deltoidea","Bitten","fruit",55,"old-growth forest","camera_trap","old-growth forest"
"OG50","Rodentia","Hoplomys_gymnurus","Wettinia_quinaria","Bitten","seed",55,"old-growth forest","camera_trap","old-growth forest"
"OG50","Rodentia","Trasandinomys_sp","Prestoea_ensiformis","Bitten","seed",55,"old-growth forest","camera_trap","old-growth forest"
"OG51","Rodentia","Proechimys_semispinosus","Apeiba_membranacea","Bitten","fruit",55,"old-growth forest","camera_trap","old-growth forest"
"OG51","Rodentia","Cuniculus_paca","Brosimum_utile","Swallowed","fruit",55,"old-growth forest","camera_trap","old-growth forest"
"OG51","Rodentia","Proechimys_semispinosus","Brosimum_utile","CarriedAway","fruit",55,"old-growth forest","camera_trap","old-growth forest"
"OG52","Rodentia","Proechimys_semispinosus","Brosimum_utile","CarriedAway","fruit",55,"old-growth forest","camera_trap","old-growth forest"
"OG52","Rodentia","Heteromys_australis","Brosimum_utile","CarriedAway","fruit",55,"old-growth forest","camera_trap","old-growth forest"
"OG52","Rodentia","Dasyprocta_punctata","Brosimum_utile","Bitten","fruit",55,"old-growth forest","camera_trap","old-growth forest"
"OG52","Rodentia","Trasandinomys_sp","Brosimum_utile","Dropped","fruit",55,"old-growth forest","camera_trap","old-growth forest"
"PA57","Rodentia","Heteromys_australis","Wettinia_quinaria","Swallowed","seed",0,"active pasture","camera_trap","regeneration early"
"PR19","Rodentia","Proechimys_semispinosus","Miconia_'grande'","Swallowed","fruit",6,"pasture regeneration early","camera_trap","regeneration early"
"PR19","Rodentia","Trasandinomys_sp","Miconia_'grande'","Swallowed","fruit",6,"pasture regeneration early","camera_trap","regeneration early"
"PR21","Artiodactyla","Tayassu_pecari","Wettinia_quinaria","Bitten","seed",36,"pasture regeneration late","camera_trap","regeneration late"
"PR21","Artiodactyla","Tayassu_pecari","A-PR2101","Swallowed","fruit",36,"pasture regeneration late","camera_trap","regeneration late"
"PR24","Rodentia","Hoplomys_gymnurus","Meliosma_herbertii","Bitten","fruit",21,"pasture regeneration late","camera_trap","regeneration late"
"PR24","Rodentia","Hoplomys_gymnurus","Allophylus_angustatus","Bitten","fruit",21,"pasture regeneration late","camera_trap","regeneration late"
"PR24","Rodentia","Hoplomys_gymnurus","Wettinia_quinaria","Bitten","seed",21,"pasture regeneration late","camera_trap","regeneration late"
"PR31","Rodentia","Proechimys_semispinosus","Ficus_maxima","CarriedAway","fruit",16,"pasture regeneration late","camera_trap","regeneration late"
"PR34","Rodentia","Notosciurus_granatensis","Eugenia_multirimosa","Bitten","fruit",38,"pasture regeneration late","camera_trap","regeneration late"
