"Plot_ID","taxon","animal_species","plant_species","Seed_Morpho","type","unit","RegTime","Treatment2","method","Treatment3"
"PR23","Chiroptera","Carollia_perspicillata","Banara_guianensis","M_01","feces","seed",1,"PR_early","mist_net","regeneration early"
"PR23","Chiroptera","Carollia_castanea","Piper_ottoniifolium","M_03","feces","seed",1,"PR_early","mist_net","regeneration early"
"PR23","Chiroptera","Carollia_castanea","Piper_multiplinervium","M_04","feces","seed",1,"PR_early","mist_net","regeneration early"
"PR23","Chiroptera","Carollia_castanea","Piper_sp1","M_05","feces","seed",1,"PR_early","mist_net","regeneration early"
"PR23","Chiroptera","Carollia_castanea","Piptocoma_discolor","M_06","feces","seed",1,"PR_early","mist_net","regeneration early"
"PR23","Chiroptera","Lichonycteris_obscura","Miconia_conocuatrecasii","M_07","feces","seed",1,"PR_early","mist_net","regeneration early"
"PR23","Chiroptera","Dermanura_rosenbergi","Banara_guianensis","M_01","feces","seed",1,"PR_early","mist_net","regeneration early"
"PR23","Chiroptera","Carollia_brevicaudum","Fusispermum_minutiflorum","M_08","feces","seed",1,"PR_early","mist_net","regeneration early"
"PR23","Chiroptera","Dermanura_rosenbergi","Miconia_conocuatrecasii","M_07","feces","seed",1,"PR_early","mist_net","regeneration early"
"PR23","Chiroptera","Carollia_brevicaudum","Vismia_baccifera","M_09","feces","seed",1,"PR_early","mist_net","regeneration early"
"PR23","Chiroptera","Dermanura_rosenbergi","Neosprucea_pedicellata","M_10","feces","seed",1,"PR_early","mist_net","regeneration early"
"PR23","Chiroptera","Dermanura_ravus","Piptocoma_discolor","M_06","feces","seed",1,"PR_early","mist_net","regeneration early"
"PR23","Chiroptera","Dermanura_ravus","Ficus_pertusa","M_11","feces","seed",1,"PR_early","mist_net","regeneration early"
"PR23","Chiroptera","Dermanura_rosenbergi","Piptocoma_discolor","M_06","feces","seed",1,"PR_early","mist_net","regeneration early"
"PR23","Chiroptera","Carollia_castanea","Ficus_brevibracteata","M_12","feces","seed",1,"PR_early","mist_net","regeneration early"
"PR23","Chiroptera","Carollia_perspicillata","Piptocoma_discolor","M_13","feces","seed",1,"PR_early","mist_net","regeneration early"
"PR23","Chiroptera","Carollia_castanea","Banara_guianensis","M_16","feces","seed",1,"PR_early","mist_net","regeneration early"
"PR23","Chiroptera","Rhinophylla_alethina","Banara_guianensis","M_01","feces","seed",1,"PR_early","mist_net","regeneration early"
"PR23","Chiroptera","Rhinophylla_alethina","Piptocoma_discolor","M_06","feces","seed",1,"PR_early","mist_net","regeneration early"
"CR03","Chiroptera","Carollia_perspicillata","Banara_guianensis","M_01","feces","seed",5,"CR_early","mist_net","regeneration early"
"CR03","Chiroptera","Carollia_perspicillata","Piptocoma_discolor","M_13","feces","seed",5,"CR_early","mist_net","regeneration early"
"CR03","Chiroptera","Carollia_perspicillata","Minquartia_guianensis","M_19","feces","seed",5,"CR_early","mist_net","regeneration early"
"CR03","Chiroptera","Carollia_perspicillata","Piper_pequeina","M_20","feces","seed",5,"CR_early","mist_net","regeneration early"
"CR03","Chiroptera","Carollia_perspicillata","Piper_ottoniifolium","M_03","feces","seed",5,"CR_early","mist_net","regeneration early"
"CR03","Chiroptera","Carollia_perspicillata","Dendropanax_oblonga","M_21","feces","seed",5,"CR_early","mist_net","regeneration early"
"CR03","Chiroptera","Carollia_castanea","Piper_ottoniifolium","M_03","feces","seed",5,"CR_early","mist_net","regeneration early"
"CR03","Chiroptera","Carollia_castanea","Miconia_conocuatrecasii","M_07","feces","seed",5,"CR_early","mist_net","regeneration early"
"CR03","Chiroptera","Carollia_castanea","Dendropanax_oblonga","M_21","feces","seed",5,"CR_early","mist_net","regeneration early"
"CR03","Chiroptera","Sturnira_luisi","Piptocoma_discolor","M_13","feces","seed",5,"CR_early","mist_net","regeneration early"
"CR03","Chiroptera","Phylloderma_stenops","Dacryodes_cupularis","M_23","feces","seed",5,"CR_early","mist_net","regeneration early"
"CR03","Chiroptera","Carollia_brevicaudum","Banara_guianensis","M_16","feces","seed",5,"CR_early","mist_net","regeneration early"
"CR03","Chiroptera","Carollia_brevicaudum","Cordia_alliodora","M_24","feces","seed",5,"CR_early","mist_net","regeneration early"
"CR03","Chiroptera","Carollia_brevicaudum","Morpho_2","M_25","feces","seed",5,"CR_early","mist_net","regeneration early"
"PR24","Chiroptera","Dermanura_rosenbergi","Miconia_conocuatrecasii","M_07","feces","seed",21,"PR_late","mist_net","regeneration late"
"PR24","Chiroptera","Dermanura_rosenbergi","Exarata_chocoensis","M_26","feces","seed",21,"PR_late","mist_net","regeneration late"
"PR24","Chiroptera","Carollia_perspicillata","Banara_guianensis","M_16","feces","seed",21,"PR_late","mist_net","regeneration late"
"PR24","Chiroptera","Carollia_castanea","Banara_guianensis","M_16","feces","seed",21,"PR_late","mist_net","regeneration late"
"PR24","Chiroptera","Carollia_perspicillata","Piptocoma_discolor","M_13","feces","seed",21,"PR_late","mist_net","regeneration late"
"PR24","Chiroptera","Dermanura_rosenbergi","Banara_guianensis","M_01","feces","seed",21,"PR_late","mist_net","regeneration late"
"PR24","Chiroptera","Vampyriscus_nymphaea","Cecropia_insignis","M_33","feces","seed",21,"PR_late","mist_net","regeneration late"
"PR24","Chiroptera","Carollia_brevicaudum","Piptocoma_discolor","M_13","feces","seed",21,"PR_late","mist_net","regeneration late"
"PR24","Chiroptera","Carollia_perspicillata","Minquartia_guianensis","M_19","feces","seed",21,"PR_late","mist_net","regeneration late"
"PR24","Chiroptera","Carollia_castanea","Piper_sp2","M_28","feces","seed",21,"PR_late","mist_net","regeneration late"
"PR24","Chiroptera","Carollia_castanea","Piper_ottoniifolium","M_03","feces","seed",21,"PR_late","mist_net","regeneration late"
"PR24","Chiroptera","Carollia_castanea","Piper_multiplinervium","M_04","feces","seed",21,"PR_late","mist_net","regeneration late"
"CR11","Chiroptera","Carollia_brevicaudum","Banara_guianensis","M_16","feces","seed",23,"CR_late","mist_net","regeneration late"
"CR11","Chiroptera","Carollia_brevicaudum","Solanum_jamaicense","M_29","feces","seed",23,"CR_late","mist_net","regeneration late"
"CR11","Chiroptera","Carollia_castanea","Piper_ottoniifolium","M_03","feces","seed",23,"CR_late","mist_net","regeneration late"
"CR11","Chiroptera","Dermanura_ravus","Banara_guianensis","M_16","feces","seed",23,"CR_late","mist_net","regeneration late"
"CR11","Chiroptera","Dermanura_ravus","Piper_sp2","M_28","feces","seed",23,"CR_late","mist_net","regeneration late"
"CR11","Chiroptera","Carollia_perspicillata","Banara_guianensis","M_16","feces","seed",23,"CR_late","mist_net","regeneration late"
"CR11","Chiroptera","Carollia_perspicillata","Piper_sp2","M_28","feces","seed",23,"CR_late","mist_net","regeneration late"
"CR11","Chiroptera","Carollia_castanea","Banara_guianensis","M_16","feces","seed",23,"CR_late","mist_net","regeneration late"
"CR11","Chiroptera","Carollia_castanea","Piper_sp2","M_28","feces","seed",23,"CR_late","mist_net","regeneration late"
"CR11","Chiroptera","Vampyressa_thyone","Ficus_pertusa","M_37","feces","seed",23,"CR_late","mist_net","regeneration late"
"CR11","Chiroptera","Rhinophylla_alethina","Morpho_19","M_41","feces","seed",23,"CR_late","mist_net","regeneration late"
"OG45","Chiroptera","Carollia_perspicillata","Banara_guianensis","M_16","feces","seed",55,"Old_growth","mist_net","old-growth forest"
"OG45","Chiroptera","Carollia_perspicillata","Minquartia_guianensis","M_19","feces","seed",55,"Old_growth","mist_net","old-growth forest"
"OG45","Chiroptera","Carollia_perspicillata","Piptocoma_discolor","M_13","feces","seed",55,"Old_growth","mist_net","old-growth forest"
"CA62","Chiroptera","Dermanura_ravus","Banara_guianensis","M_16","feces","seed",0,"Cacao","mist_net","regeneration early"
"CA62","Chiroptera","Carollia_perspicillata","Piptocoma_discolor","M_13","feces","seed",0,"Cacao","mist_net","regeneration early"
"CA62","Chiroptera","Carollia_perspicillata","Piper_multiplinervium","M_04","feces","seed",0,"Cacao","mist_net","regeneration early"
"CA62","Chiroptera","Carollia_perspicillata","Banara_guianensis","M_16","feces","seed",0,"Cacao","mist_net","regeneration early"
"CA62","Chiroptera","Uroderma_convexum","Piptocoma_discolor","M_13","feces","seed",0,"Cacao","mist_net","regeneration early"
"CA62","Chiroptera","Sturnira_luisi","Piptocoma_discolor","M_13","feces","seed",0,"Cacao","mist_net","regeneration early"
"CA62","Chiroptera","Carollia_perspicillata","Minquartia_guianensis","M_19","feces","seed",0,"Cacao","mist_net","regeneration early"
"CA62","Chiroptera","Carollia_castanea","Piper_sp1","M_05","feces","seed",0,"Cacao","mist_net","regeneration early"
"CA62","Chiroptera","Platyrrhinus_helleri","Cecropia_insignis","M_33","feces","seed",0,"Cacao","mist_net","regeneration early"
"CA62","Chiroptera","Carollia_castanea","Banara_guianensis","M_16","feces","seed",0,"Cacao","mist_net","regeneration early"
"CA62","Chiroptera","Enchisthenes_hartii","Piptocoma_discolor","M_13","feces","seed",0,"Cacao","mist_net","regeneration early"
"CA62","Chiroptera","Enchisthenes_hartii","Banara_guianensis","M_16","feces","seed",0,"Cacao","mist_net","regeneration early"
"OG38","Chiroptera","Carollia_perspicillata","Banara_guianensis","M_16","feces","seed",55,"Old_growth","mist_net","old-growth forest"
"OG38","Chiroptera","Rhinophylla_alethina","Citronella_incarum","M_36","feces","seed",55,"Old_growth","mist_net","old-growth forest"
"OG38","Chiroptera","Rhinophylla_alethina","Pouteria_gigantea","M_42","feces","seed",55,"Old_growth","mist_net","old-growth forest"
"OG38","Chiroptera","Carollia_brevicaudum","Piptocoma_discolor","M_13","feces","seed",55,"Old_growth","mist_net","old-growth forest"
"OG38","Chiroptera","Carollia_castanea","Piper_sp2","M_28","feces","seed",55,"Old_growth","mist_net","old-growth forest"
"OG38","Chiroptera","Carollia_castanea","Discophora_guianensis","M_38","feces","seed",55,"Old_growth","mist_net","old-growth forest"
"OG38","Chiroptera","Artibeus_lituratus","Cecropia_insignis","M_33","feces","seed",55,"Old_growth","mist_net","old-growth forest"
"CR04","Chiroptera","Carollia_castanea","Piper_sp1","M_05","feces","seed",21,"CR_late","mist_net","regeneration late"
"CR04","Chiroptera","Carollia_brevicaudum","Citronella_incarum","M_36","feces","seed",21,"CR_late","mist_net","regeneration late"
"CR04","Chiroptera","Carollia_castanea","Piper_sp2","M_28","feces","seed",21,"CR_late","mist_net","regeneration late"
"CR04","Chiroptera","Carollia_perspicillata","Piptocoma_discolor","M_13","feces","seed",21,"CR_late","mist_net","regeneration late"
"CR04","Chiroptera","Carollia_castanea","Piper_pequeina","M_39","feces","seed",21,"CR_late","mist_net","regeneration late"
"CR04","Chiroptera","Carollia_brevicaudum","Piper_sp2","M_28","feces","seed",21,"CR_late","mist_net","regeneration late"
"CR04","Chiroptera","Carollia_perspicillata","Vismia_baccifera","M_09","feces","seed",21,"CR_late","mist_net","regeneration late"
"CR04","Chiroptera","Carollia_perspicillata","Minquartia_guianensis","M_19","feces","seed",21,"CR_late","mist_net","regeneration late"
"PR21","Chiroptera","Carollia_castanea","Piper_pequeina","M_39","feces","seed",36,"PR_late","mist_net","regeneration late"
"PR21","Chiroptera","Carollia_brevicaudum","Piper_pequeina","M_39","feces","seed",36,"PR_late","mist_net","regeneration late"
"PR21","Chiroptera","Dermanura_rosenbergi","Piper_pequeina","M_39","feces","seed",36,"PR_late","mist_net","regeneration late"
"PR21","Chiroptera","Carollia_perspicillata","Piper_pequeina","M_39","feces","seed",36,"PR_late","mist_net","regeneration late"
"PR21","Chiroptera","Carollia_brevicaudum","Minquartia_guianensis","M_19","feces","seed",36,"PR_late","mist_net","regeneration late"
"PR21","Chiroptera","Carollia_brevicaudum","Vismia_baccifera","M_09","feces","seed",36,"PR_late","mist_net","regeneration late"
"PR21","Chiroptera","Carollia_brevicaudum","Piptocoma_discolor","M_14","feces","seed",36,"PR_late","mist_net","regeneration late"
"CR06","Chiroptera","Dermanura_rosenbergi","Piper_ottoniifolium","M_03","feces","seed",33,"CR_late","mist_net","regeneration late"
"CR06","Chiroptera","Carollia_castanea","Piper_multiplinervium","M_04","feces","seed",33,"CR_late","mist_net","regeneration late"
"CR06","Chiroptera","Vampyressa_thyone","Naucleopsis_chiguila","M_27","feces","seed",33,"CR_late","mist_net","regeneration late"
"CR06","Chiroptera","Carollia_perspicillata","Vismia_baccifera","M_09","feces","seed",33,"CR_late","mist_net","regeneration late"
"CR06","Chiroptera","Carollia_perspicillata","Piptocoma_discolor","M_13","feces","seed",33,"CR_late","mist_net","regeneration late"
"CR06","Chiroptera","Carollia_castanea","Banara_guianensis","M_16","feces","seed",33,"CR_late","mist_net","regeneration late"
"CR06","Chiroptera","Carollia_castanea","Solanum_jamaicense","M_29","feces","seed",33,"CR_late","mist_net","regeneration late"
"CR06","Chiroptera","Artibeus_lituratus","Banara_guianensis","M_15","feces","seed",33,"CR_late","mist_net","regeneration late"
"CR06","Chiroptera","Enchisthenes_hartii","Banara_guianensis","M_15","feces","seed",33,"CR_late","mist_net","regeneration late"
"CR06","Chiroptera","Carollia_perspicillata","Banara_guianensis","M_15","feces","seed",33,"CR_late","mist_net","regeneration late"
"CR06","Chiroptera","Carollia_castanea","Piper_sp1","M_05","feces","seed",33,"CR_late","mist_net","regeneration late"
"CR06","Chiroptera","Carollia_perspicillata","Minquartia_guianensis","M_19","feces","seed",33,"CR_late","mist_net","regeneration late"
"CR06","Chiroptera","Rhinophylla_alethina","Piper_multiplinervium","M_04","feces","seed",33,"CR_late","mist_net","regeneration late"
"CA64","Chiroptera","Carollia_castanea","Piper_grande","M_44","feces","seed",0,"Cacao","mist_net","regeneration early"
"CA64","Chiroptera","Carollia_brevicaudum","Casearia_arborea","M_45","feces","seed",0,"Cacao","mist_net","regeneration early"
"CA64","Chiroptera","Carollia_perspicillata","Piper_sp1","M_05","feces","seed",0,"Cacao","mist_net","regeneration early"
"CA64","Chiroptera","Carollia_perspicillata","Piper_grande","M_44","feces","seed",0,"Cacao","mist_net","regeneration early"
"CA64","Chiroptera","Carollia_perspicillata","Piptocoma_discolor","M_46","feces","seed",0,"Cacao","mist_net","regeneration early"
"CA64","Chiroptera","Sturnira_luisi","Piptocoma_discolor","M_13","feces","seed",0,"Cacao","mist_net","regeneration early"
"CA64","Chiroptera","Sturnira_luisi","Cecropia_membranacea","M_47","feces","seed",0,"Cacao","mist_net","regeneration early"
"CA64","Chiroptera","Vampyressa_thyone","Ficus_pertusa","M_37","feces","seed",0,"Cacao","mist_net","regeneration early"
"CA64","Chiroptera","Carollia_brevicaudum","Exarata_chocoensis","M_48","feces","seed",0,"Cacao","mist_net","regeneration early"
"CA64","Chiroptera","Carollia_perspicillata","Banara_guianensis","M_15","feces","seed",0,"Cacao","mist_net","regeneration early"
"CA64","Chiroptera","Carollia_brevicaudum","Cecropia_insignis","M_33","feces","seed",0,"Cacao","mist_net","regeneration early"
"CA64","Chiroptera","Carollia_brevicaudum","Piper_grande","M_44","feces","seed",0,"Cacao","mist_net","regeneration early"
"OG48","Chiroptera","Vampyressa_thyone","Naucleopsis_chiguila","M_27","feces","seed",55,"Old_growth","mist_net","old-growth forest"
"OG48","Chiroptera","Carollia_castanea","Piper_sp2","M_28","feces","seed",55,"Old_growth","mist_net","old-growth forest"
"OG48","Chiroptera","Carollia_castanea","Piper_pequeina","M_39","feces","seed",55,"Old_growth","mist_net","old-growth forest"
"OG48","Chiroptera","Carollia_brevicaudum","Minquartia_guianensis","M_19","feces","seed",55,"Old_growth","mist_net","old-growth forest"
"OG48","Chiroptera","Dermanura_rosenbergi","Naucleopsis_chiguila","M_27","feces","seed",55,"Old_growth","mist_net","old-growth forest"
"OG48","Chiroptera","Carollia_perspicillata","Vismia_baccifera","M_09","feces","seed",55,"Old_growth","mist_net","old-growth forest"
"OG48","Chiroptera","Carollia_perspicillata","Piper_pequeina","M_39","feces","seed",55,"Old_growth","mist_net","old-growth forest"
"OG48","Chiroptera","Carollia_perspicillata","Cecropia_membranacea","M_47","feces","seed",55,"Old_growth","mist_net","old-growth forest"
"OG50","Chiroptera","Vampyressa_thyone","Ficus_pertusa","M_37","feces","seed",55,"Old_growth","mist_net","old-growth forest"
"OG50","Chiroptera","Carollia_perspicillata","Minquartia_guianensis","M_49","feces","seed",55,"Old_growth","mist_net","old-growth forest"
"OG50","Chiroptera","Dermanura_rosenbergi","Ficus_pertusa","M_37","feces","seed",55,"Old_growth","mist_net","old-growth forest"
"OG50","Chiroptera","Carollia_brevicaudum","Piptocoma_discolor","M_13","feces","seed",55,"Old_growth","mist_net","old-growth forest"
"OG50","Chiroptera","Carollia_brevicaudum","Minquartia_guianensis","M_19","feces","seed",55,"Old_growth","mist_net","old-growth forest"
"OG50","Chiroptera","Rhinophylla_alethina","Minquartia_guianensis","M_49","feces","seed",55,"Old_growth","mist_net","old-growth forest"
"OG50","Chiroptera","Platyrrhinus_dorsalis","Cecropia_insignis","M_33","feces","seed",55,"Old_growth","mist_net","old-growth forest"
"OG50","Chiroptera","Carollia_castanea","Piper_pequeina","M_39","feces","seed",55,"Old_growth","mist_net","old-growth forest"
"OG50","Chiroptera","Carollia_castanea","Dendropanax_oblonga","M_50","feces","seed",55,"Old_growth","mist_net","old-growth forest"
"PA57","Chiroptera","Carollia_perspicillata","Piper_sp1","M_05","feces","seed",0,"Pasture","mist_net","regeneration early"
"PA57","Chiroptera","Carollia_perspicillata","Piptocoma_discolor","M_13","feces","seed",0,"Pasture","mist_net","regeneration early"
"PA57","Chiroptera","Sturnira_luisi","Piptocoma_discolor","M_13","feces","seed",0,"Pasture","mist_net","regeneration early"
"PA57","Chiroptera","Carollia_perspicillata","Banara_guianensis","M_16","feces","seed",0,"Pasture","mist_net","regeneration early"
"PA57","Chiroptera","Carollia_perspicillata","Piper_grande","M_51","feces","seed",0,"Pasture","mist_net","regeneration early"
"PA57","Chiroptera","Dermanura_ravus","Banara_guianensis","M_01","feces","seed",0,"Pasture","mist_net","regeneration early"
"PA57","Chiroptera","Uroderma_convexum","Piptocoma_discolor","M_13","feces","seed",0,"Pasture","mist_net","regeneration early"
"PA57","Chiroptera","Carollia_perspicillata","Minquartia_guianensis","M_19","feces","seed",0,"Pasture","mist_net","regeneration early"
"PA57","Chiroptera","Carollia_perspicillata","Vismia_baccifera","M_09","feces","seed",0,"Pasture","mist_net","regeneration early"
"PA57","Chiroptera","Uroderma_convexum","Banara_guianensis","M_15","feces","seed",0,"Pasture","mist_net","regeneration early"
"PA57","Chiroptera","Sturnira_luisi","Cecropia_insignis","M_52","feces","seed",0,"Pasture","mist_net","regeneration early"
"OG39","Chiroptera","Carollia_castanea","Vismia_baccifera","M_09","feces","seed",55,"Old_growth","mist_net","old-growth forest"
"OG39","Chiroptera","Carollia_castanea","Piper_sp2","M_53","feces","seed",55,"Old_growth","mist_net","old-growth forest"
"OG39","Chiroptera","Carollia_perspicillata","Minquartia_guianensis","M_19","feces","seed",55,"Old_growth","mist_net","old-growth forest"
"OG39","Chiroptera","Carollia_castanea","Piptocoma_discolor","M_06","feces","seed",55,"Old_growth","mist_net","old-growth forest"
"OG39","Chiroptera","Carollia_brevicaudum","Minquartia_guianensis","M_19","feces","seed",55,"Old_growth","mist_net","old-growth forest"
"OG39","Chiroptera","Dermanura_rosenbergi","Banara_guianensis","M_15","feces","seed",55,"Old_growth","mist_net","old-growth forest"
"OG39","Chiroptera","Carollia_perspicillata","Saurauia_herthae","M_54","feces","seed",55,"Old_growth","mist_net","old-growth forest"
"PR26","Chiroptera","Carollia_brevicaudum","Piper_grande","M_55","feces","seed",28,"PR_late","mist_net","regeneration late"
"PR26","Chiroptera","Carollia_castanea","Piper_ottoniifolium","M_03","feces","seed",28,"PR_late","mist_net","regeneration late"
"PR26","Chiroptera","Carollia_brevicaudum","Vismia_baccifera","M_09","feces","seed",28,"PR_late","mist_net","regeneration late"
"PR26","Chiroptera","Vampyriscus_nymphaea","Cecropia_insignis","M_52","feces","seed",28,"PR_late","mist_net","regeneration late"
"PR26","Chiroptera","Carollia_perspicillata","Minquartia_guianensis","M_19","feces","seed",28,"PR_late","mist_net","regeneration late"
"PR26","Chiroptera","Carollia_perspicillata","Aegiphila_alba","M_56","feces","seed",28,"PR_late","mist_net","regeneration late"
"PR26","Chiroptera","Carollia_brevicaudum","Piper_ottoniifolium","M_03","feces","seed",28,"PR_late","mist_net","regeneration late"
"PR26","Chiroptera","Dermanura_rosenbergi","Banara_guianensis","M_15","feces","seed",28,"PR_late","mist_net","regeneration late"
"PR26","Chiroptera","Platyrrhinus_helleri","Cecropia_insignis","M_57","feces","seed",28,"PR_late","mist_net","regeneration late"
"OG41","Chiroptera","Carollia_perspicillata","Minquartia_guianensis","M_19","feces","seed",55,"Old_growth","mist_net","old-growth forest"
"OG41","Chiroptera","Dermanura_rosenbergi","Piper_ottoniifolium","M_03","feces","seed",55,"Old_growth","mist_net","old-growth forest"
"OG41","Chiroptera","Carollia_castanea","Piper_multiplinervium","M_04","feces","seed",55,"Old_growth","mist_net","old-growth forest"
"OG41","Chiroptera","Dermanura_rosenbergi","Cecropia_insignis","M_57","feces","seed",55,"Old_growth","mist_net","old-growth forest"
"OG41","Chiroptera","Carollia_castanea","Piper_ottoniifolium","M_03","feces","seed",55,"Old_growth","mist_net","old-growth forest"
"OG41","Chiroptera","Vampyressa_thyone","Ficus_pertusa","M_37","feces","seed",55,"Old_growth","mist_net","old-growth forest"
"OG41","Chiroptera","Vampyriscus_nymphaea","Cecropia_insignis","M_52","feces","seed",55,"Old_growth","mist_net","old-growth forest"
"OG41","Chiroptera","Dermanura_rosenbergi","Coussapoa_contorta","M_60","feces","seed",55,"Old_growth","mist_net","old-growth forest"
"CA60","Chiroptera","Lichonycteris_obscura","Miconia_conocuatrecasii","M_07","feces","seed",0,"Cacao","mist_net","regeneration early"
"CA60","Chiroptera","Carollia_brevicaudum","Piptocoma_discolor","M_46","feces","seed",0,"Cacao","mist_net","regeneration early"
"CA60","Chiroptera","Carollia_perspicillata","Dendropanax_oblonga","M_61","feces","seed",0,"Cacao","mist_net","regeneration early"
"CA60","Chiroptera","Dermanura_ravus","Banara_guianensis","M_01","feces","seed",0,"Cacao","mist_net","regeneration early"
"CA60","Chiroptera","Sturnira_luisi","Piptocoma_discolor","M_13","feces","seed",0,"Cacao","mist_net","regeneration early"
"PA56","Chiroptera","Carollia_brevicaudum","Piptocoma_discolor","M_13","feces","seed",0,"Pasture","mist_net","regeneration early"
"PA56","Chiroptera","Carollia_perspicillata","Minquartia_guianensis","M_19","feces","seed",0,"Pasture","mist_net","regeneration early"
"PA56","Chiroptera","Carollia_perspicillata","Trema_micrantha","M_71","feces","seed",0,"Pasture","mist_net","regeneration early"
"PA56","Chiroptera","Vampyressa_thyone","Ficus_pertusa","M_37","feces","seed",0,"Pasture","mist_net","regeneration early"
"PA56","Chiroptera","Sturnira_luisi","Piptocoma_discolor","M_13","feces","seed",0,"Pasture","mist_net","regeneration early"
"PA56","Chiroptera","Uroderma_convexum","Piptocoma_discolor","M_13","feces","seed",0,"Pasture","mist_net","regeneration early"
"PA56","Chiroptera","Carollia_castanea","Miconia_dorsiloba","M_63","feces","seed",0,"Pasture","mist_net","regeneration early"
"PA56","Chiroptera","Dermanura_rosenbergi","Miconia_dorsiloba","M_63","feces","seed",0,"Pasture","mist_net","regeneration early"
"PA58","Chiroptera","Sturnira_luisi","Piptocoma_discolor","M_13","feces","seed",0,"Pasture","mist_net","regeneration early"
"PA58","Chiroptera","Carollia_castanea","Piper_grande","M_55","feces","seed",0,"Pasture","mist_net","regeneration early"
"PA58","Chiroptera","Dermanura_ravus","Ficus_pertusa","M_37","feces","seed",0,"Pasture","mist_net","regeneration early"
"PA58","Chiroptera","Platyrrhinus_helleri","Cecropia_insignis","M_52","feces","seed",0,"Pasture","mist_net","regeneration early"
"PA58","Chiroptera","Carollia_perspicillata","Piper_grande","M_44","feces","seed",0,"Pasture","mist_net","regeneration early"
"CA61","Chiroptera","Lichonycteris_obscura","Piper_pequeina","M_64","feces","seed",0,"Cacao","mist_net","regeneration early"
"CA61","Chiroptera","Carollia_castanea","Piper_grande","M_44","feces","seed",0,"Cacao","mist_net","regeneration early"
"CA61","Chiroptera","Carollia_perspicillata","Piper_grande","M_44","feces","seed",0,"Cacao","mist_net","regeneration early"
"CA61","Chiroptera","Carollia_perspicillata","Minquartia_guianensis","M_19","feces","seed",0,"Cacao","mist_net","regeneration early"
"CA61","Chiroptera","Carollia_perspicillata","Piper_pequeina","M_64","feces","seed",0,"Cacao","mist_net","regeneration early"
"CA61","Chiroptera","Sturnira_luisi","Piptocoma_discolor","M_13","feces","seed",0,"Cacao","mist_net","regeneration early"
"CA61","Chiroptera","Dermanura_ravus","Ficus_pertusa","M_65","feces","seed",0,"Cacao","mist_net","regeneration early"
"CA61","Chiroptera","Carollia_castanea","Piper_ottoniifolium","M_03","feces","seed",0,"Cacao","mist_net","regeneration early"
"CA61","Chiroptera","Uroderma_convexum","Piptocoma_discolor","M_13","feces","seed",0,"Cacao","mist_net","regeneration early"
"PA54","Chiroptera","Carollia_perspicillata","Piper_grande","M_51","feces","seed",0,"Pasture","mist_net","regeneration early"
"PA54","Chiroptera","Carollia_perspicillata","Minquartia_guianensis","M_19","feces","seed",0,"Pasture","mist_net","regeneration early"
"PA54","Chiroptera","Carollia_perspicillata","Piptocoma_discolor","M_13","feces","seed",0,"Pasture","mist_net","regeneration early"
"PA54","Chiroptera","Carollia_perspicillata","Cecropia_insignis","M_57","feces","seed",0,"Pasture","mist_net","regeneration early"
"PA54","Chiroptera","Carollia_perspicillata","Genipa_americana","M_66","feces","seed",0,"Pasture","mist_net","regeneration early"
"PA54","Chiroptera","Carollia_brevicaudum","Piper_grande","M_44","feces","seed",0,"Pasture","mist_net","regeneration early"
"PA54","Chiroptera","Vampyressa_thyone","Ficus_pertusa","M_65","feces","seed",0,"Pasture","mist_net","regeneration early"
"PA54","Chiroptera","Carollia_brevicaudum","Minquartia_guianensis","M_19","feces","seed",0,"Pasture","mist_net","regeneration early"
"PA54","Chiroptera","Artibeus_aequatorialis","Ficus_pertusa","M_65","feces","seed",0,"Pasture","mist_net","regeneration early"
"PA54","Chiroptera","Carollia_perspicillata","Piper_sp2","M_28","feces","seed",0,"Pasture","mist_net","regeneration early"
"PA54","Chiroptera","Sturnira_luisi","Cecropia_insignis","M_52","feces","seed",0,"Pasture","mist_net","regeneration early"
"PA54","Chiroptera","Artibeus_aequatorialis","Cecropia_insignis","M_57","feces","seed",0,"Pasture","mist_net","regeneration early"
"OG49","Chiroptera","Carollia_perspicillata","Nectandra_sp.2","M_67","feces","seed",55,"Old_growth","mist_net","old-growth forest"
"OG49","Chiroptera","Carollia_brevicaudum","Dendropanax_oblonga","M_61","feces","seed",55,"Old_growth","mist_net","old-growth forest"
"OG49","Chiroptera","Carollia_brevicaudum","Genipa_americana","M_66","feces","seed",55,"Old_growth","mist_net","old-growth forest"
"OG49","Chiroptera","Carollia_brevicaudum","Piper_sp1","M_68","feces","seed",55,"Old_growth","mist_net","old-growth forest"
"OG49","Chiroptera","Carollia_perspicillata","Piptocoma_discolor","M_13","feces","seed",55,"Old_growth","mist_net","old-growth forest"
"OG49","Chiroptera","Carollia_perspicillata","Piper_grande","M_55","feces","seed",55,"Old_growth","mist_net","old-growth forest"
"OG49","Chiroptera","Carollia_perspicillata","Genipa_americana","M_66","feces","seed",55,"Old_growth","mist_net","old-growth forest"
"OG49","Chiroptera","Carollia_perspicillata","Vismia_baccifera","M_09","feces","seed",55,"Old_growth","mist_net","old-growth forest"
"OG49","Chiroptera","Carollia_perspicillata","Minquartia_guianensis","M_19","feces","seed",55,"Old_growth","mist_net","old-growth forest"
"OG49","Chiroptera","Carollia_perspicillata","Bunchosia_nitida","M_69","feces","seed",55,"Old_growth","mist_net","old-growth forest"
"OG49","Chiroptera","Vampyressa_thyone","Ficus_pertusa","M_37","feces","seed",55,"Old_growth","mist_net","old-growth forest"
"OG49","Chiroptera","Artibeus_aequatorialis","Ficus_pertusa","M_37","feces","seed",55,"Old_growth","mist_net","old-growth forest"
"OG49","Chiroptera","Carollia_brevicaudum","Piper_grande","M_55","feces","seed",55,"Old_growth","mist_net","old-growth forest"
"OG49","Chiroptera","Artibeus_aequatorialis","Cecropia_insignis","M_52","feces","seed",55,"Old_growth","mist_net","old-growth forest"
"OG49","Chiroptera","Carollia_perspicillata","Trema_micrantha","M_71","feces","seed",55,"Old_growth","mist_net","old-growth forest"
"OG49","Chiroptera","Carollia_brevicaudum","Piptocoma_discolor","M_13","feces","seed",55,"Old_growth","mist_net","old-growth forest"
"CR18","Chiroptera","Carollia_castanea","Piper_grande","M_55","feces","seed",10,"CR_early","mist_net","regeneration early"
"CR18","Chiroptera","Carollia_castanea","Miconia_dorsiloba","M_63","feces","seed",10,"CR_early","mist_net","regeneration early"
"CR18","Chiroptera","Carollia_castanea","Piper_ottoniifolium","M_03","feces","seed",10,"CR_early","mist_net","regeneration early"
"CR18","Chiroptera","Carollia_perspicillata","Miconia_dorsiloba","M_63","feces","seed",10,"CR_early","mist_net","regeneration early"
"CR18","Chiroptera","Carollia_perspicillata","Banara_guianensis","M_72","feces","seed",10,"CR_early","mist_net","regeneration early"
"CR18","Chiroptera","Carollia_perspicillata","Apeiba_membranacea","M_73","feces","seed",10,"CR_early","mist_net","regeneration early"
"CR18","Chiroptera","Platyrrhinus_matapalensis","Cecropia_insignis","M_52","feces","seed",10,"CR_early","mist_net","regeneration early"
"CR18","Chiroptera","Dermanura_rosenbergi","Miconia_conocuatrecasii","M_07","feces","seed",10,"CR_early","mist_net","regeneration early"
"CR18","Chiroptera","Dermanura_rosenbergi","Psidium_guajava","M_74","feces","seed",10,"CR_early","mist_net","regeneration early"
"CR18","Chiroptera","Carollia_castanea","Piper_multiplinervium","M_04","feces","seed",10,"CR_early","mist_net","regeneration early"
"CR18","Chiroptera","Carollia_castanea","Psidium_guajava","M_75","feces","seed",10,"CR_early","mist_net","regeneration early"
"CR18","Chiroptera","Dermanura_ravus","Ficus_pertusa","M_65","feces","seed",10,"CR_early","mist_net","regeneration early"
"CR18","Chiroptera","Dermanura_rosenbergi","Piper_pequeina","M_64","feces","seed",10,"CR_early","mist_net","regeneration early"
"CR18","Chiroptera","Carollia_perspicillata","Piper_sp1","M_68","feces","seed",10,"CR_early","mist_net","regeneration early"
"CR18","Chiroptera","Carollia_brevicaudum","Trema_micrantha","M_71","feces","seed",10,"CR_early","mist_net","regeneration early"
"CR18","Chiroptera","Carollia_castanea","Piper_pequeina","M_64","feces","seed",10,"CR_early","mist_net","regeneration early"
"CR18","Chiroptera","Carollia_castanea","Banara_guianensis","M_72","feces","seed",10,"CR_early","mist_net","regeneration early"
"CR18","Chiroptera","Vampyressa_thyone","Ficus_pertusa","M_37","feces","seed",10,"CR_early","mist_net","regeneration early"
"CR18","Chiroptera","Carollia_perspicillata","Dendropanax_oblonga","M_50","feces","seed",10,"CR_early","mist_net","regeneration early"
"CR18","Chiroptera","Sturnira_luisi","Cecropia_insignis","M_52","feces","seed",10,"CR_early","mist_net","regeneration early"
"CR18","Chiroptera","Rhinophylla_alethina","Citronella_incarum","M_36","feces","seed",10,"CR_early","mist_net","regeneration early"
"CR18","Chiroptera","Carollia_brevicaudum","Minquartia_guianensis","M_19","feces","seed",10,"CR_early","mist_net","regeneration early"
"CR18","Chiroptera","Platyrrhinus_matapalensis","Cecropia_membranacea","M_47","feces","seed",10,"CR_early","mist_net","regeneration early"
"CR18","Chiroptera","Carollia_perspicillata","Piptocoma_discolor","M_06","feces","seed",10,"CR_early","mist_net","regeneration early"
"CR18","Chiroptera","Carollia_perspicillata","Cecropia_insignis","M_52","feces","seed",10,"CR_early","mist_net","regeneration early"
"CR18","Chiroptera","Dermanura_rosenbergi","Morpho_19","M_41","feces","seed",10,"CR_early","mist_net","regeneration early"
"CR18","Chiroptera","Carollia_castanea","Morpho_19","M_41","feces","seed",10,"CR_early","mist_net","regeneration early"
"CR18","Chiroptera","Carollia_brevicaudum","Piptocoma_discolor","M_13","feces","seed",10,"CR_early","mist_net","regeneration early"
"CR18","Chiroptera","Platyrrhinus_dorsalis","Cecropia_insignis","M_52","feces","seed",10,"CR_early","mist_net","regeneration early"
"PR34","Chiroptera","Carollia_brevicaudum","Piper_grande","M_55","feces","seed",38,"PR_late","mist_net","regeneration late"
"PR34","Chiroptera","Carollia_brevicaudum","Miconia_dorsiloba","M_63","feces","seed",38,"PR_late","mist_net","regeneration late"
"PR34","Chiroptera","Carollia_perspicillata","Piper_grande","M_55","feces","seed",38,"PR_late","mist_net","regeneration late"
"PR34","Chiroptera","Carollia_castanea","Miconia_dorsiloba","M_63","feces","seed",38,"PR_late","mist_net","regeneration late"
"PR34","Chiroptera","Carollia_castanea","Piper_grande","M_55","feces","seed",38,"PR_late","mist_net","regeneration late"
"PR34","Chiroptera","Dermanura_rosenbergi","Miconia_dorsiloba","M_63","feces","seed",38,"PR_late","mist_net","regeneration late"
"PR34","Chiroptera","Vampyressa_thyone","Miconia_conocuatrecasii","M_07","feces","seed",38,"PR_late","mist_net","regeneration late"
"PR34","Chiroptera","Carollia_perspicillata","Piper_multiplinervium","M_04","feces","seed",38,"PR_late","mist_net","regeneration late"
"PR34","Chiroptera","Carollia_perspicillata","Trema_micrantha","M_71","feces","seed",38,"PR_late","mist_net","regeneration late"
"PR34","Chiroptera","Carollia_brevicaudum","Piper_multiplinervium","M_04","feces","seed",38,"PR_late","mist_net","regeneration late"
"PR34","Chiroptera","Carollia_perspicillata","Miconia_dorsiloba","M_63","feces","seed",38,"PR_late","mist_net","regeneration late"
"PR34","Chiroptera","Carollia_perspicillata","Minquartia_guianensis","M_19","feces","seed",38,"PR_late","mist_net","regeneration late"
"CR14","Chiroptera","Carollia_perspicillata","Piper_multiplinervium","M_04","feces","seed",38,"CR_late","mist_net","regeneration late"
"CR14","Chiroptera","Carollia_brevicaudum","Piper_grande","M_55","feces","seed",38,"CR_late","mist_net","regeneration late"
"CR14","Chiroptera","Carollia_castanea","Miconia_dorsiloba","M_63","feces","seed",38,"CR_late","mist_net","regeneration late"
"CR14","Chiroptera","Carollia_castanea","Piper_grande","M_55","feces","seed",38,"CR_late","mist_net","regeneration late"
"CR14","Chiroptera","Dermanura_rosenbergi","Miconia_dorsiloba","M_63","feces","seed",38,"CR_late","mist_net","regeneration late"
"CR14","Chiroptera","Carollia_brevicaudum","Piper_multiplinervium","M_04","feces","seed",38,"CR_late","mist_net","regeneration late"
"CR14","Chiroptera","Carollia_castanea","Piper_multiplinervium","M_04","feces","seed",38,"CR_late","mist_net","regeneration late"
"CR14","Chiroptera","Carollia_castanea","Piper_pequeina","M_20","feces","seed",38,"CR_late","mist_net","regeneration late"
"CR14","Chiroptera","Carollia_perspicillata","Piptocoma_discolor","M_46","feces","seed",38,"CR_late","mist_net","regeneration late"
"CR14","Chiroptera","Carollia_perspicillata","Piper_grande","M_55","feces","seed",38,"CR_late","mist_net","regeneration late"
"CR14","Chiroptera","Carollia_perspicillata","Piper_pequeina","M_64","feces","seed",38,"CR_late","mist_net","regeneration late"
"CR14","Chiroptera","Carollia_perspicillata","Trema_micrantha","M_71","feces","seed",38,"CR_late","mist_net","regeneration late"
"PR32","Chiroptera","Carollia_perspicillata","Aegiphila_alba","M_56","feces","seed",16,"PR_late","mist_net","regeneration late"
"PR32","Chiroptera","Carollia_perspicillata","Piper_multiplinervium","M_04","feces","seed",16,"PR_late","mist_net","regeneration late"
"PR32","Chiroptera","Carollia_perspicillata","Hieronyma_macrocarpa","M_78","feces","seed",16,"PR_late","mist_net","regeneration late"
"PR32","Chiroptera","Carollia_castanea","Banara_guianensis","M_01","feces","seed",16,"PR_late","mist_net","regeneration late"
"PR32","Chiroptera","Carollia_castanea","Piper_pequeina","M_64","feces","seed",16,"PR_late","mist_net","regeneration late"
"PR32","Chiroptera","Dermanura_rosenbergi","Piper_sp2","M_28","feces","seed",16,"PR_late","mist_net","regeneration late"
"PR32","Chiroptera","Carollia_castanea","Piper_sp1","M_68","feces","seed",16,"PR_late","mist_net","regeneration late"
"PR32","Chiroptera","Dermanura_rosenbergi","Trema_integerrima","M_79","feces","seed",16,"PR_late","mist_net","regeneration late"
"PR32","Chiroptera","Dermanura_rosenbergi","Miconia_conocuatrecasii","M_07","feces","seed",16,"PR_late","mist_net","regeneration late"
"PR32","Chiroptera","Carollia_brevicaudum","Miconia_dorsiloba","M_63","feces","seed",16,"PR_late","mist_net","regeneration late"
"PR32","Chiroptera","Carollia_castanea","Piper_grande","M_55","feces","seed",16,"PR_late","mist_net","regeneration late"
"PR32","Chiroptera","Rhinophylla_alethina","Piper_grande","M_55","feces","seed",16,"PR_late","mist_net","regeneration late"
"PR32","Chiroptera","Rhinophylla_alethina","Aegiphila_alba","M_56","feces","seed",16,"PR_late","mist_net","regeneration late"
"PR32","Chiroptera","Carollia_brevicaudum","Piper_sp1","M_68","feces","seed",16,"PR_late","mist_net","regeneration late"
"PR32","Chiroptera","Dermanura_rosenbergi","Aegiphila_alba","M_56","feces","seed",16,"PR_late","mist_net","regeneration late"
"PR32","Chiroptera","Dermanura_rosenbergi","Piper_multiplinervium","M_04","feces","seed",16,"PR_late","mist_net","regeneration late"
"PR32","Chiroptera","Dermanura_rosenbergi","Cecropia_insignis","M_57","feces","seed",16,"PR_late","mist_net","regeneration late"
"PR32","Chiroptera","Rhinophylla_alethina","Discophora_guianensis","M_38","feces","seed",16,"PR_late","mist_net","regeneration late"
"PR32","Chiroptera","Lichonycteris_obscura","Miconia_conocuatrecasii","M_07","feces","seed",16,"PR_late","mist_net","regeneration late"
"CR12","Chiroptera","Carollia_perspicillata","Piper_sp1","M_68","feces","seed",15,"CR_late","mist_net","regeneration late"
"CR12","Chiroptera","Carollia_perspicillata","Miconia_conocuatrecasii","M_07","feces","seed",15,"CR_late","mist_net","regeneration late"
"CR12","Chiroptera","Dermanura_rosenbergi","Miconia_dorsiloba","M_63","feces","seed",15,"CR_late","mist_net","regeneration late"
"CR12","Chiroptera","Carollia_castanea","Piper_grande","M_55","feces","seed",15,"CR_late","mist_net","regeneration late"
"CR12","Chiroptera","Carollia_castanea","Piper_sp1","M_68","feces","seed",15,"CR_late","mist_net","regeneration late"
"CR12","Chiroptera","Dermanura_rosenbergi","Piper_sp1","M_68","feces","seed",15,"CR_late","mist_net","regeneration late"
"CR12","Chiroptera","Carollia_brevicaudum","Piper_sp1","M_68","feces","seed",15,"CR_late","mist_net","regeneration late"
"CR12","Chiroptera","Rhinophylla_alethina","Morpho_5","M_81","feces","seed",15,"CR_late","mist_net","regeneration late"
"CR12","Chiroptera","Dermanura_rosenbergi","Miconia_conocuatrecasii","M_07","feces","seed",15,"CR_late","mist_net","regeneration late"
"CR12","Chiroptera","Carollia_perspicillata","Piper_grande","M_55","feces","seed",15,"CR_late","mist_net","regeneration late"
"CR12","Chiroptera","Carollia_perspicillata","Miconia_dorsiloba","M_63","feces","seed",15,"CR_late","mist_net","regeneration late"
"CR12","Chiroptera","Rhinophylla_alethina","Aegiphila_alba","M_56","feces","seed",15,"CR_late","mist_net","regeneration late"
"CR12","Chiroptera","Dermanura_rosenbergi","Morpho_5","M_81","feces","seed",15,"CR_late","mist_net","regeneration late"
"CR12","Chiroptera","Carollia_castanea","Piper_sp2","M_28","feces","seed",15,"CR_late","mist_net","regeneration late"
"OG47","Chiroptera","Carollia_brevicaudum","Piptocoma_discolor","M_06","feces","seed",55,"Old_growth","mist_net","old-growth forest"
"OG47","Chiroptera","Rhinophylla_alethina","Inga_oerstediana","M_108","feces","seed",55,"Old_growth","mist_net","old-growth forest"
"OG47","Chiroptera","Carollia_castanea","Piper_ottoniifolium","M_03","feces","seed",55,"Old_growth","mist_net","old-growth forest"
"OG47","Chiroptera","Carollia_castanea","Piptocoma_discolor","M_06","feces","seed",55,"Old_growth","mist_net","old-growth forest"
"OG47","Chiroptera","Carollia_perspicillata","Piper_sp1","M_68","feces","seed",55,"Old_growth","mist_net","old-growth forest"
"OG47","Chiroptera","Carollia_castanea","Piper_grande","M_55","feces","seed",55,"Old_growth","mist_net","old-growth forest"
"OG47","Chiroptera","Vampyriscus_nymphaea","Cecropia_insignis","M_52","feces","seed",55,"Old_growth","mist_net","old-growth forest"
"OG47","Chiroptera","Chiroderma_villosum","Ficus_pertusa","M_37","feces","seed",55,"Old_growth","mist_net","old-growth forest"
"OG47","Chiroptera","Dermanura_rosenbergi","Miconia_conocuatrecasii","M_07","feces","seed",55,"Old_growth","mist_net","old-growth forest"
"OG47","Chiroptera","Carollia_brevicaudum","Piper_sp1","M_68","feces","seed",55,"Old_growth","mist_net","old-growth forest"
"OG47","Chiroptera","Carollia_perspicillata","Miconia_conocuatrecasii","M_07","feces","seed",55,"Old_growth","mist_net","old-growth forest"
"OG46","Chiroptera","Rhinophylla_alethina","Miconia_dorsiloba","M_63","feces","seed",55,"Old_growth","mist_net","old-growth forest"
"OG46","Chiroptera","Rhinophylla_alethina","Inga_oerstediana","M_108","feces","seed",55,"Old_growth","mist_net","old-growth forest"
"OG46","Chiroptera","Rhinophylla_alethina","Casearia_arborea","M_45","feces","seed",55,"Old_growth","mist_net","old-growth forest"
"OG46","Chiroptera","Dermanura_rosenbergi","Cecropia_insignis","M_57","feces","seed",55,"Old_growth","mist_net","old-growth forest"
"OG44","Chiroptera","Carollia_castanea","Piper_grande","M_55","feces","seed",55,"Old_growth","mist_net","old-growth forest"
"CR13","Chiroptera","Carollia_perspicillata","Piper_grande","M_55","feces","seed",1,"CR_early","mist_net","regeneration early"
"CR13","Chiroptera","Carollia_perspicillata","Piper_sp1","M_68","feces","seed",1,"CR_early","mist_net","regeneration early"
"CR13","Chiroptera","Rhinophylla_alethina","Pouteria_leptopedicellata","M_111","feces","seed",1,"CR_early","mist_net","regeneration early"
"CR13","Chiroptera","Carollia_castanea","Piper_sp1","M_05","feces","seed",1,"CR_early","mist_net","regeneration early"
"CR13","Chiroptera","Carollia_castanea","Piper_grande","M_55","feces","seed",1,"CR_early","mist_net","regeneration early"
"CR13","Chiroptera","Carollia_castanea","Piper_pequeina","M_83","feces","seed",1,"CR_early","mist_net","regeneration early"
"CR13","Chiroptera","Rhinophylla_alethina","Citronella_incarum","M_36","feces","seed",1,"CR_early","mist_net","regeneration early"
"CR13","Chiroptera","Carollia_perspicillata","Minquartia_guianensis","M_19","feces","seed",1,"CR_early","mist_net","regeneration early"
"CR13","Chiroptera","Rhinophylla_alethina","Piper_grande","M_85","feces","seed",1,"CR_early","mist_net","regeneration early"
"CR13","Chiroptera","Dermanura_rosenbergi","Byrsonima_ligustrifolia","M_100","feces","seed",1,"CR_early","mist_net","regeneration early"
"CR13","Chiroptera","Dermanura_rosenbergi","Piper_grande","M_101","feces","seed",1,"CR_early","mist_net","regeneration early"
"PR33","Chiroptera","Dermanura_ravus","Trema_micrantha","M_95","feces","seed",1,"PR_early","mist_net","regeneration early"
"PR33","Chiroptera","Carollia_perspicillata","Piper_sp1","M_68","feces","seed",1,"PR_early","mist_net","regeneration early"
"PR33","Chiroptera","Sturnira_luisi","Piptocoma_discolor","M_13","feces","seed",1,"PR_early","mist_net","regeneration early"
"PR33","Chiroptera","Carollia_castanea","Piper_multiplinervium","M_04","feces","seed",1,"PR_early","mist_net","regeneration early"
"PR33","Chiroptera","Carollia_castanea","Piper_sp1","M_68","feces","seed",1,"PR_early","mist_net","regeneration early"
"PR33","Chiroptera","Dermanura_ravus","Piper_sp1","M_68","feces","seed",1,"PR_early","mist_net","regeneration early"
"PR33","Chiroptera","Carollia_perspicillata","Piptocoma_discolor","M_13","feces","seed",1,"PR_early","mist_net","regeneration early"
"PR33","Chiroptera","Dermanura_rosenbergi","Minquartia_guianensis","M_19","feces","seed",1,"PR_early","mist_net","regeneration early"
"PR33","Chiroptera","Dermanura_rosenbergi","Piper_sp1","M_68","feces","seed",1,"PR_early","mist_net","regeneration early"
"PR33","Chiroptera","Carollia_castanea","Piptocoma_discolor","M_13","feces","seed",1,"PR_early","mist_net","regeneration early"
"CA59","Chiroptera","Carollia_brevicaudum","Vismia_baccifera","M_09","feces","seed",0,"Cacao","mist_net","regeneration early"
"CA59","Chiroptera","Carollia_perspicillata","Piptocoma_discolor","M_13","feces","seed",0,"Cacao","mist_net","regeneration early"
"CA59","Chiroptera","Carollia_perspicillata","Piper_sp1","M_68","feces","seed",0,"Cacao","mist_net","regeneration early"
"CA59","Chiroptera","Vampyriscus_nymphaea","Banara_guianensis","M_15","feces","seed",0,"Cacao","mist_net","regeneration early"
"CA59","Chiroptera","Vampyressa_thyone","Ficus_pertusa","M_37","feces","seed",0,"Cacao","mist_net","regeneration early"
"CA59","Chiroptera","Chiroderma_villosum","Ficus_sp1","M_86","feces","seed",0,"Cacao","mist_net","regeneration early"
"CA59","Chiroptera","Uroderma_convexum","Ficus_sp1","M_86","feces","seed",0,"Cacao","mist_net","regeneration early"
"CA59","Chiroptera","Carollia_castanea","Piptocoma_discolor","M_06","feces","seed",0,"Cacao","mist_net","regeneration early"
"CA59","Chiroptera","Carollia_brevicaudum","Piper_sp1","M_05","feces","seed",0,"Cacao","mist_net","regeneration early"
"CA59","Chiroptera","Sturnira_luisi","Minquartia_guianensis","M_19","feces","seed",0,"Cacao","mist_net","regeneration early"
"CA59","Chiroptera","Uroderma_convexum","Banara_guianensis","M_15","feces","seed",0,"Cacao","mist_net","regeneration early"
"CA59","Chiroptera","Platyrrhinus_matapalensis","Cecropia_insignis","M_52","feces","seed",0,"Cacao","mist_net","regeneration early"
"PR22","Chiroptera","Dermanura_rosenbergi","Banara_guianensis","M_01","feces","seed",12,"PR_early","mist_net","regeneration early"
"PR22","Chiroptera","Carollia_perspicillata","Vismia_baccifera","M_09","feces","seed",12,"PR_early","mist_net","regeneration early"
"PR22","Chiroptera","Carollia_perspicillata","Piper_sp1","M_68","feces","seed",12,"PR_early","mist_net","regeneration early"
"PR22","Chiroptera","Carollia_castanea","Piper_sp1","M_68","feces","seed",12,"PR_early","mist_net","regeneration early"
"PR22","Chiroptera","Sturnira_luisi","Piptocoma_discolor","M_13","feces","seed",12,"PR_early","mist_net","regeneration early"
"PR22","Chiroptera","Dermanura_rosenbergi","Piper_sp1","M_68","feces","seed",12,"PR_early","mist_net","regeneration early"
"PR22","Chiroptera","Carollia_perspicillata","Piptocoma_discolor","M_13","feces","seed",12,"PR_early","mist_net","regeneration early"
"PR22","Chiroptera","Carollia_perspicillata","Banara_guianensis","M_01","feces","seed",12,"PR_early","mist_net","regeneration early"
"PR22","Chiroptera","Carollia_perspicillata","Saurauia_herthae","M_54","feces","seed",12,"PR_early","mist_net","regeneration early"
"PR22","Chiroptera","Carollia_brevicaudum","Saurauia_herthae","M_54","feces","seed",12,"PR_early","mist_net","regeneration early"
"PR22","Chiroptera","Rhinophylla_alethina","Coussapoa_contorta","M_87","feces","seed",12,"PR_early","mist_net","regeneration early"
"PR22","Chiroptera","Carollia_brevicaudum","Vismia_baccifera","M_09","feces","seed",12,"PR_early","mist_net","regeneration early"
"PR22","Chiroptera","Platyrrhinus_matapalensis","Cecropia_insignis","M_52","feces","seed",12,"PR_early","mist_net","regeneration early"
"PR22","Chiroptera","Carollia_brevicaudum","Banara_guianensis","M_01","feces","seed",12,"PR_early","mist_net","regeneration early"
"CR05","Chiroptera","Dermanura_rosenbergi","Banara_guianensis","M_01","feces","seed",12,"CR_early","mist_net","regeneration early"
"CR05","Chiroptera","Dermanura_rosenbergi","Piptocoma_discolor","M_46","feces","seed",12,"CR_early","mist_net","regeneration early"
"CR05","Chiroptera","Carollia_perspicillata","Saurauia_herthae","M_54","feces","seed",12,"CR_early","mist_net","regeneration early"
"CR05","Chiroptera","Carollia_perspicillata","Piptocoma_discolor","M_46","feces","seed",12,"CR_early","mist_net","regeneration early"
"CR05","Chiroptera","Carollia_castanea","Banara_guianensis","M_01","feces","seed",12,"CR_early","mist_net","regeneration early"
"CR05","Chiroptera","Carollia_castanea","Discophora_guianensis","M_38","feces","seed",12,"CR_early","mist_net","regeneration early"
"CR05","Chiroptera","Carollia_castanea","Piper_sp1","M_68","feces","seed",12,"CR_early","mist_net","regeneration early"
"CR05","Chiroptera","Carollia_perspicillata","Piper_sp1","M_68","feces","seed",12,"CR_early","mist_net","regeneration early"
"CR05","Chiroptera","Carollia_perspicillata","Vismia_baccifera","M_09","feces","seed",12,"CR_early","mist_net","regeneration early"
"CR05","Chiroptera","Carollia_castanea","Pouteria_caimito","M_89","feces","seed",12,"CR_early","mist_net","regeneration early"
"CR05","Chiroptera","Carollia_brevicaudum","Banara_guianensis","M_01","feces","seed",12,"CR_early","mist_net","regeneration early"
"CR05","Chiroptera","Carollia_brevicaudum","Piper_sp1","M_68","feces","seed",12,"CR_early","mist_net","regeneration early"
"CR05","Chiroptera","Dermanura_ravus","Ficus_pertusa","M_37","feces","seed",12,"CR_early","mist_net","regeneration early"
"CR05","Chiroptera","Vampyressa_thyone","Ficus_pertusa","M_37","feces","seed",12,"CR_early","mist_net","regeneration early"
"CR05","Chiroptera","Carollia_perspicillata","Banara_guianensis","M_01","feces","seed",12,"CR_early","mist_net","regeneration early"
"CR05","Chiroptera","Platyrrhinus_matapalensis","Cecropia_insignis","M_52","feces","seed",12,"CR_early","mist_net","regeneration early"
"CR05","Chiroptera","Sturnira_luisi","Piptocoma_discolor","M_13","feces","seed",12,"CR_early","mist_net","regeneration early"
"CR05","Chiroptera","Sturnira_perla","Piper_pequeina","M_20","feces","seed",12,"CR_early","mist_net","regeneration early"
"CR05","Chiroptera","Vampyriscus_nymphaea","Cecropia_insignis","M_52","feces","seed",12,"CR_early","mist_net","regeneration early"
"OG42","Chiroptera","Carollia_castanea","Piper_sp1","M_05","feces","seed",55,"Old_growth","mist_net","old-growth forest"
"OG42","Chiroptera","Carollia_perspicillata","Dendropanax_oblonga","M_61","feces","seed",55,"Old_growth","mist_net","old-growth forest"
"OG42","Chiroptera","Carollia_perspicillata","Piper_sp1","M_68","feces","seed",55,"Old_growth","mist_net","old-growth forest"
"OG42","Chiroptera","Dermanura_rosenbergi","Piper_grande","M_91","feces","seed",55,"Old_growth","mist_net","old-growth forest"
"OG42","Chiroptera","Carollia_perspicillata","Piptocoma_discolor","M_13","feces","seed",55,"Old_growth","mist_net","old-growth forest"
"OG42","Chiroptera","Carollia_brevicaudum","Piper_sp1","M_68","feces","seed",55,"Old_growth","mist_net","old-growth forest"
"OG42","Chiroptera","Carollia_perspicillata","Piper_grande","M_44","feces","seed",55,"Old_growth","mist_net","old-growth forest"
"OG42","Chiroptera","Vampyressa_thyone","Ficus_pertusa","M_37","feces","seed",55,"Old_growth","mist_net","old-growth forest"
"OG42","Chiroptera","Dermanura_rosenbergi","Bunchosia_nitida","M_69","feces","seed",55,"Old_growth","mist_net","old-growth forest"
"OG42","Chiroptera","Carollia_brevicaudum","Piptocoma_discolor","M_06","feces","seed",55,"Old_growth","mist_net","old-growth forest"
"OG42","Chiroptera","Vampyriscus_nymphaea","Cecropia_insignis","M_52","feces","seed",55,"Old_growth","mist_net","old-growth forest"
"OG42","Chiroptera","Lichonycteris_obscura","Piper_pequeina","M_64","feces","seed",55,"Old_growth","mist_net","old-growth forest"
"OG42","Chiroptera","Carollia_castanea","Banara_guianensis","M_72","feces","seed",55,"Old_growth","mist_net","old-growth forest"
"OG42","Chiroptera","Carollia_brevicaudum","Piper_grande","M_44","feces","seed",55,"Old_growth","mist_net","old-growth forest"
"OG42","Chiroptera","Carollia_castanea","Piper_grande","M_91","feces","seed",55,"Old_growth","mist_net","old-growth forest"
"PR19","Chiroptera","Carollia_castanea","Piper_sp1","M_05","feces","seed",6,"PR_early","mist_net","regeneration early"
"PR19","Chiroptera","Carollia_castanea","Piper_grande","M_44","feces","seed",6,"PR_early","mist_net","regeneration early"
"PR19","Chiroptera","Sturnira_luisi","Piptocoma_discolor","M_13","feces","seed",6,"PR_early","mist_net","regeneration early"
"PR19","Chiroptera","Carollia_perspicillata","Piptocoma_discolor","M_13","feces","seed",6,"PR_early","mist_net","regeneration early"
"PR19","Chiroptera","Carollia_perspicillata","Piper_pequeina","M_20","feces","seed",6,"PR_early","mist_net","regeneration early"
"PR19","Chiroptera","Carollia_perspicillata","Piper_sp1","M_68","feces","seed",6,"PR_early","mist_net","regeneration early"
"PR19","Chiroptera","Carollia_perspicillata","Piper_grande","M_44","feces","seed",6,"PR_early","mist_net","regeneration early"
"PR19","Chiroptera","Carollia_perspicillata","Saurauia_herthae","M_54","feces","seed",6,"PR_early","mist_net","regeneration early"
"PR19","Chiroptera","Carollia_brevicaudum","Piper_sp1","M_05","feces","seed",6,"PR_early","mist_net","regeneration early"
"PR19","Chiroptera","Carollia_brevicaudum","Dendropanax_oblonga","M_61","feces","seed",6,"PR_early","mist_net","regeneration early"
"PR19","Chiroptera","Uroderma_convexum","Piptocoma_discolor","M_13","feces","seed",6,"PR_early","mist_net","regeneration early"
"PR19","Chiroptera","Dermanura_ravus","Banara_guianensis","M_15","feces","seed",6,"PR_early","mist_net","regeneration early"
"PR19","Chiroptera","Platyrrhinus_helleri","Cecropia_insignis","M_52","feces","seed",6,"PR_early","mist_net","regeneration early"
"PR36","Chiroptera","Carollia_perspicillata","Bunchosia_nitida","M_69","feces","seed",9,"PR_early","mist_net","regeneration early"
"PR36","Chiroptera","Carollia_perspicillata","Piptocoma_discolor","M_06","feces","seed",9,"PR_early","mist_net","regeneration early"
"PR36","Chiroptera","Carollia_perspicillata","Vismia_baccifera","M_09","feces","seed",9,"PR_early","mist_net","regeneration early"
"PR36","Chiroptera","Carollia_perspicillata","Saurauia_herthae","M_54","feces","seed",9,"PR_early","mist_net","regeneration early"
"PR36","Chiroptera","Carollia_brevicaudum","Piptocoma_discolor","M_13","feces","seed",9,"PR_early","mist_net","regeneration early"
"PR36","Chiroptera","Carollia_castanea","Piptocoma_discolor","M_06","feces","seed",9,"PR_early","mist_net","regeneration early"
"PR36","Chiroptera","Artibeus_lituratus","Cecropia_insignis","M_52","feces","seed",9,"PR_early","mist_net","regeneration early"
"PR36","Chiroptera","Carollia_castanea","Saurauia_herthae","M_54","feces","seed",9,"PR_early","mist_net","regeneration early"
"PR36","Chiroptera","Carollia_perspicillata","Piper_sp1","M_05","feces","seed",9,"PR_early","mist_net","regeneration early"
"PR36","Chiroptera","Carollia_castanea","Vismia_baccifera","M_09","feces","seed",9,"PR_early","mist_net","regeneration early"
"PR36","Chiroptera","Sturnira_luisi","Cecropia_insignis","M_52","feces","seed",9,"PR_early","mist_net","regeneration early"
"PR36","Chiroptera","Platyrrhinus_dorsalis","Cecropia_insignis","M_52","feces","seed",9,"PR_early","mist_net","regeneration early"
"PR36","Chiroptera","Artibeus_aequatorialis","Cecropia_insignis","M_52","feces","seed",9,"PR_early","mist_net","regeneration early"
"PR36","Chiroptera","Dermanura_rosenbergi","Piptocoma_discolor","M_06","feces","seed",9,"PR_early","mist_net","regeneration early"
"PR36","Chiroptera","Carollia_perspicillata","Piper_multiplinervium","M_04","feces","seed",9,"PR_early","mist_net","regeneration early"
"PR36","Chiroptera","Carollia_brevicaudum","Vismia_baccifera","M_09","feces","seed",9,"PR_early","mist_net","regeneration early"
"PR36","Chiroptera","Carollia_brevicaudum","Banara_guianensis","M_72","feces","seed",9,"PR_early","mist_net","regeneration early"
"PR36","Chiroptera","Carollia_brevicaudum","Piper_sp1","M_05","feces","seed",9,"PR_early","mist_net","regeneration early"
"PR36","Chiroptera","Carollia_brevicaudum","Saurauia_herthae","M_54","feces","seed",9,"PR_early","mist_net","regeneration early"
"PR36","Chiroptera","Carollia_perspicillata","Banara_guianensis","M_72","feces","seed",9,"PR_early","mist_net","regeneration early"
"CR17","Chiroptera","Carollia_perspicillata","Saurauia_herthae","M_54","feces","seed",9,"CR_early","mist_net","regeneration early"
"CR17","Chiroptera","Vampyriscus_nymphaea","Cecropia_insignis","M_52","feces","seed",9,"CR_early","mist_net","regeneration early"
"CR17","Chiroptera","Carollia_brevicaudum","Saurauia_herthae","M_54","feces","seed",9,"CR_early","mist_net","regeneration early"
"CR17","Chiroptera","Carollia_castanea","Piper_sp1","M_05","feces","seed",9,"CR_early","mist_net","regeneration early"
"CR17","Chiroptera","Carollia_castanea","Saurauia_herthae","M_54","feces","seed",9,"CR_early","mist_net","regeneration early"
"CR17","Chiroptera","Carollia_perspicillata","Piper_sp1","M_05","feces","seed",9,"CR_early","mist_net","regeneration early"
"CR17","Chiroptera","Carollia_perspicillata","Piper_ottoniifolium","M_03","feces","seed",9,"CR_early","mist_net","regeneration early"
"CR17","Chiroptera","Carollia_perspicillata","Piper_grande","M_44","feces","seed",9,"CR_early","mist_net","regeneration early"
"CR17","Chiroptera","Carollia_castanea","Piper_ottoniifolium","M_03","feces","seed",9,"CR_early","mist_net","regeneration early"
"CR17","Chiroptera","Dermanura_ravus","Banara_guianensis","M_15","feces","seed",9,"CR_early","mist_net","regeneration early"
"CR17","Chiroptera","Rhinophylla_alethina","Minquartia_guianensis","M_19","feces","seed",9,"CR_early","mist_net","regeneration early"
"CR17","Chiroptera","Carollia_perspicillata","Vismia_baccifera","M_09","feces","seed",9,"CR_early","mist_net","regeneration early"
"CR17","Chiroptera","Carollia_brevicaudum","Vismia_baccifera","M_09","feces","seed",9,"CR_early","mist_net","regeneration early"
"CR17","Chiroptera","Dermanura_rosenbergi","Piptocoma_discolor","M_06","feces","seed",9,"CR_early","mist_net","regeneration early"
"CR17","Chiroptera","Carollia_perspicillata","Piptocoma_discolor","M_13","feces","seed",9,"CR_early","mist_net","regeneration early"
"CR17","Chiroptera","Carollia_castanea","Vismia_baccifera","M_09","feces","seed",9,"CR_early","mist_net","regeneration early"
"CR17","Chiroptera","Carollia_castanea","Discophora_guianensis","M_38","feces","seed",9,"CR_early","mist_net","regeneration early"
"CR17","Chiroptera","Carollia_brevicaudum","Trema_micrantha","M_71","feces","seed",9,"CR_early","mist_net","regeneration early"
"CR17","Chiroptera","Carollia_perspicillata","Bunchosia_nitida","M_69","feces","seed",9,"CR_early","mist_net","regeneration early"
"CR17","Chiroptera","Dermanura_rosenbergi","Banara_guianensis","M_01","feces","seed",9,"CR_early","mist_net","regeneration early"
"CR17","Chiroptera","Carollia_perspicillata","Minquartia_guianensis","M_19","feces","seed",9,"CR_early","mist_net","regeneration early"
"CR16","Chiroptera","Carollia_perspicillata","Trema_micrantha","M_71","feces","seed",8,"CR_early","mist_net","regeneration early"
"CR16","Chiroptera","Carollia_brevicaudum","Trema_micrantha","M_71","feces","seed",8,"CR_early","mist_net","regeneration early"
"CR16","Chiroptera","Dermanura_ravus","Banara_guianensis","M_01","feces","seed",8,"CR_early","mist_net","regeneration early"
"CR16","Chiroptera","Carollia_brevicaudum","Vismia_baccifera","M_09","feces","seed",8,"CR_early","mist_net","regeneration early"
"CR16","Chiroptera","Dermanura_rosenbergi","Piptocoma_discolor","M_06","feces","seed",8,"CR_early","mist_net","regeneration early"
"CR16","Chiroptera","Carollia_castanea","Miconia_dorsiloba","M_63","feces","seed",8,"CR_early","mist_net","regeneration early"
"CR16","Chiroptera","Carollia_brevicaudum","Saurauia_herthae","M_54","feces","seed",8,"CR_early","mist_net","regeneration early"
"CR16","Chiroptera","Carollia_brevicaudum","Piptocoma_discolor","M_13","feces","seed",8,"CR_early","mist_net","regeneration early"
"CR16","Chiroptera","Carollia_perspicillata","Piptocoma_discolor","M_13","feces","seed",8,"CR_early","mist_net","regeneration early"
"CR16","Chiroptera","Carollia_perspicillata","Minquartia_guianensis","M_19","feces","seed",8,"CR_early","mist_net","regeneration early"
"CR16","Chiroptera","Carollia_perspicillata","Saurauia_herthae","M_54","feces","seed",8,"CR_early","mist_net","regeneration early"
"CR16","Chiroptera","Vampyriscus_nymphaea","Cecropia_insignis","M_52","feces","seed",8,"CR_early","mist_net","regeneration early"
"CR16","Chiroptera","Carollia_castanea","Trema_micrantha","M_95","feces","seed",8,"CR_early","mist_net","regeneration early"
"CR16","Chiroptera","Carollia_brevicaudum","Bunchosia_nitida","M_69","feces","seed",8,"CR_early","mist_net","regeneration early"
"CR16","Chiroptera","Carollia_castanea","Piper_sp1","M_05","feces","seed",8,"CR_early","mist_net","regeneration early"
"CR16","Chiroptera","Carollia_castanea","Discophora_guianensis","M_38","feces","seed",8,"CR_early","mist_net","regeneration early"
"CR16","Chiroptera","Carollia_castanea","Vismia_baccifera","M_09","feces","seed",8,"CR_early","mist_net","regeneration early"
"CR16","Chiroptera","Carollia_brevicaudum","Piper_ottoniifolium","M_03","feces","seed",8,"CR_early","mist_net","regeneration early"
"CR16","Chiroptera","Dermanura_ravus","Ficus_pertusa","M_37","feces","seed",8,"CR_early","mist_net","regeneration early"
"CR16","Chiroptera","Carollia_perspicillata","Vismia_baccifera","M_09","feces","seed",8,"CR_early","mist_net","regeneration early"
"CR16","Chiroptera","Sturnira_luisi","Piptocoma_discolor","M_13","feces","seed",8,"CR_early","mist_net","regeneration early"
"PR27","Chiroptera","Carollia_perspicillata","Piper_pequeina","M_20","feces","seed",27,"PR_late","mist_net","regeneration late"
"PR27","Chiroptera","Carollia_perspicillata","Piper_grande","M_44","feces","seed",27,"PR_late","mist_net","regeneration late"
"PR27","Chiroptera","Carollia_perspicillata","Piper_sp1","M_68","feces","seed",27,"PR_late","mist_net","regeneration late"
"PR27","Chiroptera","Platyrrhinus_dorsalis","Miconia_multiplicata","M_98","feces","seed",27,"PR_late","mist_net","regeneration late"
"PR27","Chiroptera","Carollia_brevicaudum","Trema_micrantha","M_71","feces","seed",27,"PR_late","mist_net","regeneration late"
"PR27","Chiroptera","Carollia_perspicillata","Piptocoma_discolor","M_99","feces","seed",27,"PR_late","mist_net","regeneration late"
"CR08","Chiroptera","Carollia_brevicaudum","Piper_sp1","M_05","feces","seed",27,"CR_late","mist_net","regeneration late"
"CR08","Chiroptera","Carollia_castanea","Piper_sp1","M_05","feces","seed",27,"CR_late","mist_net","regeneration late"
"CR08","Chiroptera","Carollia_castanea","Apeiba_membranacea","M_73","feces","seed",27,"CR_late","mist_net","regeneration late"
"CR08","Chiroptera","Carollia_perspicillata","Piptocoma_discolor","M_13","feces","seed",27,"CR_late","mist_net","regeneration late"
"CR08","Chiroptera","Carollia_castanea","Piper_grande","M_55","feces","seed",27,"CR_late","mist_net","regeneration late"
"CR08","Chiroptera","Lichonycteris_obscura","Miconia_conocuatrecasii","M_07","feces","seed",27,"CR_late","mist_net","regeneration late"
"CR08","Chiroptera","Carollia_perspicillata","Piper_pequeina","M_20","feces","seed",27,"CR_late","mist_net","regeneration late"
"CR08","Chiroptera","Carollia_brevicaudum","Piptocoma_discolor","M_13","feces","seed",27,"CR_late","mist_net","regeneration late"
"CR08","Chiroptera","Carollia_brevicaudum","Minquartia_guianensis","M_19","feces","seed",27,"CR_late","mist_net","regeneration late"
"CR08","Chiroptera","Carollia_brevicaudum","Saurauia_herthae","M_54","feces","seed",27,"CR_late","mist_net","regeneration late"
"CR08","Chiroptera","Platyrrhinus_dorsalis","Cecropia_insignis","M_52","feces","seed",27,"CR_late","mist_net","regeneration late"
"CR08","Chiroptera","Dermanura_rosenbergi","Miconia_conocuatrecasii","M_07","feces","seed",27,"CR_late","mist_net","regeneration late"
"CR08","Chiroptera","Dermanura_rosenbergi","Morpho_19","M_41","feces","seed",27,"CR_late","mist_net","regeneration late"
"CR07","Chiroptera","Carollia_brevicaudum","Piper_pequeina","M_20","feces","seed",23,"CR_late","mist_net","regeneration late"
"CR07","Chiroptera","Carollia_brevicaudum","Trema_micrantha","M_71","feces","seed",23,"CR_late","mist_net","regeneration late"
"CR07","Chiroptera","Dermanura_rosenbergi","Miconia_conocuatrecasii","M_07","feces","seed",23,"CR_late","mist_net","regeneration late"
"CR07","Chiroptera","Carollia_castanea","Piper_grande","M_55","feces","seed",23,"CR_late","mist_net","regeneration late"
"CR07","Chiroptera","Vampyriscus_nymphaea","Cecropia_insignis","M_52","feces","seed",23,"CR_late","mist_net","regeneration late"
"CR07","Chiroptera","Carollia_castanea","Piper_sp1","M_05","feces","seed",23,"CR_late","mist_net","regeneration late"
"CR07","Chiroptera","Carollia_castanea","Piper_pequeina","M_20","feces","seed",23,"CR_late","mist_net","regeneration late"
"CR07","Chiroptera","Carollia_castanea","Faramea_langlassei","M_102","feces","seed",23,"CR_late","mist_net","regeneration late"
"CR07","Chiroptera","Vampyressa_thyone","Morpho_3","M_103","feces","seed",23,"CR_late","mist_net","regeneration late"
"CR07","Chiroptera","Carollia_castanea","Pouteria_caimito","M_89","feces","seed",23,"CR_late","mist_net","regeneration late"
"CR07","Chiroptera","Carollia_perspicillata","Minquartia_guianensis","M_19","feces","seed",23,"CR_late","mist_net","regeneration late"
"CR07","Chiroptera","Dermanura_ravus","Psidium_guajava","M_74","feces","seed",23,"CR_late","mist_net","regeneration late"
"CR07","Chiroptera","Dermanura_ravus","Morpho_3","M_103","feces","seed",23,"CR_late","mist_net","regeneration late"
"CR07","Chiroptera","Carollia_castanea","Miconia_conocuatrecasii","M_07","feces","seed",23,"CR_late","mist_net","regeneration late"
"CR07","Chiroptera","Carollia_perspicillata","Apeiba_membranacea","M_73","feces","seed",23,"CR_late","mist_net","regeneration late"
"CR07","Chiroptera","Carollia_brevicaudum","Minquartia_guianensis","M_19","feces","seed",23,"CR_late","mist_net","regeneration late"
"CR07","Chiroptera","Platyrrhinus_dorsalis","Cecropia_insignis","M_57","feces","seed",23,"CR_late","mist_net","regeneration late"
"OG43","Chiroptera","Dermanura_rosenbergi","Piper_pequeina","M_39","feces","seed",55,"Old_growth","mist_net","old-growth forest"
"OG43","Chiroptera","Dermanura_rosenbergi","Nectandra_paucinervia","M_104","feces","seed",55,"Old_growth","mist_net","old-growth forest"
"OG43","Chiroptera","Carollia_perspicillata","Piper_sp1","M_05","feces","seed",55,"Old_growth","mist_net","old-growth forest"
"OG43","Chiroptera","Carollia_perspicillata","Minquartia_guianensis","M_19","feces","seed",55,"Old_growth","mist_net","old-growth forest"
"OG43","Chiroptera","Vampyriscus_nymphaea","Cecropia_insignis","M_52","feces","seed",55,"Old_growth","mist_net","old-growth forest"
"OG43","Chiroptera","Carollia_perspicillata","Piper_grande","M_51","feces","seed",55,"Old_growth","mist_net","old-growth forest"
"OG43","Chiroptera","Carollia_perspicillata","Saurauia_herthae","M_54","feces","seed",55,"Old_growth","mist_net","old-growth forest"
"OG43","Chiroptera","Carollia_perspicillata","Piptocoma_discolor","M_99","feces","seed",55,"Old_growth","mist_net","old-growth forest"
"OG43","Chiroptera","Platyrrhinus_dorsalis","Cecropia_membranacea","M_47","feces","seed",55,"Old_growth","mist_net","old-growth forest"
"OG43","Chiroptera","Carollia_castanea","Piper_ottoniifolium","M_03","feces","seed",55,"Old_growth","mist_net","old-growth forest"
"OG43","Chiroptera","Carollia_perspicillata","Vismia_baccifera","M_09","feces","seed",55,"Old_growth","mist_net","old-growth forest"
"OG43","Chiroptera","Carollia_perspicillata","Aegiphila_alba","M_56","feces","seed",55,"Old_growth","mist_net","old-growth forest"
"OG43","Chiroptera","Rhinophylla_alethina","Minquartia_guianensis","M_49","feces","seed",55,"Old_growth","mist_net","old-growth forest"
"OG43","Chiroptera","Rhinophylla_alethina","Piper_grande","M_55","feces","seed",55,"Old_growth","mist_net","old-growth forest"
"OG43","Chiroptera","Carollia_perspicillata","Piper_pequeina","M_20","feces","seed",55,"Old_growth","mist_net","old-growth forest"
"OG43","Chiroptera","Dermanura_rosenbergi","Piper_sp2","M_28","feces","seed",55,"Old_growth","mist_net","old-growth forest"
"OG43","Chiroptera","Platyrrhinus_dorsalis","Cecropia_insignis","M_52","feces","seed",55,"Old_growth","mist_net","old-growth forest"
"OG28","Chiroptera","Carollia_brevicaudum","Minquartia_guianensis","M_19","feces","seed",55,"Old_growth","mist_net","old-growth forest"
"OG28","Chiroptera","Carollia_brevicaudum","Piper_sp1","M_68","feces","seed",55,"Old_growth","mist_net","old-growth forest"
"OG28","Chiroptera","Carollia_perspicillata","Apeiba_membranacea","M_73","feces","seed",55,"Old_growth","mist_net","old-growth forest"
"OG28","Chiroptera","Lichonycteris_obscura","Miconia_conocuatrecasii","M_07","feces","seed",55,"Old_growth","mist_net","old-growth forest"
"OG28","Chiroptera","Dermanura_rosenbergi","Cecropia_insignis","M_52","feces","seed",55,"Old_growth","mist_net","old-growth forest"
"OG28","Chiroptera","Rhinophylla_alethina","Minquartia_guianensis","M_49","feces","seed",55,"Old_growth","mist_net","old-growth forest"
"OG28","Chiroptera","Carollia_perspicillata","Piptocoma_discolor","M_13","feces","seed",55,"Old_growth","mist_net","old-growth forest"
"OG28","Chiroptera","Carollia_perspicillata","Banara_guianensis","M_15","feces","seed",55,"Old_growth","mist_net","old-growth forest"
"OG28","Chiroptera","Carollia_brevicaudum","Piper_pequeina","M_20","feces","seed",55,"Old_growth","mist_net","old-growth forest"
"OG28","Chiroptera","Carollia_castanea","Piper_sp1","M_05","feces","seed",55,"Old_growth","mist_net","old-growth forest"
"OG28","Chiroptera","Dermanura_ravus","Ficus_pertusa","M_11","feces","seed",55,"Old_growth","mist_net","old-growth forest"
"OG28","Chiroptera","Carollia_perspicillata","Piper_pequeina","M_20","feces","seed",55,"Old_growth","mist_net","old-growth forest"
"OG28","Chiroptera","Carollia_perspicillata","Saurauia_herthae","M_54","feces","seed",55,"Old_growth","mist_net","old-growth forest"
"OG28","Chiroptera","Carollia_perspicillata","Minquartia_guianensis","M_19","feces","seed",55,"Old_growth","mist_net","old-growth forest"
"OG40","Chiroptera","Dermanura_rosenbergi","Nectandra_paucinervia","M_104","feces","seed",55,"Old_growth","mist_net","old-growth forest"
"OG40","Chiroptera","Vampyressa_thyone","Ficus_pertusa","M_11","feces","seed",55,"Old_growth","mist_net","old-growth forest"
"OG40","Chiroptera","Chiroderma_gorgasi","Piper_multiplinervium","M_04","feces","seed",55,"Old_growth","mist_net","old-growth forest"
"OG40","Chiroptera","Carollia_brevicaudum","Piper_multiplinervium","M_04","feces","seed",55,"Old_growth","mist_net","old-growth forest"
"OG40","Chiroptera","Carollia_perspicillata","Saurauia_herthae","M_54","feces","seed",55,"Old_growth","mist_net","old-growth forest"
"OG40","Chiroptera","Carollia_perspicillata","Piper_grande","M_51","feces","seed",55,"Old_growth","mist_net","old-growth forest"
"OG40","Chiroptera","Dermanura_ravus","Banara_guianensis","M_15","feces","seed",55,"Old_growth","mist_net","old-growth forest"
"OG40","Chiroptera","Carollia_perspicillata","Piper_pequeina","M_105","feces","seed",55,"Old_growth","mist_net","old-growth forest"
"OG40","Chiroptera","Artibeus_lituratus","Miconia_multiplicata","M_98","feces","seed",55,"Old_growth","mist_net","old-growth forest"
"PA55","Chiroptera","Dermanura_ravus","Banara_guianensis","M_15","feces","seed",0,"Pasture","mist_net","regeneration early"
"PA55","Chiroptera","Artibeus_lituratus","Banara_guianensis","M_15","feces","seed",0,"Pasture","mist_net","regeneration early"
"PA55","Chiroptera","Dermanura_rosenbergi","Miconia_conocuatrecasii","M_07","feces","seed",0,"Pasture","mist_net","regeneration early"
"PA55","Chiroptera","Dermanura_ravus","Ficus_pertusa","M_11","feces","seed",0,"Pasture","mist_net","regeneration early"
"PA55","Chiroptera","Carollia_perspicillata","Banara_guianensis","M_15","feces","seed",0,"Pasture","mist_net","regeneration early"
"PA55","Chiroptera","Dermanura_rosenbergi","Banara_guianensis","M_15","feces","seed",0,"Pasture","mist_net","regeneration early"
"OG51","Chiroptera","Carollia_perspicillata","Piper_grande","M_55","feces","seed",55,"Old_growth","mist_net","old-growth forest"
"OG51","Chiroptera","Artibeus_lituratus","Beilschmiedia_costaricensis","M_106","feces","seed",55,"Old_growth","mist_net","old-growth forest"
"OG51","Chiroptera","Vampyressa_thyone","Ficus_pertusa","M_11","feces","seed",55,"Old_growth","mist_net","old-growth forest"
"OG51","Chiroptera","Carollia_perspicillata","Piptocoma_discolor","M_06","feces","seed",55,"Old_growth","mist_net","old-growth forest"
"OG51","Chiroptera","Carollia_perspicillata","Banara_guianensis","M_15","feces","seed",55,"Old_growth","mist_net","old-growth forest"
"OG51","Chiroptera","Dermanura_ravus","Ficus_pertusa","M_11","feces","seed",55,"Old_growth","mist_net","old-growth forest"
"OG51","Chiroptera","Carollia_castanea","Piper_ottoniifolium","M_03","feces","seed",55,"Old_growth","mist_net","old-growth forest"
"OG51","Chiroptera","Carollia_castanea","Piper_grande","M_55","feces","seed",55,"Old_growth","mist_net","old-growth forest"
"OG51","Chiroptera","Carollia_perspicillata","Dendropanax_oblonga","M_21","feces","seed",55,"Old_growth","mist_net","old-growth forest"
"OG52","Chiroptera","Carollia_perspicillata","Piptocoma_discolor","M_06","feces","seed",55,"Old_growth","mist_net","old-growth forest"
"OG52","Chiroptera","Carollia_perspicillata","Trema_micrantha","M_95","feces","seed",55,"Old_growth","mist_net","old-growth forest"
"OG52","Chiroptera","Carollia_perspicillata","Piper_grande","M_44","feces","seed",55,"Old_growth","mist_net","old-growth forest"
"OG52","Chiroptera","Carollia_perspicillata","Saurauia_herthae","M_54","feces","seed",55,"Old_growth","mist_net","old-growth forest"
"OG52","Chiroptera","Artibeus_aequatorialis","Cecropia_insignis","M_52","feces","seed",55,"Old_growth","mist_net","old-growth forest"
"OG52","Chiroptera","Carollia_perspicillata","Banara_guianensis","M_15","feces","seed",55,"Old_growth","mist_net","old-growth forest"
"OG52","Chiroptera","Carollia_perspicillata","Inga_oerstediana","M_108","feces","seed",55,"Old_growth","mist_net","old-growth forest"
"OG52","Chiroptera","Carollia_castanea","Piper_sp2","M_28","feces","seed",55,"Old_growth","mist_net","old-growth forest"
"OG52","Chiroptera","Carollia_castanea","Apeiba_membranacea","M_73","feces","seed",55,"Old_growth","mist_net","old-growth forest"
"OG52","Chiroptera","Platyrrhinus_dorsalis","Cecropia_insignis","M_52","feces","seed",55,"Old_growth","mist_net","old-growth forest"
"OG52","Chiroptera","Dermanura_rosenbergi","Coussapoa_contorta","M_60","feces","seed",55,"Old_growth","mist_net","old-growth forest"
"CA63","Chiroptera","Vampyressa_thyone","Ficus_pertusa","M_11","feces","seed",0,"Cacao","mist_net","regeneration early"
"CA63","Chiroptera","Carollia_perspicillata","Piper_ottoniifolium","M_03","feces","seed",0,"Cacao","mist_net","regeneration early"
"CA63","Chiroptera","Carollia_perspicillata","Piptocoma_discolor","M_06","feces","seed",0,"Cacao","mist_net","regeneration early"
"CA63","Chiroptera","Carollia_perspicillata","Piper_grande","M_55","feces","seed",0,"Cacao","mist_net","regeneration early"
"CA63","Chiroptera","Carollia_perspicillata","Ficus_sp2","M_109","feces","seed",0,"Cacao","mist_net","regeneration early"
"CA63","Chiroptera","Artibeus_aequatorialis","Cecropia_insignis","M_52","feces","seed",0,"Cacao","mist_net","regeneration early"
"CA63","Chiroptera","Artibeus_aequatorialis","Ficus_sp2","M_109","feces","seed",0,"Cacao","mist_net","regeneration early"
"CA63","Chiroptera","Carollia_castanea","Trema_micrantha","M_95","feces","seed",0,"Cacao","mist_net","regeneration early"
"CA63","Chiroptera","Carollia_castanea","Piper_ottoniifolium","M_03","feces","seed",0,"Cacao","mist_net","regeneration early"
"CA63","Chiroptera","Platyrrhinus_dorsalis","Cecropia_insignis","M_52","feces","seed",0,"Cacao","mist_net","regeneration early"
"CA63","Chiroptera","Carollia_perspicillata","Exarata_chocoensis","M_48","feces","seed",0,"Cacao","mist_net","regeneration early"
"CA63","Chiroptera","Platyrrhinus_matapalensis","Cecropia_insignis","M_52","feces","seed",0,"Cacao","mist_net","regeneration early"
"CA63","Chiroptera","Carollia_castanea","Piper_grande","M_55","feces","seed",0,"Cacao","mist_net","regeneration early"
"OG37","Chiroptera","Carollia_brevicaudum","Piper_grande","M_51","feces","seed",55,"Old_growth","mist_net","old-growth forest"
"OG37","Chiroptera","Carollia_perspicillata","Piper_grande","M_55","feces","seed",55,"Old_growth","mist_net","old-growth forest"
"OG37","Chiroptera","Carollia_perspicillata","Saurauia_herthae","M_54","feces","seed",55,"Old_growth","mist_net","old-growth forest"
"OG37","Chiroptera","Carollia_castanea","Piper_grande","M_55","feces","seed",55,"Old_growth","mist_net","old-growth forest"
"OG37","Chiroptera","Carollia_perspicillata","Miconia_dorsiloba","M_63","feces","seed",55,"Old_growth","mist_net","old-growth forest"
"OG37","Chiroptera","Dermanura_rosenbergi","Banara_guianensis","M_01","feces","seed",55,"Old_growth","mist_net","old-growth forest"
"OG37","Chiroptera","Carollia_brevicaudum","Miconia_dorsiloba","M_63","feces","seed",55,"Old_growth","mist_net","old-growth forest"
"OG37","Chiroptera","Artibeus_lituratus","Cecropia_insignis","M_52","feces","seed",55,"Old_growth","mist_net","old-growth forest"
"OG37","Chiroptera","Artibeus_aequatorialis","Byrsonima_ligustrifolia","M_100","feces","seed",55,"Old_growth","mist_net","old-growth forest"
"OG37","Chiroptera","Rhinophylla_alethina","Casearia_arborea","M_45","feces","seed",55,"Old_growth","mist_net","old-growth forest"
"PR20","Chiroptera","Carollia_castanea","Piper_grande","M_55","feces","seed",4,"PR_early","mist_net","regeneration early"
"PR25","Chiroptera","Carollia_perspicillata","Vismia_baccifera","M_09","feces","seed",6,"PR_early","mist_net","regeneration early"
"PR25","Chiroptera","Carollia_perspicillata","Piper_grande","M_55","feces","seed",6,"PR_early","mist_net","regeneration early"
"PR25","Chiroptera","Carollia_brevicaudum","Saurauia_herthae","M_54","feces","seed",6,"PR_early","mist_net","regeneration early"
"PR25","Chiroptera","Carollia_perspicillata","Saurauia_herthae","M_54","feces","seed",6,"PR_early","mist_net","regeneration early"
"PR25","Chiroptera","Carollia_perspicillata","Miconia_dorsiloba","M_63","feces","seed",6,"PR_early","mist_net","regeneration early"
"PR25","Chiroptera","Carollia_perspicillata","Piper_sp1","M_68","feces","seed",6,"PR_early","mist_net","regeneration early"
"PR25","Chiroptera","Carollia_perspicillata","Piper_pequeina","M_20","feces","seed",6,"PR_early","mist_net","regeneration early"
"PR25","Chiroptera","Carollia_castanea","Miconia_dorsiloba","M_63","feces","seed",6,"PR_early","mist_net","regeneration early"
"PR25","Chiroptera","Platyrrhinus_dorsalis","Miconia_multiplicata","M_98","feces","seed",6,"PR_early","mist_net","regeneration early"
"PR25","Chiroptera","Carollia_perspicillata","Lozania_klugii","M_110","feces","seed",6,"PR_early","mist_net","regeneration early"
"PR25","Chiroptera","Carollia_brevicaudum","Piper_grande","M_51","feces","seed",6,"PR_early","mist_net","regeneration early"
"CR01","Chiroptera","Carollia_perspicillata","Saurauia_herthae","M_54","feces","seed",6,"CR_early","mist_net","regeneration early"
"CR01","Chiroptera","Carollia_castanea","Piper_grande","M_55","feces","seed",6,"CR_early","mist_net","regeneration early"
"CR01","Chiroptera","Carollia_perspicillata","Aegiphila_alba","M_56","feces","seed",6,"CR_early","mist_net","regeneration early"
"CR01","Chiroptera","Carollia_perspicillata","Banara_guianensis","M_01","feces","seed",6,"CR_early","mist_net","regeneration early"
"CR01","Chiroptera","Carollia_perspicillata","Dendropanax_oblonga","M_50","feces","seed",6,"CR_early","mist_net","regeneration early"
"CR01","Chiroptera","Carollia_perspicillata","Piper_sp1","M_68","feces","seed",6,"CR_early","mist_net","regeneration early"
"CR01","Chiroptera","Dermanura_rosenbergi","Banara_guianensis","M_01","feces","seed",6,"CR_early","mist_net","regeneration early"
"CR01","Chiroptera","Carollia_castanea","Piper_sp1","M_05","feces","seed",6,"CR_early","mist_net","regeneration early"
"CR01","Chiroptera","Carollia_brevicaudum","Saurauia_herthae","M_54","feces","seed",6,"CR_early","mist_net","regeneration early"
"CR01","Chiroptera","Carollia_brevicaudum","Piper_sp1","M_68","feces","seed",6,"CR_early","mist_net","regeneration early"
"CR01","Chiroptera","Carollia_perspicillata","Piper_grande","M_55","feces","seed",6,"CR_early","mist_net","regeneration early"
"CR01","Chiroptera","Dermanura_rosenbergi","Morpho_3","M_103","feces","seed",6,"CR_early","mist_net","regeneration early"
"CR01","Chiroptera","Platyrrhinus_dorsalis","Cecropia_insignis","M_52","feces","seed",6,"CR_early","mist_net","regeneration early"
"CR01","Chiroptera","Carollia_perspicillata","Piper_longifolium","M_112","feces","seed",6,"CR_early","mist_net","regeneration early"
"CR01","Chiroptera","Dermanura_rosenbergi","Miconia_dorsiloba","M_63","feces","seed",6,"CR_early","mist_net","regeneration early"
"CR01","Chiroptera","Carollia_perspicillata","Lozania_klugii","M_110","feces","seed",6,"CR_early","mist_net","regeneration early"
"CR01","Chiroptera","Platyrrhinus_dorsalis","Miconia_multiplicata","M_98","feces","seed",6,"CR_early","mist_net","regeneration early"
"CR01","Chiroptera","Dermanura_rosenbergi","Cecropia_insignis","M_52","feces","seed",6,"CR_early","mist_net","regeneration early"
"CR01","Chiroptera","Carollia_castanea","Miconia_dorsiloba","M_63","feces","seed",6,"CR_early","mist_net","regeneration early"
"CR01","Chiroptera","Carollia_perspicillata","Miconia_dorsiloba","M_63","feces","seed",6,"CR_early","mist_net","regeneration early"
"CR01","Chiroptera","Carollia_perspicillata","Minquartia_guianensis","M_19","feces","seed",6,"CR_early","mist_net","regeneration early"
"CR01","Chiroptera","Carollia_castanea","Banara_guianensis","M_01","feces","seed",6,"CR_early","mist_net","regeneration early"
"CR01","Chiroptera","Carollia_castanea","Morpho_19","M_41","feces","seed",6,"CR_early","mist_net","regeneration early"
"PR31","Chiroptera","Carollia_perspicillata","Miconia_dorsiloba","M_63","feces","seed",16,"PR_late","mist_net","regeneration late"
"PR31","Chiroptera","Carollia_perspicillata","Piper_sp1","M_68","feces","seed",16,"PR_late","mist_net","regeneration late"
"PR31","Chiroptera","Carollia_castanea","Miconia_dorsiloba","M_63","feces","seed",16,"PR_late","mist_net","regeneration late"
"PR31","Chiroptera","Dermanura_ravus","Trema_micrantha","M_95","feces","seed",16,"PR_late","mist_net","regeneration late"
"CR10","Chiroptera","Carollia_brevicaudum","Miconia_dorsiloba","M_63","feces","seed",24,"CR_late","mist_net","regeneration late"
"CR10","Chiroptera","Carollia_castanea","Piper_sp1","M_05","feces","seed",24,"CR_late","mist_net","regeneration late"
"CR10","Chiroptera","Carollia_castanea","Piper_grande","M_55","feces","seed",24,"CR_late","mist_net","regeneration late"
"CR10","Chiroptera","Carollia_castanea","Miconia_dorsiloba","M_63","feces","seed",24,"CR_late","mist_net","regeneration late"
"CR10","Chiroptera","Carollia_perspicillata","Piper_grande","M_55","feces","seed",24,"CR_late","mist_net","regeneration late"
"CR10","Chiroptera","Rhinophylla_alethina","Citronella_incarum","M_36","feces","seed",24,"CR_late","mist_net","regeneration late"
"PA53","Chiroptera","Carollia_castanea","Miconia_dorsiloba","M_63","feces","seed",0,"Pasture","mist_net","regeneration early"
"PA53","Chiroptera","Carollia_castanea","Piper_sp1","M_68","feces","seed",0,"Pasture","mist_net","regeneration early"
"PA53","Chiroptera","Vampyriscus_nymphaea","Cecropia_insignis","M_52","feces","seed",0,"Pasture","mist_net","regeneration early"
"PA53","Chiroptera","Vampyressa_thyone","Ficus_pertusa","M_37","feces","seed",0,"Pasture","mist_net","regeneration early"
"CR02","Chiroptera","Carollia_perspicillata","Saurauia_herthae","M_54","feces","seed",8,"CR_early","mist_net","regeneration early"
"CR02","Chiroptera","Carollia_brevicaudum","Piptocoma_discolor","M_13","feces","seed",8,"CR_early","mist_net","regeneration early"
"CR02","Chiroptera","Carollia_brevicaudum","Minquartia_guianensis","M_19","feces","seed",8,"CR_early","mist_net","regeneration early"
"CR02","Chiroptera","Carollia_brevicaudum","Piper_sp1","M_68","feces","seed",8,"CR_early","mist_net","regeneration early"
"CR02","Chiroptera","Carollia_castanea","Trema_micrantha","M_95","feces","seed",8,"CR_early","mist_net","regeneration early"
"CR02","Chiroptera","Dermanura_rosenbergi","Miconia_dorsiloba","M_63","feces","seed",8,"CR_early","mist_net","regeneration early"
"CR02","Chiroptera","Carollia_castanea","Piper_grande","M_55","feces","seed",8,"CR_early","mist_net","regeneration early"
"CR02","Chiroptera","Dermanura_rosenbergi","Cecropia_insignis","M_57","feces","seed",8,"CR_early","mist_net","regeneration early"
"CR02","Chiroptera","Carollia_castanea","Piper_ottoniifolium","M_03","feces","seed",8,"CR_early","mist_net","regeneration early"
"PR30","Chiroptera","Dermanura_rosenbergi","Miconia_conocuatrecasii","M_07","feces","seed",15,"PR_late","mist_net","regeneration late"
"PR30","Chiroptera","Dermanura_rosenbergi","Faramea_langlassei","M_102","feces","seed",15,"PR_late","mist_net","regeneration late"
"PR30","Chiroptera","Vampyriscus_nymphaea","Cecropia_insignis","M_52","feces","seed",15,"PR_late","mist_net","regeneration late"
"PR30","Chiroptera","Carollia_perspicillata","Piper_sp1","M_68","feces","seed",15,"PR_late","mist_net","regeneration late"
"PR30","Chiroptera","Carollia_castanea","Piper_ottoniifolium","M_03","feces","seed",15,"PR_late","mist_net","regeneration late"
"PR30","Chiroptera","Carollia_castanea","Trema_micrantha","M_95","feces","seed",15,"PR_late","mist_net","regeneration late"
"PR30","Chiroptera","Carollia_castanea","Piper_sp1","M_05","feces","seed",15,"PR_late","mist_net","regeneration late"
"PR30","Chiroptera","Platyrrhinus_dorsalis","Cecropia_insignis","M_52","feces","seed",15,"PR_late","mist_net","regeneration late"
"PR30","Chiroptera","Carollia_perspicillata","Piptocoma_discolor","M_13","feces","seed",15,"PR_late","mist_net","regeneration late"
"PR30","Chiroptera","Carollia_perspicillata","Minquartia_guianensis","M_19","feces","seed",15,"PR_late","mist_net","regeneration late"
"PR29","Chiroptera","Carollia_perspicillata","Piper_sp1","M_05","feces","seed",6,"PR_early","mist_net","regeneration early"
"PR29","Chiroptera","Carollia_perspicillata","Solanum_jamaicense","M_29","feces","seed",6,"PR_early","mist_net","regeneration early"
"PR29","Chiroptera","Carollia_perspicillata","Nectandra_paucinervia","M_104","feces","seed",6,"PR_early","mist_net","regeneration early"
"PR29","Chiroptera","Carollia_castanea","Piper_grande","M_55","feces","seed",6,"PR_early","mist_net","regeneration early"
"PR29","Chiroptera","Carollia_castanea","Piper_sp1","M_68","feces","seed",6,"PR_early","mist_net","regeneration early"
"PR29","Chiroptera","Dermanura_rosenbergi","Cecropia_insignis","M_52","feces","seed",6,"PR_early","mist_net","regeneration early"
"PR29","Chiroptera","Carollia_castanea","Piper_ottoniifolium","M_03","feces","seed",6,"PR_early","mist_net","regeneration early"
"PR29","Chiroptera","Carollia_perspicillata","Minquartia_guianensis","M_19","feces","seed",6,"PR_early","mist_net","regeneration early"
"PR29","Chiroptera","Carollia_perspicillata","Piper_pequeina","M_20","feces","seed",6,"PR_early","mist_net","regeneration early"
"PR29","Chiroptera","Carollia_castanea","Piper_pequeina","M_20","feces","seed",6,"PR_early","mist_net","regeneration early"
"PR29","Chiroptera","Carollia_castanea","Byrsonima_ligustrifolia","M_113","feces","seed",6,"PR_early","mist_net","regeneration early"
"PR29","Chiroptera","Rhinophylla_alethina","Byrsonima_ligustrifolia","M_113","feces","seed",6,"PR_early","mist_net","regeneration early"
"PR29","Chiroptera","Dermanura_rosenbergi","Miconia_conocuatrecasii","M_07","feces","seed",6,"PR_early","mist_net","regeneration early"
"PR29","Chiroptera","Carollia_perspicillata","Saurauia_herthae","M_54","feces","seed",6,"PR_early","mist_net","regeneration early"
"PR29","Chiroptera","Carollia_perspicillata","Byrsonima_ligustrifolia","M_113","feces","seed",6,"PR_early","mist_net","regeneration early"
"CR09","Chiroptera","Carollia_castanea","Piper_sp1","M_68","feces","seed",6,"CR_early","mist_net","regeneration early"
"CR09","Chiroptera","Carollia_castanea","Piper_grande","M_55","feces","seed",6,"CR_early","mist_net","regeneration early"
"CR09","Chiroptera","Dermanura_rosenbergi","Cecropia_insignis","M_52","feces","seed",6,"CR_early","mist_net","regeneration early"
"CR09","Chiroptera","Vampyressa_thyone","Piper_ottoniifolium","M_03","feces","seed",6,"CR_early","mist_net","regeneration early"
"CR09","Chiroptera","Vampyressa_thyone","Ficus_pertusa","M_11","feces","seed",6,"CR_early","mist_net","regeneration early"
"CR09","Chiroptera","Dermanura_rosenbergi","Miconia_conocuatrecasii","M_07","feces","seed",6,"CR_early","mist_net","regeneration early"
"CR09","Chiroptera","Dermanura_rosenbergi","Piper_sp1","M_68","feces","seed",6,"CR_early","mist_net","regeneration early"
"CR09","Chiroptera","Carollia_castanea","Piper_pequeina","M_20","feces","seed",6,"CR_early","mist_net","regeneration early"
"CR09","Chiroptera","Carollia_castanea","Byrsonima_ligustrifolia","M_113","feces","seed",6,"CR_early","mist_net","regeneration early"
"CR09","Chiroptera","Carollia_castanea","Discophora_guianensis","M_38","feces","seed",6,"CR_early","mist_net","regeneration early"
"CR09","Chiroptera","Carollia_perspicillata","Piper_sp1","M_68","feces","seed",6,"CR_early","mist_net","regeneration early"
"CR09","Chiroptera","Carollia_perspicillata","Saurauia_herthae","M_54","feces","seed",6,"CR_early","mist_net","regeneration early"
"CR09","Chiroptera","Carollia_perspicillata","Piper_pequeina","M_114","feces","seed",6,"CR_early","mist_net","regeneration early"
"CR09","Chiroptera","Carollia_perspicillata","Banara_guianensis","M_16","feces","seed",6,"CR_early","mist_net","regeneration early"
"CR09","Chiroptera","Dermanura_ravus","Ficus_pertusa","M_37","feces","seed",6,"CR_early","mist_net","regeneration early"
