"Plot_ID","Species_name","RegTime","Treatment2","Treatment3"
"PR21","Aegiphila_sp",36,"pasture regeneration late","regeneration late"
"CR09","Aegiphila_sp",6,"cacao regeneration early","regeneration early"
"CR09","Aegiphila_sp",6,"cacao regeneration early","regeneration early"
"CR09","Aegiphila_sp",6,"cacao regeneration early","regeneration early"
"CR09","Aegiphila_sp",6,"cacao regeneration early","regeneration early"
"CR13","Alchorneopsis_floribunda",1,"cacao regeneration early","regeneration early"
"CR09","Alchorneopsis_floribunda",6,"cacao regeneration early","regeneration early"
"CR13","Alchorneopsis_floribunda",1,"cacao regeneration early","regeneration early"
"CR09","Alchorneopsis_floribunda",6,"cacao regeneration early","regeneration early"
"CR13","Alchorneopsis_floribunda",1,"cacao regeneration early","regeneration early"
"OG39","Allophylus_angustatus",55,"old-growth forest","old-growth forest"
"OG39","Allophylus_angustatus",55,"old-growth forest","old-growth forest"
"OG39","Allophylus_angustatus",55,"old-growth forest","old-growth forest"
"OG44","Allophylus_angustatus",55,"old-growth forest","old-growth forest"
"OG52","Allophylus_angustatus",55,"old-growth forest","old-growth forest"
"PR24","Allophylus_angustatus",21,"pasture regeneration late","regeneration late"
"PR34","Allophylus_angustatus",38,"pasture regeneration late","regeneration late"
"OG52","Allophylus_dodsonii",55,"old-growth forest","old-growth forest"
"OG52","Allophylus_dodsonii",55,"old-growth forest","old-growth forest"
"OG52","Allophylus_dodsonii",55,"old-growth forest","old-growth forest"
"OG52","Allophylus_dodsonii",55,"old-growth forest","old-growth forest"
"OG49","Anacardiaceae_sp_ITV3727",55,"old-growth forest","old-growth forest"
"OG52","Anacardiaceae_sp_ITV3727",55,"old-growth forest","old-growth forest"
"OG52","Anacardiaceae_sp_ITV3727",55,"old-growth forest","old-growth forest"
"OG45","Annona_papilionella",55,"old-growth forest","old-growth forest"
"OG45","Annona_papilionella",55,"old-growth forest","old-growth forest"
"CR10","Annona_papilionella",24,"cacao regeneration late","regeneration late"
"CR14","Annona_papilionella",38,"cacao regeneration late","regeneration late"
"CR10","Annona_papilionella",24,"cacao regeneration late","regeneration late"
"CR11","Annona_papilionella",23,"cacao regeneration late","regeneration late"
"CR11","Annona_papilionella",23,"cacao regeneration late","regeneration late"
"OG28","Annona_papilionella",55,"old-growth forest","old-growth forest"
"OG49","Apeiba_membranacea",55,"old-growth forest","old-growth forest"
"PR26","Banara_guianensis",28,"pasture regeneration late","regeneration late"
"PR22","Banara_guianensis",12,"pasture regeneration early","regeneration early"
"PR22","Banara_sp",12,"pasture regeneration early","regeneration early"
"PR22","Banara_sp",12,"pasture regeneration early","regeneration early"
"PR22","Banara_sp",12,"pasture regeneration early","regeneration early"
"PR23","Banara_sp1",1,"pasture regeneration early","regeneration early"
"OG49","Brosimum_guianense",55,"old-growth forest","old-growth forest"
"OG52","Brosimum_guianense",55,"old-growth forest","old-growth forest"
"OG45","Brosimum_guianense",55,"old-growth forest","old-growth forest"
"OG44","Brosimum_guianense",55,"old-growth forest","old-growth forest"
"OG52","Brosimum_guianense",55,"old-growth forest","old-growth forest"
"OG45","Brosimum_guianense",55,"old-growth forest","old-growth forest"
"PR21","Brosimum_guianense",36,"pasture regeneration late","regeneration late"
"PR21","Brosimum_guianense",36,"pasture regeneration late","regeneration late"
"CA63","Brosimum_sp1",0,"active cacao","regeneration early"
"OG51","Brosimum_sp1",55,"old-growth forest","old-growth forest"
"OG52","Brosimum_sp1",55,"old-growth forest","old-growth forest"
"OG51","Brosimum_sp1",55,"old-growth forest","old-growth forest"
"OG42","Brosimum_sp1",55,"old-growth forest","old-growth forest"
"OG52","Brosimum_sp1",55,"old-growth forest","old-growth forest"
"OG52","Brosimum_sp1",55,"old-growth forest","old-growth forest"
"OG51","Brosimum_sp1",55,"old-growth forest","old-growth forest"
"OG39","Brosimum_sp1",55,"old-growth forest","old-growth forest"
"CR08","Brosimum_sp1",27,"cacao regeneration late","regeneration late"
"PR26","Brosimum_sp1",28,"pasture regeneration late","regeneration late"
"OG28","Brosimum_sp1",55,"old-growth forest","old-growth forest"
"OG28","Brosimum_sp1",55,"old-growth forest","old-growth forest"
"OG41","Brunfelsia_dwyeri",55,"old-growth forest","old-growth forest"
"CR17","Brunfelsia_dwyeri",9,"cacao regeneration early","regeneration early"
"CA63","Bunchosia_argentea",0,"active cacao","regeneration early"
"CA63","Bunchosia_argentea",0,"active cacao","regeneration early"
"OG44","Bunchosia_argentea",55,"old-growth forest","old-growth forest"
"CR14","Carapa_megistocarpa",38,"cacao regeneration late","regeneration late"
"OG49","Casearia_mariquitensis",55,"old-growth forest","old-growth forest"
"CA63","Castilla_elastica",0,"active cacao","regeneration early"
"OG41","Castilla_elastica",55,"old-growth forest","old-growth forest"
"OG41","Castilla_elastica",55,"old-growth forest","old-growth forest"
"OG41","Castilla_elastica",55,"old-growth forest","old-growth forest"
"OG41","Castilla_elastica",55,"old-growth forest","old-growth forest"
"OG49","Castilla_elastica",55,"old-growth forest","old-growth forest"
"OG42","Castilla_elastica",55,"old-growth forest","old-growth forest"
"CR10","Castilla_elastica",24,"cacao regeneration late","regeneration late"
"CR10","Castilla_elastica",24,"cacao regeneration late","regeneration late"
"OG42","Cecropia_insignis",55,"old-growth forest","old-growth forest"
"OG52","Cecropia_sp",55,"old-growth forest","old-growth forest"
"OG52","Cecropia_sp",55,"old-growth forest","old-growth forest"
"OG42","Cecropia_sp",55,"old-growth forest","old-growth forest"
"OG52","Cecropia_sp",55,"old-growth forest","old-growth forest"
"CR13","Cecropia_sp",1,"cacao regeneration early","regeneration early"
"PR29","Cecropia_sp",6,"pasture regeneration early","regeneration early"
"PR36","Cecropia_sp",9,"pasture regeneration early","regeneration early"
"PR36","Cecropia_sp",9,"pasture regeneration early","regeneration early"
"PA56","Cecropia_sp1",0,"active pasture","regeneration early"
"CR14","Cestrum_schlechtendalii",38,"cacao regeneration late","regeneration late"
"CR14","Cestrum_schlechtendalii",38,"cacao regeneration late","regeneration late"
"CR09","Banara",6,"cacao regeneration early","regeneration early"
"CR09","Banara",6,"cacao regeneration early","regeneration early"
"CR13","Banara",1,"cacao regeneration early","regeneration early"
"OG45","Licania_celiae",55,"old-growth forest","old-growth forest"
"OG45","Licania_celiae",55,"old-growth forest","old-growth forest"
"CR11","Miconia_laxivenula",23,"cacao regeneration late","regeneration late"
"CR11","Miconia_laxivenula",23,"cacao regeneration late","regeneration late"
"CR11","Miconia_laxivenula",23,"cacao regeneration late","regeneration late"
"CR01","Miconia_laxivenula",6,"cacao regeneration early","regeneration early"
"PR36","Miconia_laxivenula",9,"pasture regeneration early","regeneration early"
"PR36","Miconia_laxivenula",9,"pasture regeneration early","regeneration early"
"CR02","Perebea_xanthochyma",8,"cacao regeneration early","regeneration early"
"CR04","Tapura_coriaceae",21,"cacao regeneration late","regeneration late"
"CR04","Tapura_coriaceae",21,"cacao regeneration late","regeneration late"
"CR14","Tapura_coriaceae",38,"cacao regeneration late","regeneration late"
"PR21","Tapura_coriaceae",36,"pasture regeneration late","regeneration late"
"CR11","Chomelia_tenuiflora",23,"cacao regeneration late","regeneration late"
"CR10","Chomelia_tenuiflora",24,"cacao regeneration late","regeneration late"
"PR29","Chomelia_tenuiflora",6,"pasture regeneration early","regeneration early"
"CR11","Clusicaceae",23,"cacao regeneration late","regeneration late"
"PR26","Clusicaceae",28,"pasture regeneration late","regeneration late"
"PR26","Clusicaceae",28,"pasture regeneration late","regeneration late"
"CR07","Coffea_sp",23,"cacao regeneration late","regeneration late"
"CR07","Coffea_sp",23,"cacao regeneration late","regeneration late"
"CR07","Coffea_sp",23,"cacao regeneration late","regeneration late"
"CR07","Coffea_sp",23,"cacao regeneration late","regeneration late"
"CR07","Coffea_sp",23,"cacao regeneration late","regeneration late"
"CR07","Coffea_sp",23,"cacao regeneration late","regeneration late"
"CR07","Coffea_sp",23,"cacao regeneration late","regeneration late"
"CR07","Coffea_sp",23,"cacao regeneration late","regeneration late"
"CR07","Coffea_sp",23,"cacao regeneration late","regeneration late"
"CR07","Coffea_sp",23,"cacao regeneration late","regeneration late"
"CR07","Coffea_sp",23,"cacao regeneration late","regeneration late"
"CR07","Coffea_sp",23,"cacao regeneration late","regeneration late"
"CR07","Coffea_sp",23,"cacao regeneration late","regeneration late"
"CR07","Coffea_sp",23,"cacao regeneration late","regeneration late"
"CR07","Coffea_sp",23,"cacao regeneration late","regeneration late"
"CR07","Coffea_sp",23,"cacao regeneration late","regeneration late"
"CR07","Coffea_sp",23,"cacao regeneration late","regeneration late"
"CR07","Coffea_sp",23,"cacao regeneration late","regeneration late"
"CR07","Coffea_sp",23,"cacao regeneration late","regeneration late"
"CR07","Coffea_sp",23,"cacao regeneration late","regeneration late"
"CR07","Coffea_sp",23,"cacao regeneration late","regeneration late"
"CR07","Coffea_sp",23,"cacao regeneration late","regeneration late"
"CR07","Coffea_sp",23,"cacao regeneration late","regeneration late"
"CR07","Coffea_sp",23,"cacao regeneration late","regeneration late"
"CR07","Coffea_sp",23,"cacao regeneration late","regeneration late"
"CR07","Coffea_sp",23,"cacao regeneration late","regeneration late"
"CR07","Coffea_sp",23,"cacao regeneration late","regeneration late"
"CR11","Conostegia_superba",23,"cacao regeneration late","regeneration late"
"CR11","Conostegia_superba",23,"cacao regeneration late","regeneration late"
"CR11","Conostegia_superba",23,"cacao regeneration late","regeneration late"
"PR21","Couepia_subcordata",36,"pasture regeneration late","regeneration late"
"PR34","Croton_wagneri",38,"pasture regeneration late","regeneration late"
"OG42","Dicot_001",55,"old-growth forest","old-growth forest"
"OG42","Dicot_001",55,"old-growth forest","old-growth forest"
"OG46","Dussia_lehmannii",55,"old-growth forest","old-growth forest"
"OG39","Dussia_lehmannii",55,"old-growth forest","old-growth forest"
"OG39","Elaeagea_sp",55,"old-growth forest","old-growth forest"
"OG39","Elaeagea_sp",55,"old-growth forest","old-growth forest"
"OG39","Elaeagea_sp",55,"old-growth forest","old-growth forest"
"OG39","Elaeagea_sp",55,"old-growth forest","old-growth forest"
"PR34","Eschweilera_caudiculata",38,"pasture regeneration late","regeneration late"
"PR22","Eschweilera_rimbachii",12,"pasture regeneration early","regeneration early"
"CR14","Eugenia_sp_(guayabillo)",38,"cacao regeneration late","regeneration late"
"OG39","Faramea_langlassei",55,"old-growth forest","old-growth forest"
"OG39","Faramea_langlassei",55,"old-growth forest","old-growth forest"
"OG39","Faramea_langlassei",55,"old-growth forest","old-growth forest"
"CR11","Faramea_langlassei",23,"cacao regeneration late","regeneration late"
"PR34","Faramea_langlassei",38,"pasture regeneration late","regeneration late"
"CR10","Ficus",24,"cacao regeneration late","regeneration late"
"OG41","Guarea_kunthiana",55,"old-growth forest","old-growth forest"
"OG43","Guarea_kunthiana",55,"old-growth forest","old-growth forest"
"OG43","Guarea_kunthiana",55,"old-growth forest","old-growth forest"
"PR21","Guarea_kunthiana",36,"pasture regeneration late","regeneration late"
"OG28","Guarea_kunthiana",55,"old-growth forest","old-growth forest"
"PR24","Guion",21,"pasture regeneration late","regeneration late"
"CR14","Heisteria_concinna",38,"cacao regeneration late","regeneration late"
"OG49","Heisteria_concinnea",55,"old-growth forest","old-growth forest"
"OG39","Heisteria_pacifica",55,"old-growth forest","old-growth forest"
"OG41","Heisteria_pacifica",55,"old-growth forest","old-growth forest"
"CR09","Heisteria_pacifica",6,"cacao regeneration early","regeneration early"
"CR13","Heisteria_pacifica",1,"cacao regeneration early","regeneration early"
"OG46","Heisteria_sp",55,"old-growth forest","old-growth forest"
"OG46","Heisteria_sp",55,"old-growth forest","old-growth forest"
"OG46","Heisteria_sp",55,"old-growth forest","old-growth forest"
"OG41","Heisteria_sp",55,"old-growth forest","old-growth forest"
"OG46","Heisteria_sp",55,"old-growth forest","old-growth forest"
"OG46","Heisteria_sp",55,"old-growth forest","old-growth forest"
"OG46","Heisteria_sp",55,"old-growth forest","old-growth forest"
"OG46","Heisteria_sp",55,"old-growth forest","old-growth forest"
"OG46","Heisteria_sp",55,"old-growth forest","old-growth forest"
"OG46","Heisteria_sp",55,"old-growth forest","old-growth forest"
"OG46","Heisteria_sp",55,"old-growth forest","old-growth forest"
"OG49","Heisteria_sp",55,"old-growth forest","old-growth forest"
"OG42","Heisteria_sp",55,"old-growth forest","old-growth forest"
"OG49","Heisteria_sp",55,"old-growth forest","old-growth forest"
"OG46","Heisteria_sp",55,"old-growth forest","old-growth forest"
"OG46","Heisteria_sp",55,"old-growth forest","old-growth forest"
"OG46","Heisteria_sp",55,"old-growth forest","old-growth forest"
"OG46","Heisteria_sp",55,"old-growth forest","old-growth forest"
"OG46","Heisteria_sp",55,"old-growth forest","old-growth forest"
"OG49","Heisteria_sp",55,"old-growth forest","old-growth forest"
"OG46","Heisteria_sp",55,"old-growth forest","old-growth forest"
"OG46","Heisteria_sp",55,"old-growth forest","old-growth forest"
"OG46","Heisteria_sp",55,"old-growth forest","old-growth forest"
"OG46","Heisteria_sp",55,"old-growth forest","old-growth forest"
"OG46","Heisteria_sp",55,"old-growth forest","old-growth forest"
"OG46","Heisteria_sp",55,"old-growth forest","old-growth forest"
"OG46","Heisteria_sp",55,"old-growth forest","old-growth forest"
"OG41","Heisteria_sp",55,"old-growth forest","old-growth forest"
"OG46","Heisteria_sp",55,"old-growth forest","old-growth forest"
"OG41","Heisteria_sp",55,"old-growth forest","old-growth forest"
"OG46","Heisteria_sp",55,"old-growth forest","old-growth forest"
"OG46","Heisteria_sp",55,"old-growth forest","old-growth forest"
"OG46","Heisteria_sp",55,"old-growth forest","old-growth forest"
"OG46","Heisteria_sp",55,"old-growth forest","old-growth forest"
"OG46","Heisteria_sp",55,"old-growth forest","old-growth forest"
"OG49","Heisteria_sp",55,"old-growth forest","old-growth forest"
"OG46","Heisteria_sp",55,"old-growth forest","old-growth forest"
"OG46","Heisteria_sp",55,"old-growth forest","old-growth forest"
"OG46","Heisteria_sp",55,"old-growth forest","old-growth forest"
"OG46","Heisteria_sp",55,"old-growth forest","old-growth forest"
"OG46","Heisteria_sp",55,"old-growth forest","old-growth forest"
"OG46","Heisteria_sp",55,"old-growth forest","old-growth forest"
"OG46","Heisteria_sp",55,"old-growth forest","old-growth forest"
"OG46","Heisteria_sp",55,"old-growth forest","old-growth forest"
"OG42","Heisteria_sp",55,"old-growth forest","old-growth forest"
"OG42","Heisteria_sp",55,"old-growth forest","old-growth forest"
"OG46","Heisteria_sp",55,"old-growth forest","old-growth forest"
"OG46","Heisteria_sp",55,"old-growth forest","old-growth forest"
"OG49","Heisteria_sp",55,"old-growth forest","old-growth forest"
"OG46","Heisteria_sp",55,"old-growth forest","old-growth forest"
"OG46","Heisteria_sp",55,"old-growth forest","old-growth forest"
"OG46","Heisteria_sp",55,"old-growth forest","old-growth forest"
"OG46","Heisteria_sp",55,"old-growth forest","old-growth forest"
"OG46","Heisteria_sp",55,"old-growth forest","old-growth forest"
"OG46","Heisteria_sp",55,"old-growth forest","old-growth forest"
"OG46","Heisteria_sp",55,"old-growth forest","old-growth forest"
"OG46","Heisteria_sp",55,"old-growth forest","old-growth forest"
"OG46","Heisteria_sp",55,"old-growth forest","old-growth forest"
"OG46","Heisteria_sp",55,"old-growth forest","old-growth forest"
"OG46","Heisteria_sp",55,"old-growth forest","old-growth forest"
"OG46","Heisteria_sp",55,"old-growth forest","old-growth forest"
"OG46","Heisteria_sp",55,"old-growth forest","old-growth forest"
"OG46","Heisteria_sp",55,"old-growth forest","old-growth forest"
"OG46","Heisteria_sp",55,"old-growth forest","old-growth forest"
"OG46","Heisteria_sp",55,"old-growth forest","old-growth forest"
"OG46","Heisteria_sp",55,"old-growth forest","old-growth forest"
"OG46","Heisteria_sp",55,"old-growth forest","old-growth forest"
"OG46","Heisteria_sp",55,"old-growth forest","old-growth forest"
"OG49","Heisteria_sp",55,"old-growth forest","old-growth forest"
"OG46","Heisteria_sp",55,"old-growth forest","old-growth forest"
"OG46","Heisteria_sp",55,"old-growth forest","old-growth forest"
"OG46","Heisteria_sp",55,"old-growth forest","old-growth forest"
"OG46","Heisteria_sp",55,"old-growth forest","old-growth forest"
"OG46","Heisteria_sp",55,"old-growth forest","old-growth forest"
"OG46","Heisteria_sp",55,"old-growth forest","old-growth forest"
"OG46","Heisteria_sp",55,"old-growth forest","old-growth forest"
"OG42","Heisteria_sp",55,"old-growth forest","old-growth forest"
"OG46","Heisteria_sp",55,"old-growth forest","old-growth forest"
"OG46","Heisteria_sp",55,"old-growth forest","old-growth forest"
"OG49","Heisteria_sp",55,"old-growth forest","old-growth forest"
"OG49","Heisteria_sp",55,"old-growth forest","old-growth forest"
"OG46","Heisteria_sp",55,"old-growth forest","old-growth forest"
"OG46","Heisteria_sp",55,"old-growth forest","old-growth forest"
"OG46","Heisteria_sp",55,"old-growth forest","old-growth forest"
"OG46","Heisteria_sp",55,"old-growth forest","old-growth forest"
"OG46","Heisteria_sp",55,"old-growth forest","old-growth forest"
"OG46","Heisteria_sp",55,"old-growth forest","old-growth forest"
"OG46","Heisteria_sp",55,"old-growth forest","old-growth forest"
"OG46","Heisteria_sp",55,"old-growth forest","old-growth forest"
"OG46","Heisteria_sp",55,"old-growth forest","old-growth forest"
"OG46","Heisteria_sp",55,"old-growth forest","old-growth forest"
"OG46","Heisteria_sp",55,"old-growth forest","old-growth forest"
"OG46","Heisteria_sp",55,"old-growth forest","old-growth forest"
"OG46","Heisteria_sp",55,"old-growth forest","old-growth forest"
"OG46","Heisteria_sp",55,"old-growth forest","old-growth forest"
"OG46","Heisteria_sp",55,"old-growth forest","old-growth forest"
"OG46","Heisteria_sp",55,"old-growth forest","old-growth forest"
"OG45","Heisteria_sp",55,"old-growth forest","old-growth forest"
"OG46","Heisteria_sp",55,"old-growth forest","old-growth forest"
"OG46","Heisteria_sp",55,"old-growth forest","old-growth forest"
"OG46","Heisteria_sp",55,"old-growth forest","old-growth forest"
"OG46","Heisteria_sp",55,"old-growth forest","old-growth forest"
"OG46","Heisteria_sp",55,"old-growth forest","old-growth forest"
"OG46","Heisteria_sp",55,"old-growth forest","old-growth forest"
"OG41","Heisteria_sp",55,"old-growth forest","old-growth forest"
"OG46","Heisteria_sp",55,"old-growth forest","old-growth forest"
"OG46","Heisteria_sp",55,"old-growth forest","old-growth forest"
"OG46","Heisteria_sp",55,"old-growth forest","old-growth forest"
"OG46","Heisteria_sp",55,"old-growth forest","old-growth forest"
"OG46","Heisteria_sp",55,"old-growth forest","old-growth forest"
"OG49","Heisteria_sp",55,"old-growth forest","old-growth forest"
"OG46","Heisteria_sp",55,"old-growth forest","old-growth forest"
"OG42","Heisteria_sp",55,"old-growth forest","old-growth forest"
"OG46","Heisteria_sp",55,"old-growth forest","old-growth forest"
"OG46","Heisteria_sp",55,"old-growth forest","old-growth forest"
"OG46","Heisteria_sp",55,"old-growth forest","old-growth forest"
"OG46","Heisteria_sp",55,"old-growth forest","old-growth forest"
"OG46","Heisteria_sp",55,"old-growth forest","old-growth forest"
"OG46","Heisteria_sp",55,"old-growth forest","old-growth forest"
"OG46","Heisteria_sp",55,"old-growth forest","old-growth forest"
"OG46","Heisteria_sp",55,"old-growth forest","old-growth forest"
"OG46","Heisteria_sp",55,"old-growth forest","old-growth forest"
"OG38","Heisteria_sp",55,"old-growth forest","old-growth forest"
"OG46","Heisteria_sp",55,"old-growth forest","old-growth forest"
"OG46","Heisteria_sp",55,"old-growth forest","old-growth forest"
"OG46","Heisteria_sp",55,"old-growth forest","old-growth forest"
"OG46","Heisteria_sp",55,"old-growth forest","old-growth forest"
"OG46","Heisteria_sp",55,"old-growth forest","old-growth forest"
"OG46","Heisteria_sp",55,"old-growth forest","old-growth forest"
"OG46","Heisteria_sp",55,"old-growth forest","old-growth forest"
"OG46","Heisteria_sp",55,"old-growth forest","old-growth forest"
"OG46","Heisteria_sp",55,"old-growth forest","old-growth forest"
"OG46","Heisteria_sp",55,"old-growth forest","old-growth forest"
"OG46","Heisteria_sp",55,"old-growth forest","old-growth forest"
"OG46","Heisteria_sp",55,"old-growth forest","old-growth forest"
"OG45","Heisteria_sp",55,"old-growth forest","old-growth forest"
"OG46","Heisteria_sp",55,"old-growth forest","old-growth forest"
"OG46","Heisteria_sp",55,"old-growth forest","old-growth forest"
"OG46","Heisteria_sp",55,"old-growth forest","old-growth forest"
"OG46","Heisteria_sp",55,"old-growth forest","old-growth forest"
"OG46","Heisteria_sp",55,"old-growth forest","old-growth forest"
"OG46","Heisteria_sp",55,"old-growth forest","old-growth forest"
"OG46","Heisteria_sp",55,"old-growth forest","old-growth forest"
"OG46","Heisteria_sp",55,"old-growth forest","old-growth forest"
"OG46","Heisteria_sp",55,"old-growth forest","old-growth forest"
"OG45","Heisteria_sp",55,"old-growth forest","old-growth forest"
"OG46","Heisteria_sp",55,"old-growth forest","old-growth forest"
"OG46","Heisteria_sp",55,"old-growth forest","old-growth forest"
"OG46","Heisteria_sp",55,"old-growth forest","old-growth forest"
"OG46","Heisteria_sp",55,"old-growth forest","old-growth forest"
"OG46","Heisteria_sp",55,"old-growth forest","old-growth forest"
"OG46","Heisteria_sp",55,"old-growth forest","old-growth forest"
"OG46","Heisteria_sp",55,"old-growth forest","old-growth forest"
"OG46","Heisteria_sp",55,"old-growth forest","old-growth forest"
"OG46","Heisteria_sp",55,"old-growth forest","old-growth forest"
"OG46","Heisteria_sp",55,"old-growth forest","old-growth forest"
"OG46","Heisteria_sp",55,"old-growth forest","old-growth forest"
"OG46","Heisteria_sp",55,"old-growth forest","old-growth forest"
"OG46","Heisteria_sp",55,"old-growth forest","old-growth forest"
"OG46","Heisteria_sp",55,"old-growth forest","old-growth forest"
"OG49","Heisteria_sp",55,"old-growth forest","old-growth forest"
"OG46","Heisteria_sp",55,"old-growth forest","old-growth forest"
"OG46","Heisteria_sp",55,"old-growth forest","old-growth forest"
"OG46","Heisteria_sp",55,"old-growth forest","old-growth forest"
"OG46","Heisteria_sp",55,"old-growth forest","old-growth forest"
"OG49","Heisteria_sp",55,"old-growth forest","old-growth forest"
"OG46","Heisteria_sp",55,"old-growth forest","old-growth forest"
"OG46","Heisteria_sp",55,"old-growth forest","old-growth forest"
"OG46","Heisteria_sp",55,"old-growth forest","old-growth forest"
"OG49","Heisteria_sp",55,"old-growth forest","old-growth forest"
"OG46","Heisteria_sp",55,"old-growth forest","old-growth forest"
"OG46","Heisteria_sp",55,"old-growth forest","old-growth forest"
"OG46","Heisteria_sp",55,"old-growth forest","old-growth forest"
"OG46","Heisteria_sp",55,"old-growth forest","old-growth forest"
"OG46","Heisteria_sp",55,"old-growth forest","old-growth forest"
"OG46","Heisteria_sp",55,"old-growth forest","old-growth forest"
"OG46","Heisteria_sp",55,"old-growth forest","old-growth forest"
"OG46","Heisteria_sp",55,"old-growth forest","old-growth forest"
"OG46","Heisteria_sp",55,"old-growth forest","old-growth forest"
"OG49","Heisteria_sp",55,"old-growth forest","old-growth forest"
"OG46","Heisteria_sp",55,"old-growth forest","old-growth forest"
"OG46","Heisteria_sp",55,"old-growth forest","old-growth forest"
"OG46","Heisteria_sp",55,"old-growth forest","old-growth forest"
"OG46","Heisteria_sp",55,"old-growth forest","old-growth forest"
"OG46","Heisteria_sp",55,"old-growth forest","old-growth forest"
"OG46","Heisteria_sp",55,"old-growth forest","old-growth forest"
"OG46","Heisteria_sp",55,"old-growth forest","old-growth forest"
"OG46","Heisteria_sp",55,"old-growth forest","old-growth forest"
"OG46","Heisteria_sp",55,"old-growth forest","old-growth forest"
"OG49","Heisteria_sp",55,"old-growth forest","old-growth forest"
"OG46","Heisteria_sp",55,"old-growth forest","old-growth forest"
"OG46","Heisteria_sp",55,"old-growth forest","old-growth forest"
"OG46","Heisteria_sp",55,"old-growth forest","old-growth forest"
"OG46","Heisteria_sp",55,"old-growth forest","old-growth forest"
"OG45","Heisteria_sp",55,"old-growth forest","old-growth forest"
"OG46","Heisteria_sp",55,"old-growth forest","old-growth forest"
"OG46","Heisteria_sp",55,"old-growth forest","old-growth forest"
"OG46","Heisteria_sp",55,"old-growth forest","old-growth forest"
"OG46","Heisteria_sp",55,"old-growth forest","old-growth forest"
"OG46","Heisteria_sp",55,"old-growth forest","old-growth forest"
"OG46","Heisteria_sp",55,"old-growth forest","old-growth forest"
"OG45","Heisteria_sp",55,"old-growth forest","old-growth forest"
"OG49","Heisteria_sp",55,"old-growth forest","old-growth forest"
"OG46","Heisteria_sp",55,"old-growth forest","old-growth forest"
"OG45","Heisteria_sp2",55,"old-growth forest","old-growth forest"
"OG43","Heisteria_sp2",55,"old-growth forest","old-growth forest"
"OG45","Heisteria_sp2",55,"old-growth forest","old-growth forest"
"OG43","Heisteria_sp2",55,"old-growth forest","old-growth forest"
"OG45","Huberodendron_sp2",55,"old-growth forest","old-growth forest"
"OG49","Huberodendron_sp2",55,"old-growth forest","old-growth forest"
"OG45","Huberodendron_sp2",55,"old-growth forest","old-growth forest"
"CR14","Huberodendron_sp2",38,"cacao regeneration late","regeneration late"
"OG49","Huevo_de_mono",55,"old-growth forest","old-growth forest"
"OG49","Huevo_de_mono",55,"old-growth forest","old-growth forest"
"OG49","Huevo_de_mono",55,"old-growth forest","old-growth forest"
"OG49","Huevo_de_mono",55,"old-growth forest","old-growth forest"
"OG49","Huevo_de_mono",55,"old-growth forest","old-growth forest"
"CR10","Hymenolobium_heterocarpum",24,"cacao regeneration late","regeneration late"
"CR14","Indet_no_leaves",38,"cacao regeneration late","regeneration late"
"OG42","Indet",55,"old-growth forest","old-growth forest"
"OG38","Indet",55,"old-growth forest","old-growth forest"
"OG42","Indet",55,"old-growth forest","old-growth forest"
"OG39","Indet",55,"old-growth forest","old-growth forest"
"OG42","Indet",55,"old-growth forest","old-growth forest"
"OG38","Indet",55,"old-growth forest","old-growth forest"
"CR10","Indet",24,"cacao regeneration late","regeneration late"
"CR06","Indet",33,"cacao regeneration late","regeneration late"
"PR26","Indet",28,"pasture regeneration late","regeneration late"
"OG38","Ing_acuminata",55,"old-growth forest","old-growth forest"
"OG38","Inga_acuminata",55,"old-growth forest","old-growth forest"
"OG45","Inga_acuminata",55,"old-growth forest","old-growth forest"
"OG46","Inga_acuminata",55,"old-growth forest","old-growth forest"
"OG38","Inga_acuminata",55,"old-growth forest","old-growth forest"
"OG38","Inga_acuminata",55,"old-growth forest","old-growth forest"
"OG38","Inga_acuminata",55,"old-growth forest","old-growth forest"
"CR12","Inga_acuminata",15,"cacao regeneration late","regeneration late"
"OG52","Inga_carinata",55,"old-growth forest","old-growth forest"
"OG42","Inga_carinata",55,"old-growth forest","old-growth forest"
"OG42","Inga_carinata",55,"old-growth forest","old-growth forest"
"OG47","Inga_carinata",55,"old-growth forest","old-growth forest"
"OG42","Inga_carinata",55,"old-growth forest","old-growth forest"
"OG42","Inga_carinata",55,"old-growth forest","old-growth forest"
"OG40","Inga_carinata",55,"old-growth forest","old-growth forest"
"OG46","Inga_carinata",55,"old-growth forest","old-growth forest"
"OG46","Inga_carinata",55,"old-growth forest","old-growth forest"
"OG45","Inga_carinata",55,"old-growth forest","old-growth forest"
"OG44","Inga_carinata",55,"old-growth forest","old-growth forest"
"OG46","Inga_carinata",55,"old-growth forest","old-growth forest"
"OG46","Inga_carinata",55,"old-growth forest","old-growth forest"
"OG39","Inga_carinata",55,"old-growth forest","old-growth forest"
"OG42","Inga_carinata",55,"old-growth forest","old-growth forest"
"OG46","Inga_carinata",55,"old-growth forest","old-growth forest"
"OG42","Inga_carinata",55,"old-growth forest","old-growth forest"
"OG42","Inga_carinata",55,"old-growth forest","old-growth forest"
"OG42","Inga_carinata",55,"old-growth forest","old-growth forest"
"OG44","Inga_carinata",55,"old-growth forest","old-growth forest"
"OG46","Inga_carinata",55,"old-growth forest","old-growth forest"
"OG46","Inga_carinata",55,"old-growth forest","old-growth forest"
"OG46","Inga_carinata",55,"old-growth forest","old-growth forest"
"OG42","Inga_carinata",55,"old-growth forest","old-growth forest"
"OG40","Inga_carinata",55,"old-growth forest","old-growth forest"
"OG42","Inga_carinata",55,"old-growth forest","old-growth forest"
"OG46","Inga_carinata",55,"old-growth forest","old-growth forest"
"OG42","Inga_carinata",55,"old-growth forest","old-growth forest"
"OG45","Inga_carinata",55,"old-growth forest","old-growth forest"
"OG45","Inga_carinata",55,"old-growth forest","old-growth forest"
"CR12","Inga_carinata",15,"cacao regeneration late","regeneration late"
"CR12","Inga_carinata",15,"cacao regeneration late","regeneration late"
"CR12","Inga_carinata",15,"cacao regeneration late","regeneration late"
"CR10","Inga_carinata",24,"cacao regeneration late","regeneration late"
"CR04","Inga_carinata",21,"cacao regeneration late","regeneration late"
"CR12","Inga_carinata",15,"cacao regeneration late","regeneration late"
"CR12","Inga_carinata",15,"cacao regeneration late","regeneration late"
"CR12","Inga_carinata",15,"cacao regeneration late","regeneration late"
"CR08","Inga_carinata",27,"cacao regeneration late","regeneration late"
"CR09","Inga_carinata",6,"cacao regeneration early","regeneration early"
"OG42","Inga_chocoensis",55,"old-growth forest","old-growth forest"
"OG42","Inga_chocoensis",55,"old-growth forest","old-growth forest"
"OG42","Inga_chocoensis",55,"old-growth forest","old-growth forest"
"OG42","Inga_chocoensis",55,"old-growth forest","old-growth forest"
"OG42","Inga_chocoensis",55,"old-growth forest","old-growth forest"
"OG42","Inga_chocoensis",55,"old-growth forest","old-growth forest"
"OG42","Inga_chocoensis",55,"old-growth forest","old-growth forest"
"OG42","Inga_chocoensis",55,"old-growth forest","old-growth forest"
"CR14","Inga_chocoensis",38,"cacao regeneration late","regeneration late"
"CR14","Inga_chocoensis",38,"cacao regeneration late","regeneration late"
"PR26","Inga_chocoensis",28,"pasture regeneration late","regeneration late"
"PR32","Inga_chocoensis",16,"pasture regeneration late","regeneration late"
"PR26","Inga_chocoensis",28,"pasture regeneration late","regeneration late"
"PR24","Inga_chocoensis",21,"pasture regeneration late","regeneration late"
"PR24","Inga_chocoensis",21,"pasture regeneration late","regeneration late"
"PR26","Inga_chocoensis",28,"pasture regeneration late","regeneration late"
"CR11","Inga_hoja_blanca",23,"cacao regeneration late","regeneration late"
"CR04","Inga_hoja_blanca",21,"cacao regeneration late","regeneration late"
"CR09","Inga_hoja_blanca",6,"cacao regeneration early","regeneration early"
"CR09","Inga_hoja_blanca",6,"cacao regeneration early","regeneration early"
"CR09","Inga_hoja_blanca",6,"cacao regeneration early","regeneration early"
"CR09","Inga_hoja_blanca",6,"cacao regeneration early","regeneration early"
"CR05","Inga_hoja_blanca",12,"cacao regeneration early","regeneration early"
"OG47","Inga_nobilis",55,"old-growth forest","old-growth forest"
"OG50","Inga_nobilis",55,"old-growth forest","old-growth forest"
"OG50","Inga_nobilis",55,"old-growth forest","old-growth forest"
"OG48","Inga_nobilis",55,"old-growth forest","old-growth forest"
"OG47","Inga_nobilis",55,"old-growth forest","old-growth forest"
"CR11","Inga_nobilis",23,"cacao regeneration late","regeneration late"
"CR12","Inga_nobilis",15,"cacao regeneration late","regeneration late"
"CR12","Inga_nobilis",15,"cacao regeneration late","regeneration late"
"CR10","Inga_nobilis",24,"cacao regeneration late","regeneration late"
"CR11","Inga_nobilis",23,"cacao regeneration late","regeneration late"
"CR10","Inga_nobilis",24,"cacao regeneration late","regeneration late"
"CR12","Inga_nobilis",15,"cacao regeneration late","regeneration late"
"CR11","Inga_nobilis",23,"cacao regeneration late","regeneration late"
"PR27","Inga_nobilis",27,"pasture regeneration late","regeneration late"
"PR27","Inga_nobilis",27,"pasture regeneration late","regeneration late"
"PR27","Inga_nobilis",27,"pasture regeneration late","regeneration late"
"PR32","Inga_nobilis",16,"pasture regeneration late","regeneration late"
"PR27","Inga_nobilis",27,"pasture regeneration late","regeneration late"
"OG52","Inga_silanchensis",55,"old-growth forest","old-growth forest"
"OG52","Inga_silanchensis",55,"old-growth forest","old-growth forest"
"OG52","Inga_silanchensis",55,"old-growth forest","old-growth forest"
"OG52","Inga_silanchensis",55,"old-growth forest","old-growth forest"
"OG52","Inga_silanchensis",55,"old-growth forest","old-growth forest"
"OG52","Inga_silanchensis",55,"old-growth forest","old-growth forest"
"OG52","Inga_silanchensis",55,"old-growth forest","old-growth forest"
"OG52","Inga_silanchensis",55,"old-growth forest","old-growth forest"
"OG52","Inga_silanchensis",55,"old-growth forest","old-growth forest"
"OG52","Inga_silanchensis",55,"old-growth forest","old-growth forest"
"OG45","Inga_silanchensis",55,"old-growth forest","old-growth forest"
"OG52","Inga_silanchensis",55,"old-growth forest","old-growth forest"
"OG52","Inga_silanchensis",55,"old-growth forest","old-growth forest"
"OG52","Inga_silanchensis",55,"old-growth forest","old-growth forest"
"OG52","Inga_silanchensis",55,"old-growth forest","old-growth forest"
"OG52","Inga_silanchensis",55,"old-growth forest","old-growth forest"
"OG52","Inga_silanchensis",55,"old-growth forest","old-growth forest"
"OG52","Inga_silanchensis",55,"old-growth forest","old-growth forest"
"OG52","Inga_silanchensis",55,"old-growth forest","old-growth forest"
"OG52","Inga_silanchensis",55,"old-growth forest","old-growth forest"
"CR07","Inga_silanchensis",23,"cacao regeneration late","regeneration late"
"CR10","Inga_silanchensis",24,"cacao regeneration late","regeneration late"
"PR21","Inga_silanchensis",36,"pasture regeneration late","regeneration late"
"PR31","Inga_silanchensis",16,"pasture regeneration late","regeneration late"
"PR21","Inga_silanchensis",36,"pasture regeneration late","regeneration late"
"OG42","Inga_sp11",55,"old-growth forest","old-growth forest"
"OG42","Inga_sp11",55,"old-growth forest","old-growth forest"
"OG52","Inga_sp2",55,"old-growth forest","old-growth forest"
"OG51","Inga_sp2",55,"old-growth forest","old-growth forest"
"OG52","Inga_sp2",55,"old-growth forest","old-growth forest"
"OG52","Inga_sp2",55,"old-growth forest","old-growth forest"
"CR10","Inga_sp2",24,"cacao regeneration late","regeneration late"
"CR08","Inga_sp2",27,"cacao regeneration late","regeneration late"
"PR26","Inga_sp2",28,"pasture regeneration late","regeneration late"
"PR26","Inga_sp2",28,"pasture regeneration late","regeneration late"
"PR26","Inga_sp2",28,"pasture regeneration late","regeneration late"
"PR34","Inga_sp2",38,"pasture regeneration late","regeneration late"
"PR34","Inga_sp2",38,"pasture regeneration late","regeneration late"
"PR26","Inga_sp2",28,"pasture regeneration late","regeneration late"
"OG46","Inga_sp4",55,"old-growth forest","old-growth forest"
"OG45","Inga_sp4",55,"old-growth forest","old-growth forest"
"CR10","Inga_sp4",24,"cacao regeneration late","regeneration late"
"CR02","Inga_sp7",8,"cacao regeneration early","regeneration early"
"CR02","Inga_sp7",8,"cacao regeneration early","regeneration early"
"OG42","Inga_sp8",55,"old-growth forest","old-growth forest"
"OG42","Inga_sp8",55,"old-growth forest","old-growth forest"
"OG42","Inga_sp8",55,"old-growth forest","old-growth forest"
"OG42","Inga_sp8",55,"old-growth forest","old-growth forest"
"CR08","Inga_sp8",27,"cacao regeneration late","regeneration late"
"CR08","Inga_sp8",27,"cacao regeneration late","regeneration late"
"CR08","Inga_sp8",27,"cacao regeneration late","regeneration late"
"CR08","Inga_sp8",27,"cacao regeneration late","regeneration late"
"CR10","Inga_sp8",24,"cacao regeneration late","regeneration late"
"CR12","Inga_sp8",15,"cacao regeneration late","regeneration late"
"PR26","Inga_sp8",28,"pasture regeneration late","regeneration late"
"PR27","Inga_sp8",27,"pasture regeneration late","regeneration late"
"PR27","Inga_sp8",27,"pasture regeneration late","regeneration late"
"PR26","Inga_sp8",28,"pasture regeneration late","regeneration late"
"PR26","Inga_sp8",28,"pasture regeneration late","regeneration late"
"PR27","Inga_sp8",27,"pasture regeneration late","regeneration late"
"CR04","Inga_venusta",21,"cacao regeneration late","regeneration late"
"CR04","Inga_venusta",21,"cacao regeneration late","regeneration late"
"CR06","Inga_venusta",33,"cacao regeneration late","regeneration late"
"CR04","Inga_venusta",21,"cacao regeneration late","regeneration late"
"PR26","Inga_venusta",28,"pasture regeneration late","regeneration late"
"PR26","Inga_venusta",28,"pasture regeneration late","regeneration late"
"PR26","Inga_venusta",28,"pasture regeneration late","regeneration late"
"OG40","Inga_vera",55,"old-growth forest","old-growth forest"
"OG42","iriartea_deltoidea",55,"old-growth forest","old-growth forest"
"OG49","Iriartea_deltoidea",55,"old-growth forest","old-growth forest"
"OG42","Iriartea_deltoidea",55,"old-growth forest","old-growth forest"
"OG49","Iriartea_deltoidea",55,"old-growth forest","old-growth forest"
"OG49","Iriartea_deltoidea",55,"old-growth forest","old-growth forest"
"OG52","Iriartea_deltoidea",55,"old-growth forest","old-growth forest"
"OG42","Iriartea_deltoidea",55,"old-growth forest","old-growth forest"
"OG45","Iriartea_deltoidea",55,"old-growth forest","old-growth forest"
"OG42","Iriartea_deltoidea",55,"old-growth forest","old-growth forest"
"OG42","Iriartea_deltoidea",55,"old-growth forest","old-growth forest"
"OG42","Iriartea_deltoidea",55,"old-growth forest","old-growth forest"
"OG42","Iriartea_deltoidea",55,"old-growth forest","old-growth forest"
"OG49","Iriartea_deltoidea",55,"old-growth forest","old-growth forest"
"OG42","Iriartea_deltoidea",55,"old-growth forest","old-growth forest"
"OG42","Iriartea_deltoidea",55,"old-growth forest","old-growth forest"
"OG49","Iriartea_deltoidea",55,"old-growth forest","old-growth forest"
"OG42","Iriartea_deltoidea",55,"old-growth forest","old-growth forest"
"OG46","Iriartea_deltoidea",55,"old-growth forest","old-growth forest"
"OG42","Iriartea_deltoidea",55,"old-growth forest","old-growth forest"
"OG42","Iriartea_deltoidea",55,"old-growth forest","old-growth forest"
"OG49","Iriartea_deltoidea",55,"old-growth forest","old-growth forest"
"OG42","Iriartea_deltoidea",55,"old-growth forest","old-growth forest"
"OG49","Iriartea_deltoidea",55,"old-growth forest","old-growth forest"
"OG43","Iriartea_deltoidea",55,"old-growth forest","old-growth forest"
"OG49","Iriartea_deltoidea",55,"old-growth forest","old-growth forest"
"CR10","Iriartea_deltoidea",24,"cacao regeneration late","regeneration late"
"CR10","Iriartea_deltoidea",24,"cacao regeneration late","regeneration late"
"CR10","Iriartea_deltoidea",24,"cacao regeneration late","regeneration late"
"CR14","Iriartea_deltoidea",38,"cacao regeneration late","regeneration late"
"CR10","Iriartea_deltoidea",24,"cacao regeneration late","regeneration late"
"CR10","Iriartea_deltoidea",24,"cacao regeneration late","regeneration late"
"PR27","Iriartea_deltoidea",27,"pasture regeneration late","regeneration late"
"PR34","Iriartea_deltoidea",38,"pasture regeneration late","regeneration late"
"PR26","Isertia_pittieri",28,"pasture regeneration late","regeneration late"
"OG46","Jacaranda_copaia",55,"old-growth forest","old-growth forest"
"OG49","Jacaranda_copaia",55,"old-growth forest","old-growth forest"
"OG49","Jacaranda_copaia",55,"old-growth forest","old-growth forest"
"OG49","Jacaranda_copaia",55,"old-growth forest","old-growth forest"
"OG49","Jacaranda_copaia",55,"old-growth forest","old-growth forest"
"OG46","Macrolobium_ischnocalyx",55,"old-growth forest","old-growth forest"
"OG46","Macrolobium_ischnocalyx",55,"old-growth forest","old-growth forest"
"OG46","Macrolobium_ischnocalyx",55,"old-growth forest","old-growth forest"
"OG50","Madrono",55,"old-growth forest","old-growth forest"
"CR11","Madrono",23,"cacao regeneration late","regeneration late"
"CR13","Matisia_malacocalyx",1,"cacao regeneration early","regeneration early"
"OG45","Matisia_palenquiana",55,"old-growth forest","old-growth forest"
"OG45","Matisia_palenquiana",55,"old-growth forest","old-growth forest"
"OG41","Matisia_palenquiana",55,"old-growth forest","old-growth forest"
"OG38","Matisia_palenquiana",55,"old-growth forest","old-growth forest"
"CR14","Matisia_palenquiana",38,"cacao regeneration late","regeneration late"
"CR05","Matisia_sp2",12,"cacao regeneration early","regeneration early"
"PR34","Melas_bate_obase",38,"pasture regeneration late","regeneration late"
"CR05","Melas_cafe",12,"cacao regeneration early","regeneration early"
"CR05","Melas_cafe",12,"cacao regeneration early","regeneration early"
"CR05","Melas_cafe",12,"cacao regeneration early","regeneration early"
"CR01","Melas_cafe",6,"cacao regeneration early","regeneration early"
"CR05","Melas_cafe",12,"cacao regeneration early","regeneration early"
"CR18","Melas_purple",10,"cacao regeneration early","regeneration early"
"OG38","Melas_separated_nerve",55,"old-growth forest","old-growth forest"
"OG45","Melas_separated_nerve",55,"old-growth forest","old-growth forest"
"CR16","Melas_separated_nerve",8,"cacao regeneration early","regeneration early"
"CR16","Melas_separated_nerve",8,"cacao regeneration early","regeneration early"
"CR16","Melas_separated_nerve",8,"cacao regeneration early","regeneration early"
"CR16","Melas_separated_nerve",8,"cacao regeneration early","regeneration early"
"CR16","Melas_separated_nerve",8,"cacao regeneration early","regeneration early"
"CR16","Melas_separated_nerve",8,"cacao regeneration early","regeneration early"
"CR14","Melas",38,"cacao regeneration late","regeneration late"
"CR01","Melastomataceae",6,"cacao regeneration early","regeneration early"
"CR14","Miconia_'alargadapeciolorosado'",38,"cacao regeneration late","regeneration late"
"CR14","Miconia_'alargadapeciolorosado'",38,"cacao regeneration late","regeneration late"
"CR14","Miconia_'alargadapeciolorosado'",38,"cacao regeneration late","regeneration late"
"PA55","Miconia_affinis",0,"active pasture","regeneration early"
"PA55","Miconia_affinis",0,"active pasture","regeneration early"
"PA55","Miconia_affinis",0,"active pasture","regeneration early"
"CR11","Miconia_affinis",23,"cacao regeneration late","regeneration late"
"CR11","Miconia_affinis",23,"cacao regeneration late","regeneration late"
"CR11","Miconia_affinis",23,"cacao regeneration late","regeneration late"
"CR11","Miconia_affinis",23,"cacao regeneration late","regeneration late"
"CR11","Miconia_affinis",23,"cacao regeneration late","regeneration late"
"CR11","Miconia_affinis",23,"cacao regeneration late","regeneration late"
"CR11","Miconia_affinis",23,"cacao regeneration late","regeneration late"
"CR11","Miconia_affinis",23,"cacao regeneration late","regeneration late"
"CR11","Miconia_affinis",23,"cacao regeneration late","regeneration late"
"CR11","Miconia_affinis",23,"cacao regeneration late","regeneration late"
"CR11","Miconia_affinis",23,"cacao regeneration late","regeneration late"
"PR31","Miconia_affinis",16,"pasture regeneration late","regeneration late"
"PR26","Miconia_affinis",28,"pasture regeneration late","regeneration late"
"CR09","Miconia_affinis",6,"cacao regeneration early","regeneration early"
"CR09","Miconia_affinis",6,"cacao regeneration early","regeneration early"
"CR09","Miconia_affinis",6,"cacao regeneration early","regeneration early"
"CR09","Miconia_affinis",6,"cacao regeneration early","regeneration early"
"CR09","Miconia_affinis",6,"cacao regeneration early","regeneration early"
"CR09","Miconia_affinis",6,"cacao regeneration early","regeneration early"
"OG39","Miconia_conocuatrecasii",55,"old-growth forest","old-growth forest"
"CR12","Miconia_conocuatrecasii",15,"cacao regeneration late","regeneration late"
"CR12","Miconia_conocuatrecasii",15,"cacao regeneration late","regeneration late"
"CR12","Miconia_conocuatrecasii",15,"cacao regeneration late","regeneration late"
"PR30","Miconia_conocuatrecasii",15,"pasture regeneration late","regeneration late"
"CR17","Miconia_conocuatrecasii",9,"cacao regeneration early","regeneration early"
"PR22","Miconia_conocuatrecasii",12,"pasture regeneration early","regeneration early"
"PR22","Miconia_conocuatrecasii",12,"pasture regeneration early","regeneration early"
"PR22","Miconia_conocuatrecasii",12,"pasture regeneration early","regeneration early"
"PR22","Miconia_conocuatrecasii",12,"pasture regeneration early","regeneration early"
"PR22","Miconia_conocuatrecasii",12,"pasture regeneration early","regeneration early"
"CR18","Miconia_dorsiloba",10,"cacao regeneration early","regeneration early"
"CR18","Miconia_dorsiloba",10,"cacao regeneration early","regeneration early"
"CR18","Miconia_dorsiloba",10,"cacao regeneration early","regeneration early"
"CR18","Miconia_dorsiloba",10,"cacao regeneration early","regeneration early"
"OG46","Miconia_laxivenula",55,"old-growth forest","old-growth forest"
"OG46","Miconia_laxivenula",55,"old-growth forest","old-growth forest"
"CR01","Miconia_laxivenula",6,"cacao regeneration early","regeneration early"
"OG41","Mollia_lepidota",55,"old-growth forest","old-growth forest"
"OG50","Mollia_lepidota",55,"old-growth forest","old-growth forest"
"OG52","Moraceae_sp2",55,"old-growth forest","old-growth forest"
"CR14","Moraceae",38,"cacao regeneration late","regeneration late"
"OG43","Morph005",55,"old-growth forest","old-growth forest"
"OG43","Morph005",55,"old-growth forest","old-growth forest"
"OG46","Morph005",55,"old-growth forest","old-growth forest"
"OG28","Morph005",55,"old-growth forest","old-growth forest"
"PR26","Morph007",28,"pasture regeneration late","regeneration late"
"PR26","Morph007",28,"pasture regeneration late","regeneration late"
"PR21","Morph007",36,"pasture regeneration late","regeneration late"
"CR09","Morph007",6,"cacao regeneration early","regeneration early"
"OG38","Morph011",55,"old-growth forest","old-growth forest"
"OG49","Morph011",55,"old-growth forest","old-growth forest"
"OG46","Morph011",55,"old-growth forest","old-growth forest"
"OG39","Morph011",55,"old-growth forest","old-growth forest"
"OG39","Morph011",55,"old-growth forest","old-growth forest"
"PR21","Morph011",36,"pasture regeneration late","regeneration late"
"OG49","Morph013",55,"old-growth forest","old-growth forest"
"OG52","Morph013",55,"old-growth forest","old-growth forest"
"CR11","Morph013",23,"cacao regeneration late","regeneration late"
"OG46","Morph046",55,"old-growth forest","old-growth forest"
"CR10","Morph049",24,"cacao regeneration late","regeneration late"
"OG52","Morph064",55,"old-growth forest","old-growth forest"
"OG52","Morph064",55,"old-growth forest","old-growth forest"
"OG50","Morph064",55,"old-growth forest","old-growth forest"
"OG52","Morph064",55,"old-growth forest","old-growth forest"
"OG52","Morph064",55,"old-growth forest","old-growth forest"
"OG49","Morph064",55,"old-growth forest","old-growth forest"
"OG39","Morph064",55,"old-growth forest","old-growth forest"
"OG37","Morph064",55,"old-growth forest","old-growth forest"
"OG52","Morph064",55,"old-growth forest","old-growth forest"
"OG45","Morph064",55,"old-growth forest","old-growth forest"
"CR10","Morph064",24,"cacao regeneration late","regeneration late"
"PR21","Morph068",36,"pasture regeneration late","regeneration late"
"PR21","Morph069",36,"pasture regeneration late","regeneration late"
"OG42","Morph090",55,"old-growth forest","old-growth forest"
"OG38","Morph090",55,"old-growth forest","old-growth forest"
"OG38","Morph090",55,"old-growth forest","old-growth forest"
"OG40","Morph090",55,"old-growth forest","old-growth forest"
"OG39","Morph091?",55,"old-growth forest","old-growth forest"
"OG52","Morph104",55,"old-growth forest","old-growth forest"
"OG52","Morph104",55,"old-growth forest","old-growth forest"
"OG41","Morph104",55,"old-growth forest","old-growth forest"
"OG52","Morph104",55,"old-growth forest","old-growth forest"
"CR10","Morph109",24,"cacao regeneration late","regeneration late"
"PR21","Morph109",36,"pasture regeneration late","regeneration late"
"OG50","Morph110",55,"old-growth forest","old-growth forest"
"OG45","Morph112",55,"old-growth forest","old-growth forest"
"OG45","Morph112",55,"old-growth forest","old-growth forest"
"OG38","Morph112",55,"old-growth forest","old-growth forest"
"OG38","Morph112",55,"old-growth forest","old-growth forest"
"OG45","Morph112",55,"old-growth forest","old-growth forest"
"OG45","Morph112",55,"old-growth forest","old-growth forest"
"OG38","Morph112",55,"old-growth forest","old-growth forest"
"OG38","Morph112",55,"old-growth forest","old-growth forest"
"OG38","Morph112",55,"old-growth forest","old-growth forest"
"OG45","Morph112",55,"old-growth forest","old-growth forest"
"OG38","Morph112",55,"old-growth forest","old-growth forest"
"OG45","Morph112",55,"old-growth forest","old-growth forest"
"OG39","Morph113",55,"old-growth forest","old-growth forest"
"OG52","Morph121",55,"old-growth forest","old-growth forest"
"OG41","Morph124",55,"old-growth forest","old-growth forest"
"OG37","Morph128",55,"old-growth forest","old-growth forest"
"CR01","Morph128",6,"cacao regeneration early","regeneration early"
"OG41","Morph130",55,"old-growth forest","old-growth forest"
"OG39","Morph131",55,"old-growth forest","old-growth forest"
"OG45","Morph135",55,"old-growth forest","old-growth forest"
"CR02","Morph135",8,"cacao regeneration early","regeneration early"
"OG42","Morph138",55,"old-growth forest","old-growth forest"
"OG42","Morph138",55,"old-growth forest","old-growth forest"
"OG42","Morph138",55,"old-growth forest","old-growth forest"
"OG38","Morph140",55,"old-growth forest","old-growth forest"
"PR21","Morph140",36,"pasture regeneration late","regeneration late"
"PR21","Morph140",36,"pasture regeneration late","regeneration late"
"PR21","Morph140",36,"pasture regeneration late","regeneration late"
"OG42","Morph141",55,"old-growth forest","old-growth forest"
"OG42","Morph141",55,"old-growth forest","old-growth forest"
"OG42","Morph141",55,"old-growth forest","old-growth forest"
"OG38","Morph142",55,"old-growth forest","old-growth forest"
"OG38","Morph142",55,"old-growth forest","old-growth forest"
"OG38","Morph143",55,"old-growth forest","old-growth forest"
"OG43","Morph144",55,"old-growth forest","old-growth forest"
"OG50","Morph144",55,"old-growth forest","old-growth forest"
"OG49","Morph144",55,"old-growth forest","old-growth forest"
"OG49","Morph144",55,"old-growth forest","old-growth forest"
"OG28","Morph144",55,"old-growth forest","old-growth forest"
"OG28","Morph144",55,"old-growth forest","old-growth forest"
"OG28","Morph144",55,"old-growth forest","old-growth forest"
"OG41","Morph145",55,"old-growth forest","old-growth forest"
"PR31","Morph146",16,"pasture regeneration late","regeneration late"
"PR26","Morph147",28,"pasture regeneration late","regeneration late"
"CR11","Morph148",23,"cacao regeneration late","regeneration late"
"OG52","Morph149",55,"old-growth forest","old-growth forest"
"OG38","Morph150",55,"old-growth forest","old-growth forest"
"OG38","Morph151",55,"old-growth forest","old-growth forest"
"CR01","Morph151",6,"cacao regeneration early","regeneration early"
"CR01","Morph151",6,"cacao regeneration early","regeneration early"
"OG28","Morph152",55,"old-growth forest","old-growth forest"
"OG28","Morph152",55,"old-growth forest","old-growth forest"
"OG52","Morph153",55,"old-growth forest","old-growth forest"
"PR24","Morph154",21,"pasture regeneration late","regeneration late"
"CR12","Morph155",15,"cacao regeneration late","regeneration late"
"OG40","Morph156",55,"old-growth forest","old-growth forest"
"OG40","Morph157",55,"old-growth forest","old-growth forest"
"CR08","Morph158",27,"cacao regeneration late","regeneration late"
"OG43","Morph159",55,"old-growth forest","old-growth forest"
"OG50","Morph160",55,"old-growth forest","old-growth forest"
"OG28","Morph161",55,"old-growth forest","old-growth forest"
"OG52","NA_OG52-87",55,"old-growth forest","old-growth forest"
"OG52","NA_OG52-87",55,"old-growth forest","old-growth forest"
"OG52","NA_OG52-87",55,"old-growth forest","old-growth forest"
"OG52","NA_OG52-87",55,"old-growth forest","old-growth forest"
"CA62",NA,0,"active cacao","regeneration early"
"CR09",NA,6,"cacao regeneration early","regeneration early"
"CR14","Ocotea_sp5",38,"cacao regeneration late","regeneration late"
"PR26","Ocotea_sp5",28,"pasture regeneration late","regeneration late"
"PR26","Ocotea_sp5",28,"pasture regeneration late","regeneration late"
"OG49","Otoba_nomarron",55,"old-growth forest","old-growth forest"
"OG52","Otoba_nomarron",55,"old-growth forest","old-growth forest"
"CR08","Otoba_nomarron",27,"cacao regeneration late","regeneration late"
"CR08","Otoba_nomarron",27,"cacao regeneration late","regeneration late"
"CR08","Otoba_nomarron",27,"cacao regeneration late","regeneration late"
"CR08","Otoba_nomarron",27,"cacao regeneration late","regeneration late"
"CR08","Otoba_nomarron",27,"cacao regeneration late","regeneration late"
"CR13","Otoba_nomarron",1,"cacao regeneration early","regeneration early"
"OG50","Otoba_novogranatensis",55,"old-growth forest","old-growth forest"
"OG41","Otoba_novogranatensis",55,"old-growth forest","old-growth forest"
"OG38","Otoba_novogranatensis",55,"old-growth forest","old-growth forest"
"OG50","Otoba_novogranatensis",55,"old-growth forest","old-growth forest"
"OG41","Otoba_novogranatensis",55,"old-growth forest","old-growth forest"
"CR09","Otoba_novogranatensis",6,"cacao regeneration early","regeneration early"
"PR30","Otoba_sp1",15,"pasture regeneration late","regeneration late"
"OG38","Palicourea_guianensis",55,"old-growth forest","old-growth forest"
"CR04","Palicourea_palenquensis",21,"cacao regeneration late","regeneration late"
"OG45","Palicourea_timbiquensis",55,"old-growth forest","old-growth forest"
"OG45","Palicourea_timbiquensis",55,"old-growth forest","old-growth forest"
"CR11","Palicourea_timbiquensis",23,"cacao regeneration late","regeneration late"
"CR11","Palicourea_timbiquensis",23,"cacao regeneration late","regeneration late"
"CR11","Palicourea_timbiquensis",23,"cacao regeneration late","regeneration late"
"CR09","Parkia_multijuga",6,"cacao regeneration early","regeneration early"
"CR10","Parkia_sp",24,"cacao regeneration late","regeneration late"
"OG45","Paullinia_sp",55,"old-growth forest","old-growth forest"
"CR14","Paullinia_sp",38,"cacao regeneration late","regeneration late"
"OG42","Perebea_sp2",55,"old-growth forest","old-growth forest"
"OG50","Perebea_sp2",55,"old-growth forest","old-growth forest"
"OG50","Perebea_sp2",55,"old-growth forest","old-growth forest"
"OG49","Perebea_xanthochyma",55,"old-growth forest","old-growth forest"
"OG52","Perebea_xanthochyma",55,"old-growth forest","old-growth forest"
"OG49","Perebea_xanthochyma",55,"old-growth forest","old-growth forest"
"OG44","Perebea_xanthochyma",55,"old-growth forest","old-growth forest"
"OG49","Perebea_xanthochyma",55,"old-growth forest","old-growth forest"
"OG52","Perebea_xanthochyma",55,"old-growth forest","old-growth forest"
"CR11","Perebea_xanthochyma",23,"cacao regeneration late","regeneration late"
"CR11","Perebea_xanthochyma",23,"cacao regeneration late","regeneration late"
"PR26","Perebea_xanthochyma",28,"pasture regeneration late","regeneration late"
"PR26","Perebea_xanthochyma",28,"pasture regeneration late","regeneration late"
"OG41","Pleuranthodendron_lindenii",55,"old-growth forest","old-growth forest"
"OG46","Pourouma_bicolor",55,"old-growth forest","old-growth forest"
"OG51","Pourouma_bicolor",55,"old-growth forest","old-growth forest"
"OG45","Pourouma_bicolor",55,"old-growth forest","old-growth forest"
"OG46","Pourouma_bicolor",55,"old-growth forest","old-growth forest"
"OG44","Pourouma_bicolor",55,"old-growth forest","old-growth forest"
"OG49","Pourouma_bicolor",55,"old-growth forest","old-growth forest"
"OG42","Pourouma_bicolor",55,"old-growth forest","old-growth forest"
"OG45","Pourouma_bicolor",55,"old-growth forest","old-growth forest"
"OG51","Pourouma_bicolor",55,"old-growth forest","old-growth forest"
"OG39","Pourouma_bicolor",55,"old-growth forest","old-growth forest"
"OG42","Pourouma_bicolor",55,"old-growth forest","old-growth forest"
"OG45","Pourouma_bicolor",55,"old-growth forest","old-growth forest"
"CR06","Pourouma_bicolor",33,"cacao regeneration late","regeneration late"
"CR06","Pourouma_bicolor",33,"cacao regeneration late","regeneration late"
"PR21","Pourouma_bicolor",36,"pasture regeneration late","regeneration late"
"PR34","Pourouma_bicolor",38,"pasture regeneration late","regeneration late"
"OG40","Pourouma_minor",55,"old-growth forest","old-growth forest"
"OG48","Pourouma_sp2",55,"old-growth forest","old-growth forest"
"OG49","Prestoea_ensiformis",55,"old-growth forest","old-growth forest"
"OG50","Prestoea_ensiformis",55,"old-growth forest","old-growth forest"
"OG42","Prestoea_ensiformis",55,"old-growth forest","old-growth forest"
"OG45","Prestoea_ensiformis",55,"old-growth forest","old-growth forest"
"OG48","Prestoea_ensiformis",55,"old-growth forest","old-growth forest"
"OG42","Prestoea_ensiformis",55,"old-growth forest","old-growth forest"
"OG49","Prestoea_ensiformis",55,"old-growth forest","old-growth forest"
"OG49","Prestoea_ensiformis",55,"old-growth forest","old-growth forest"
"OG50","Prestoea_ensiformis",55,"old-growth forest","old-growth forest"
"OG49","Prestoea_ensiformis",55,"old-growth forest","old-growth forest"
"OG45","Prestoea_ensiformis",55,"old-growth forest","old-growth forest"
"OG45","Prestoea_ensiformis",55,"old-growth forest","old-growth forest"
"OG45","Prestoea_ensiformis",55,"old-growth forest","old-growth forest"
"OG49","Prestoea_ensiformis",55,"old-growth forest","old-growth forest"
"OG42","Prestoea_ensiformis",55,"old-growth forest","old-growth forest"
"OG46","Prestoea_ensiformis",55,"old-growth forest","old-growth forest"
"OG49","Prestoea_ensiformis",55,"old-growth forest","old-growth forest"
"OG52","Prestoea_ensiformis",55,"old-growth forest","old-growth forest"
"OG45","Prestoea_ensiformis",55,"old-growth forest","old-growth forest"
"OG49","Prestoea_ensiformis",55,"old-growth forest","old-growth forest"
"OG49","Prestoea_ensiformis",55,"old-growth forest","old-growth forest"
"OG50","Prestoea_ensiformis",55,"old-growth forest","old-growth forest"
"OG42","Prestoea_ensiformis",55,"old-growth forest","old-growth forest"
"OG38","Prestoea_ensiformis",55,"old-growth forest","old-growth forest"
"OG42","Prestoea_ensiformis",55,"old-growth forest","old-growth forest"
"OG49","Prestoea_ensiformis",55,"old-growth forest","old-growth forest"
"OG42","Prestoea_ensiformis",55,"old-growth forest","old-growth forest"
"OG46","Prestoea_ensiformis",55,"old-growth forest","old-growth forest"
"OG48","Prestoea_ensiformis",55,"old-growth forest","old-growth forest"
"OG49","Prestoea_ensiformis",55,"old-growth forest","old-growth forest"
"OG49","Prestoea_ensiformis",55,"old-growth forest","old-growth forest"
"OG45","Prestoea_ensiformis",55,"old-growth forest","old-growth forest"
"OG49","Prestoea_ensiformis",55,"old-growth forest","old-growth forest"
"OG45","Prestoea_ensiformis",55,"old-growth forest","old-growth forest"
"OG42","Prestoea_ensiformis",55,"old-growth forest","old-growth forest"
"OG45","Prestoea_ensiformis",55,"old-growth forest","old-growth forest"
"OG50","Prestoea_ensiformis",55,"old-growth forest","old-growth forest"
"OG49","Prestoea_ensiformis",55,"old-growth forest","old-growth forest"
"OG49","Prestoea_ensiformis",55,"old-growth forest","old-growth forest"
"OG42","Prestoea_ensiformis",55,"old-growth forest","old-growth forest"
"OG52","Prestoea_ensiformis",55,"old-growth forest","old-growth forest"
"OG49","Prestoea_ensiformis",55,"old-growth forest","old-growth forest"
"OG42","Prestoea_ensiformis",55,"old-growth forest","old-growth forest"
"OG49","Prestoea_ensiformis",55,"old-growth forest","old-growth forest"
"OG38","Prestoea_ensiformis",55,"old-growth forest","old-growth forest"
"OG42","Prestoea_ensiformis",55,"old-growth forest","old-growth forest"
"OG50","Prestoea_ensiformis",55,"old-growth forest","old-growth forest"
"OG42","Prestoea_ensiformis",55,"old-growth forest","old-growth forest"
"OG42","Prestoea_ensiformis",55,"old-growth forest","old-growth forest"
"OG49","Prestoea_ensiformis",55,"old-growth forest","old-growth forest"
"OG42","Prestoea_ensiformis",55,"old-growth forest","old-growth forest"
"OG42","Prestoea_ensiformis",55,"old-growth forest","old-growth forest"
"CR10","Prestoea_ensiformis",24,"cacao regeneration late","regeneration late"
"CR10","Prestoea_ensiformis",24,"cacao regeneration late","regeneration late"
"CR11","Prestoea_ensiformis",23,"cacao regeneration late","regeneration late"
"CR14","Prestoea_ensiformis",38,"cacao regeneration late","regeneration late"
"CR11","Prestoea_ensiformis",23,"cacao regeneration late","regeneration late"
"CR11","Prestoea_ensiformis",23,"cacao regeneration late","regeneration late"
"PR34","Prestoea_ensiformis",38,"pasture regeneration late","regeneration late"
"PR31","Prestoea_ensiformis",16,"pasture regeneration late","regeneration late"
"CR18","Protium_altissimum",10,"cacao regeneration early","regeneration early"
"CR18","Protium_altissimum",10,"cacao regeneration early","regeneration early"
"OG46","Protium_sp1",55,"old-growth forest","old-growth forest"
"OG38","Protium_sp1",55,"old-growth forest","old-growth forest"
"OG45","Protium_sp1",55,"old-growth forest","old-growth forest"
"OG45","Protium_sp1",55,"old-growth forest","old-growth forest"
"OG51","Protium_sp1",55,"old-growth forest","old-growth forest"
"OG41","Protium_sp1",55,"old-growth forest","old-growth forest"
"OG46","Protium_sp1",55,"old-growth forest","old-growth forest"
"OG38","Protium_sp1",55,"old-growth forest","old-growth forest"
"CR06","Protium_sp1",33,"cacao regeneration late","regeneration late"
"PR34","Protium_sp1",38,"pasture regeneration late","regeneration late"
"PR34","Protium_sp1",38,"pasture regeneration late","regeneration late"
"PR34","Protium_sp1",38,"pasture regeneration late","regeneration late"
"CA63","Pseudolmedia_rigida",0,"active cacao","regeneration early"
"CA63","Pseudolmedia_rigida",0,"active cacao","regeneration early"
"CA63","Pseudolmedia_rigida",0,"active cacao","regeneration early"
"CA63","Pseudolmedia_rigida",0,"active cacao","regeneration early"
"CR06","Pseudolmedia_rigida",33,"cacao regeneration late","regeneration late"
"CR06","Pseudolmedia_rigida",33,"cacao regeneration late","regeneration late"
"CR06","Pseudolmedia_rigida",33,"cacao regeneration late","regeneration late"
"PR26","Pseudolmedia_rigida",28,"pasture regeneration late","regeneration late"
"CR02","Pseudolmedia_rigida",8,"cacao regeneration early","regeneration early"
"CR13","Pseudolmedia_rigida",1,"cacao regeneration early","regeneration early"
"CR02","Pseudolmedia_rigida",8,"cacao regeneration early","regeneration early"
"OG39","Psychotria",55,"old-growth forest","old-growth forest"
"OG46","Psychotria",55,"old-growth forest","old-growth forest"
"OG39","Psychotria",55,"old-growth forest","old-growth forest"
"OG39","Psychotria",55,"old-growth forest","old-growth forest"
"OG39","Psychotria",55,"old-growth forest","old-growth forest"
"OG38","Psychotria",55,"old-growth forest","old-growth forest"
"OG39","Psychotria",55,"old-growth forest","old-growth forest"
"OG39","Psychotria",55,"old-growth forest","old-growth forest"
"OG39","Psychotria",55,"old-growth forest","old-growth forest"
"OG39","Psychotria",55,"old-growth forest","old-growth forest"
"CR11","Psychotria",23,"cacao regeneration late","regeneration late"
"CR13","Psychotria",1,"cacao regeneration early","regeneration early"
"OG52","Pterocarpus_rohrii",55,"old-growth forest","old-growth forest"
"OG46","Quararibea_casasecae",55,"old-growth forest","old-growth forest"
"PR21","Sapium_laurifolium",36,"pasture regeneration late","regeneration late"
"OG43","Saurauia_sp",55,"old-growth forest","old-growth forest"
"OG28","Saurauia_sp",55,"old-growth forest","old-growth forest"
"OG28","Saurauia_sp",55,"old-growth forest","old-growth forest"
"CR09","Shrub_similar_to_Trema",6,"cacao regeneration early","regeneration early"
"OG49","Socratea_sp",55,"old-growth forest","old-growth forest"
"OG49","Socratea_sp",55,"old-growth forest","old-growth forest"
"OG49","Socratea_sp",55,"old-growth forest","old-growth forest"
"OG42","Solanaceae_sp1",55,"old-growth forest","old-growth forest"
"PR26","Solanaceae_sp1",28,"pasture regeneration late","regeneration late"
"PR22","Solanaceae_sp1",12,"pasture regeneration early","regeneration early"
"PR21","Sorocea_sarcocarpa",36,"pasture regeneration late","regeneration late"
"PR21","Sorocea_sarcocarpa",36,"pasture regeneration late","regeneration late"
"OG42","Swartzia_haughtii",55,"old-growth forest","old-growth forest"
"OG42","Swartzia_haughtii",55,"old-growth forest","old-growth forest"
"OG49","Symphonia_globulifera",55,"old-growth forest","old-growth forest"
"OG49","Symphonia_globulifera",55,"old-growth forest","old-growth forest"
"CR14","Tabernaemontana_amygdalifolia",38,"cacao regeneration late","regeneration late"
"CA63","Tapirira_guianensis",0,"active cacao","regeneration early"
"CA63","Tapirira_guianensis",0,"active cacao","regeneration early"
"CA63","Tapirira_guianensis",0,"active cacao","regeneration early"
"CA63","Tapirira_guianensis",0,"active cacao","regeneration early"
"CA63","Tapirira_guianensis",0,"active cacao","regeneration early"
"CA63","Tapirira_guianensis",0,"active cacao","regeneration early"
"CA63","Tapirira_guianensis",0,"active cacao","regeneration early"
"CA63","Tapirira_guianensis",0,"active cacao","regeneration early"
"CA63","Tapirira_guianensis",0,"active cacao","regeneration early"
"CA63","Tapirira_guianensis",0,"active cacao","regeneration early"
"OG50","Tapirira_guianensis",55,"old-growth forest","old-growth forest"
"OG52","Tapirira_guianensis",55,"old-growth forest","old-growth forest"
"OG41","Tapirira_guianensis",55,"old-growth forest","old-growth forest"
"OG52","Tapirira_guianensis",55,"old-growth forest","old-growth forest"
"OG50","Tapirira_guianensis",55,"old-growth forest","old-growth forest"
"PR26","Tapirira_guianensis",28,"pasture regeneration late","regeneration late"
"PR26","Tapirira_guianensis",28,"pasture regeneration late","regeneration late"
"PR26","Tapirira_guianensis",28,"pasture regeneration late","regeneration late"
"PR26","Tapirira_guianensis",28,"pasture regeneration late","regeneration late"
"PR26","Tapirira_guianensis",28,"pasture regeneration late","regeneration late"
"PR26","Tapirira_guianensis",28,"pasture regeneration late","regeneration late"
"PR26","Tapirira_guianensis",28,"pasture regeneration late","regeneration late"
"OG28","Tapirira_guianensis",55,"old-growth forest","old-growth forest"
"OG28","Tapirira_guianensis",55,"old-growth forest","old-growth forest"
"CA63","Theobroma_cacao",0,"active cacao","regeneration early"
"CA63","Theobroma_cacao",0,"active cacao","regeneration early"
"CR09","Theobroma_cacao",6,"cacao regeneration early","regeneration early"
"CR09","Theobroma_cacao",6,"cacao regeneration early","regeneration early"
"CR13","Theobroma_cacao",1,"cacao regeneration early","regeneration early"
"CR09","Theobroma_cacao",6,"cacao regeneration early","regeneration early"
"CR02","Theobroma_cacao",8,"cacao regeneration early","regeneration early"
"CR13","Theobroma_cacao",1,"cacao regeneration early","regeneration early"
"CR09","Theobroma_cacao",6,"cacao regeneration early","regeneration early"
"CR13","Theobroma_cacao",1,"cacao regeneration early","regeneration early"
"CR18","Theobroma_cacao",10,"cacao regeneration early","regeneration early"
"CR09","Theobroma_cacao",6,"cacao regeneration early","regeneration early"
"CR02","Theobroma_cacao",8,"cacao regeneration early","regeneration early"
"CR09","Theobroma_cacao",6,"cacao regeneration early","regeneration early"
"CR09","Trema_micrantha",6,"cacao regeneration early","regeneration early"
"PR26","Turpinia_occidentalis",28,"pasture regeneration late","regeneration late"
"PR26","Turpinia_occidentalis",28,"pasture regeneration late","regeneration late"
"PR26","Turpinia_occidentalis",28,"pasture regeneration late","regeneration late"
"PR26","Turpinia_occidentalis",28,"pasture regeneration late","regeneration late"
"PR26","Turpinia_occidentalis",28,"pasture regeneration late","regeneration late"
"PR26","Turpinia_occidentalis",28,"pasture regeneration late","regeneration late"
"PR26","Turpinia_occidentalis",28,"pasture regeneration late","regeneration late"
"OG39","Urticaceae",55,"old-growth forest","old-growth forest"
"OG51","Virola_pavonis",55,"old-growth forest","old-growth forest"
"CA63","Virola_sp1",0,"active cacao","regeneration early"
"CA63","Virola_sp1",0,"active cacao","regeneration early"
"OG39","virola_sp1",55,"old-growth forest","old-growth forest"
"OG39","Virola_sp1",55,"old-growth forest","old-growth forest"
"OG39","Virola_sp1",55,"old-growth forest","old-growth forest"
"OG38","Virola_sp1",55,"old-growth forest","old-growth forest"
"OG43","Virola_sp1",55,"old-growth forest","old-growth forest"
"OG39","Virola_sp1",55,"old-growth forest","old-growth forest"
"OG45","Virola_sp1",55,"old-growth forest","old-growth forest"
"OG43","Virola_sp1",55,"old-growth forest","old-growth forest"
"OG45","Virola_sp1",55,"old-growth forest","old-growth forest"
"OG39","Virola_sp1",55,"old-growth forest","old-growth forest"
"OG39","Virola_sp1",55,"old-growth forest","old-growth forest"
"OG50","Virola_sp1",55,"old-growth forest","old-growth forest"
"OG45","Virola_sp1",55,"old-growth forest","old-growth forest"
"OG45","Virola_sp1",55,"old-growth forest","old-growth forest"
"OG39","Virola_sp1",55,"old-growth forest","old-growth forest"
"OG45","Virola_sp1",55,"old-growth forest","old-growth forest"
"CR14","Virola_sp1",38,"cacao regeneration late","regeneration late"
"CR14","Virola_sp1",38,"cacao regeneration late","regeneration late"
"PR21","Virola_sp1",36,"pasture regeneration late","regeneration late"
"PR21","Virola_sp1",36,"pasture regeneration late","regeneration late"
"PR31","Virola_sp1",16,"pasture regeneration late","regeneration late"
"PR21","Virola_sp1",36,"pasture regeneration late","regeneration late"
"CR05","Virola_sp1",12,"cacao regeneration early","regeneration early"
"OG28","Virola_sp1",55,"old-growth forest","old-growth forest"
"CA63","Virola_sp2",0,"active cacao","regeneration early"
"OG42","Virola_sp2",55,"old-growth forest","old-growth forest"
"OG41","Virola_sp2",55,"old-growth forest","old-growth forest"
"OG41","Virola_sp2",55,"old-growth forest","old-growth forest"
"OG49","Virola_sp2",55,"old-growth forest","old-growth forest"
"OG38","Virola_sp2",55,"old-growth forest","old-growth forest"
"CR14","Virola_sp2",38,"cacao regeneration late","regeneration late"
"PR21","Virola_sp2",36,"pasture regeneration late","regeneration late"
"PR27","Virola_sp2",27,"pasture regeneration late","regeneration late"
"PR26","Virola_sp2",28,"pasture regeneration late","regeneration late"
"PR26","Virola_sp2",28,"pasture regeneration late","regeneration late"
"CR17","Virola_sp2",9,"cacao regeneration early","regeneration early"
"CR09","Virola_sp2",6,"cacao regeneration early","regeneration early"
"PR26","Vochysia_macrophylla",28,"pasture regeneration late","regeneration late"
"PR26","Vochysia_macrophylla",28,"pasture regeneration late","regeneration late"
"PR26","Vochysia_macrophylla",28,"pasture regeneration late","regeneration late"
"PR26","Vochysia_macrophylla",28,"pasture regeneration late","regeneration late"
"PR26","Vochysia_macrophylla",28,"pasture regeneration late","regeneration late"
"PR26","Vochysia_macrophylla",28,"pasture regeneration late","regeneration late"
"PR26","Vochysia_macrophylla",28,"pasture regeneration late","regeneration late"
"PR26","Vochysia_macrophylla",28,"pasture regeneration late","regeneration late"
"PR26","Vochysia_macrophylla",28,"pasture regeneration late","regeneration late"
"PR26","Vochysia_macrophylla",28,"pasture regeneration late","regeneration late"
"OG39","Wettinia_quinaria",55,"old-growth forest","old-growth forest"
"OG38","Wettinia_quinaria",55,"old-growth forest","old-growth forest"
"OG38","Wettinia_quinaria",55,"old-growth forest","old-growth forest"
"OG39","Wettinia_quinaria",55,"old-growth forest","old-growth forest"
"OG40","Wettinia_quinaria",55,"old-growth forest","old-growth forest"
"OG40","Wettinia_quinaria",55,"old-growth forest","old-growth forest"
"OG49","Wettinia_quinaria",55,"old-growth forest","old-growth forest"
"OG49","Wettinia_quinaria",55,"old-growth forest","old-growth forest"
"OG38","Wettinia_quinaria",55,"old-growth forest","old-growth forest"
"OG40","Wettinia_quinaria",55,"old-growth forest","old-growth forest"
"OG38","Wettinia_quinaria",55,"old-growth forest","old-growth forest"
"OG42","Wettinia_quinaria",55,"old-growth forest","old-growth forest"
"OG52","Wettinia_quinaria",55,"old-growth forest","old-growth forest"
"OG49","Wettinia_quinaria",55,"old-growth forest","old-growth forest"
"OG44","Wettinia_quinaria",55,"old-growth forest","old-growth forest"
"OG39","Wettinia_quinaria",55,"old-growth forest","old-growth forest"
"OG42","Wettinia_quinaria",55,"old-growth forest","old-growth forest"
"OG40","Wettinia_quinaria",55,"old-growth forest","old-growth forest"
"OG39","Wettinia_quinaria",55,"old-growth forest","old-growth forest"
"OG39","Wettinia_quinaria",55,"old-growth forest","old-growth forest"
"OG40","Wettinia_quinaria",55,"old-growth forest","old-growth forest"
"OG45","Wettinia_quinaria",55,"old-growth forest","old-growth forest"
"OG40","Wettinia_quinaria",55,"old-growth forest","old-growth forest"
"OG39","Wettinia_quinaria",55,"old-growth forest","old-growth forest"
"OG42","Wettinia_quinaria",55,"old-growth forest","old-growth forest"
"OG38","Wettinia_quinaria",55,"old-growth forest","old-growth forest"
"OG37","Wettinia_quinaria",55,"old-growth forest","old-growth forest"
"OG38","Wettinia_quinaria",55,"old-growth forest","old-growth forest"
"OG43","Wettinia_quinaria",55,"old-growth forest","old-growth forest"
"OG38","Wettinia_quinaria",55,"old-growth forest","old-growth forest"
"OG39","Wettinia_quinaria",55,"old-growth forest","old-growth forest"
"OG40","Wettinia_quinaria",55,"old-growth forest","old-growth forest"
"OG49","Wettinia_quinaria",55,"old-growth forest","old-growth forest"
"OG39","Wettinia_quinaria",55,"old-growth forest","old-growth forest"
"OG40","Wettinia_quinaria",55,"old-growth forest","old-growth forest"
"OG39","Wettinia_quinaria",55,"old-growth forest","old-growth forest"
"OG52","Wettinia_quinaria",55,"old-growth forest","old-growth forest"
"OG40","Wettinia_quinaria",55,"old-growth forest","old-growth forest"
"OG38","Wettinia_quinaria",55,"old-growth forest","old-growth forest"
"OG39","Wettinia_quinaria",55,"old-growth forest","old-growth forest"
"OG38","Wettinia_quinaria",55,"old-growth forest","old-growth forest"
"OG47","Wettinia_quinaria",55,"old-growth forest","old-growth forest"
"OG44","Wettinia_quinaria",55,"old-growth forest","old-growth forest"
"OG39","Wettinia_quinaria",55,"old-growth forest","old-growth forest"
"OG49","Wettinia_quinaria",55,"old-growth forest","old-growth forest"
"OG38","Wettinia_quinaria",55,"old-growth forest","old-growth forest"
"OG40","Wettinia_quinaria",55,"old-growth forest","old-growth forest"
"OG44","Wettinia_quinaria",55,"old-growth forest","old-growth forest"
"OG38","Wettinia_quinaria",55,"old-growth forest","old-growth forest"
"OG49","Wettinia_quinaria",55,"old-growth forest","old-growth forest"
"OG44","Wettinia_quinaria",55,"old-growth forest","old-growth forest"
"OG51","Wettinia_quinaria",55,"old-growth forest","old-growth forest"
"OG51","Wettinia_quinaria",55,"old-growth forest","old-growth forest"
"OG38","Wettinia_quinaria",55,"old-growth forest","old-growth forest"
"OG38","Wettinia_quinaria",55,"old-growth forest","old-growth forest"
"OG40","Wettinia_quinaria",55,"old-growth forest","old-growth forest"
"OG51","Wettinia_quinaria",55,"old-growth forest","old-growth forest"
"OG39","Wettinia_quinaria",55,"old-growth forest","old-growth forest"
"OG45","Wettinia_quinaria",55,"old-growth forest","old-growth forest"
"OG49","Wettinia_quinaria",55,"old-growth forest","old-growth forest"
"OG40","Wettinia_quinaria",55,"old-growth forest","old-growth forest"
"OG38","Wettinia_quinaria",55,"old-growth forest","old-growth forest"
"OG49","Wettinia_quinaria",55,"old-growth forest","old-growth forest"
"OG40","Wettinia_quinaria",55,"old-growth forest","old-growth forest"
"OG45","Wettinia_quinaria",55,"old-growth forest","old-growth forest"
"OG42","Wettinia_quinaria",55,"old-growth forest","old-growth forest"
"OG42","Wettinia_quinaria",55,"old-growth forest","old-growth forest"
"OG39","Wettinia_quinaria",55,"old-growth forest","old-growth forest"
"OG50","Wettinia_quinaria",55,"old-growth forest","old-growth forest"
"OG40","Wettinia_quinaria",55,"old-growth forest","old-growth forest"
"OG42","Wettinia_quinaria",55,"old-growth forest","old-growth forest"
"OG40","Wettinia_quinaria",55,"old-growth forest","old-growth forest"
"OG39","Wettinia_quinaria",55,"old-growth forest","old-growth forest"
"OG39","Wettinia_quinaria",55,"old-growth forest","old-growth forest"
"OG40","Wettinia_quinaria",55,"old-growth forest","old-growth forest"
"OG40","Wettinia_quinaria",55,"old-growth forest","old-growth forest"
"OG42","Wettinia_quinaria",55,"old-growth forest","old-growth forest"
"OG38","Wettinia_quinaria",55,"old-growth forest","old-growth forest"
"OG40","Wettinia_quinaria",55,"old-growth forest","old-growth forest"
"OG44","Wettinia_quinaria",55,"old-growth forest","old-growth forest"
"OG39","Wettinia_quinaria",55,"old-growth forest","old-growth forest"
"OG40","Wettinia_quinaria",55,"old-growth forest","old-growth forest"
"OG42","Wettinia_quinaria",55,"old-growth forest","old-growth forest"
"OG39","Wettinia_quinaria",55,"old-growth forest","old-growth forest"
"OG37","Wettinia_quinaria",55,"old-growth forest","old-growth forest"
"OG38","Wettinia_quinaria",55,"old-growth forest","old-growth forest"
"OG40","Wettinia_quinaria",55,"old-growth forest","old-growth forest"
"OG39","Wettinia_quinaria",55,"old-growth forest","old-growth forest"
"OG44","Wettinia_quinaria",55,"old-growth forest","old-growth forest"
"OG39","Wettinia_quinaria",55,"old-growth forest","old-growth forest"
"OG49","Wettinia_quinaria",55,"old-growth forest","old-growth forest"
"OG42","Wettinia_quinaria",55,"old-growth forest","old-growth forest"
"OG39","Wettinia_quinaria",55,"old-growth forest","old-growth forest"
"OG40","Wettinia_quinaria",55,"old-growth forest","old-growth forest"
"OG39","Wettinia_quinaria",55,"old-growth forest","old-growth forest"
"OG42","Wettinia_quinaria",55,"old-growth forest","old-growth forest"
"OG49","Wettinia_quinaria",55,"old-growth forest","old-growth forest"
"OG42","Wettinia_quinaria",55,"old-growth forest","old-growth forest"
"OG46","Wettinia_quinaria",55,"old-growth forest","old-growth forest"
"OG40","Wettinia_quinaria",55,"old-growth forest","old-growth forest"
"OG49","Wettinia_quinaria",55,"old-growth forest","old-growth forest"
"OG39","Wettinia_quinaria",55,"old-growth forest","old-growth forest"
"OG40","Wettinia_quinaria",55,"old-growth forest","old-growth forest"
"OG40","Wettinia_quinaria",55,"old-growth forest","old-growth forest"
"OG40","Wettinia_quinaria",55,"old-growth forest","old-growth forest"
"OG40","Wettinia_quinaria",55,"old-growth forest","old-growth forest"
"OG37","Wettinia_quinaria",55,"old-growth forest","old-growth forest"
"OG39","Wettinia_quinaria",55,"old-growth forest","old-growth forest"
"OG40","Wettinia_quinaria",55,"old-growth forest","old-growth forest"
"OG52","Wettinia_quinaria",55,"old-growth forest","old-growth forest"
"OG39","Wettinia_quinaria",55,"old-growth forest","old-growth forest"
"OG39","Wettinia_quinaria",55,"old-growth forest","old-growth forest"
"OG40","Wettinia_quinaria",55,"old-growth forest","old-growth forest"
"OG39","Wettinia_quinaria",55,"old-growth forest","old-growth forest"
"OG51","Wettinia_quinaria",55,"old-growth forest","old-growth forest"
"OG39","Wettinia_quinaria",55,"old-growth forest","old-growth forest"
"OG40","Wettinia_quinaria",55,"old-growth forest","old-growth forest"
"OG39","Wettinia_quinaria",55,"old-growth forest","old-growth forest"
"OG42","Wettinia_quinaria",55,"old-growth forest","old-growth forest"
"OG47","Wettinia_quinaria",55,"old-growth forest","old-growth forest"
"OG47","Wettinia_quinaria",55,"old-growth forest","old-growth forest"
"OG37","Wettinia_quinaria",55,"old-growth forest","old-growth forest"
"OG47","Wettinia_quinaria",55,"old-growth forest","old-growth forest"
"OG42","Wettinia_quinaria",55,"old-growth forest","old-growth forest"
"OG38","Wettinia_quinaria",55,"old-growth forest","old-growth forest"
"OG39","Wettinia_quinaria",55,"old-growth forest","old-growth forest"
"OG39","Wettinia_quinaria",55,"old-growth forest","old-growth forest"
"OG51","Wettinia_quinaria",55,"old-growth forest","old-growth forest"
"OG51","Wettinia_quinaria",55,"old-growth forest","old-growth forest"
"OG40","Wettinia_quinaria",55,"old-growth forest","old-growth forest"
"OG51","Wettinia_quinaria",55,"old-growth forest","old-growth forest"
"OG40","Wettinia_quinaria",55,"old-growth forest","old-growth forest"
"OG49","Wettinia_quinaria",55,"old-growth forest","old-growth forest"
"OG49","Wettinia_quinaria",55,"old-growth forest","old-growth forest"
"OG39","Wettinia_quinaria",55,"old-growth forest","old-growth forest"
"OG42","Wettinia_quinaria",55,"old-growth forest","old-growth forest"
"OG51","Wettinia_quinaria",55,"old-growth forest","old-growth forest"
"OG39","Wettinia_quinaria",55,"old-growth forest","old-growth forest"
"OG45","Wettinia_quinaria",55,"old-growth forest","old-growth forest"
"OG42","Wettinia_quinaria",55,"old-growth forest","old-growth forest"
"OG52","Wettinia_quinaria",55,"old-growth forest","old-growth forest"
"OG51","Wettinia_quinaria",55,"old-growth forest","old-growth forest"
"OG42","Wettinia_quinaria",55,"old-growth forest","old-growth forest"
"OG39","Wettinia_quinaria",55,"old-growth forest","old-growth forest"
"OG39","Wettinia_quinaria",55,"old-growth forest","old-growth forest"
"OG47","Wettinia_quinaria",55,"old-growth forest","old-growth forest"
"OG47","Wettinia_quinaria",55,"old-growth forest","old-growth forest"
"OG40","Wettinia_quinaria",55,"old-growth forest","old-growth forest"
"OG39","Wettinia_quinaria",55,"old-growth forest","old-growth forest"
"OG39","Wettinia_quinaria",55,"old-growth forest","old-growth forest"
"OG39","Wettinia_quinaria",55,"old-growth forest","old-growth forest"
"OG39","Wettinia_quinaria",55,"old-growth forest","old-growth forest"
"OG47","Wettinia_quinaria",55,"old-growth forest","old-growth forest"
"OG38","Wettinia_quinaria",55,"old-growth forest","old-growth forest"
"OG40","Wettinia_quinaria",55,"old-growth forest","old-growth forest"
"OG39","Wettinia_quinaria",55,"old-growth forest","old-growth forest"
"OG49","Wettinia_quinaria",55,"old-growth forest","old-growth forest"
"OG39","Wettinia_quinaria",55,"old-growth forest","old-growth forest"
"OG47","Wettinia_quinaria",55,"old-growth forest","old-growth forest"
"OG49","Wettinia_quinaria",55,"old-growth forest","old-growth forest"
"OG52","Wettinia_quinaria",55,"old-growth forest","old-growth forest"
"OG47","Wettinia_quinaria",55,"old-growth forest","old-growth forest"
"OG39","Wettinia_quinaria",55,"old-growth forest","old-growth forest"
"OG45","Wettinia_quinaria",55,"old-growth forest","old-growth forest"
"OG47","Wettinia_quinaria",55,"old-growth forest","old-growth forest"
"OG38","Wettinia_quinaria",55,"old-growth forest","old-growth forest"
"OG38","Wettinia_quinaria",55,"old-growth forest","old-growth forest"
"OG40","Wettinia_quinaria",55,"old-growth forest","old-growth forest"
"OG42","Wettinia_quinaria",55,"old-growth forest","old-growth forest"
"OG39","Wettinia_quinaria",55,"old-growth forest","old-growth forest"
"OG47","Wettinia_quinaria",55,"old-growth forest","old-growth forest"
"OG42","Wettinia_quinaria",55,"old-growth forest","old-growth forest"
"OG42","Wettinia_quinaria",55,"old-growth forest","old-growth forest"
"OG48","Wettinia_quinaria",55,"old-growth forest","old-growth forest"
"OG39","Wettinia_quinaria",55,"old-growth forest","old-growth forest"
"OG42","Wettinia_quinaria",55,"old-growth forest","old-growth forest"
"OG42","Wettinia_quinaria",55,"old-growth forest","old-growth forest"
"OG51","Wettinia_quinaria",55,"old-growth forest","old-growth forest"
"OG40","Wettinia_quinaria",55,"old-growth forest","old-growth forest"
"OG44","Wettinia_quinaria",55,"old-growth forest","old-growth forest"
"OG42","Wettinia_quinaria",55,"old-growth forest","old-growth forest"
"OG40","Wettinia_quinaria",55,"old-growth forest","old-growth forest"
"OG42","Wettinia_quinaria",55,"old-growth forest","old-growth forest"
"OG47","Wettinia_quinaria",55,"old-growth forest","old-growth forest"
"OG47","Wettinia_quinaria",55,"old-growth forest","old-growth forest"
"CR10","Wettinia_quinaria",24,"cacao regeneration late","regeneration late"
"CR04","Wettinia_quinaria",21,"cacao regeneration late","regeneration late"
"CR14","Wettinia_quinaria",38,"cacao regeneration late","regeneration late"
"CR04","Wettinia_quinaria",21,"cacao regeneration late","regeneration late"
"CR04","Wettinia_quinaria",21,"cacao regeneration late","regeneration late"
"CR04","Wettinia_quinaria",21,"cacao regeneration late","regeneration late"
"CR04","Wettinia_quinaria",21,"cacao regeneration late","regeneration late"
"CR04","Wettinia_quinaria",21,"cacao regeneration late","regeneration late"
"CR11","Wettinia_quinaria",23,"cacao regeneration late","regeneration late"
"CR14","Wettinia_quinaria",38,"cacao regeneration late","regeneration late"
"CR08","Wettinia_quinaria",27,"cacao regeneration late","regeneration late"
"CR04","Wettinia_quinaria",21,"cacao regeneration late","regeneration late"
"CR04","Wettinia_quinaria",21,"cacao regeneration late","regeneration late"
"CR04","Wettinia_quinaria",21,"cacao regeneration late","regeneration late"
"CR04","Wettinia_quinaria",21,"cacao regeneration late","regeneration late"
"CR10","Wettinia_quinaria",24,"cacao regeneration late","regeneration late"
"CR14","Wettinia_quinaria",38,"cacao regeneration late","regeneration late"
"CR04","Wettinia_quinaria",21,"cacao regeneration late","regeneration late"
"CR04","Wettinia_quinaria",21,"cacao regeneration late","regeneration late"
"CR10","Wettinia_quinaria",24,"cacao regeneration late","regeneration late"
"CR06","Wettinia_quinaria",33,"cacao regeneration late","regeneration late"
"CR10","Wettinia_quinaria",24,"cacao regeneration late","regeneration late"
"CR04","Wettinia_quinaria",21,"cacao regeneration late","regeneration late"
"CR11","Wettinia_quinaria",23,"cacao regeneration late","regeneration late"
"CR11","Wettinia_quinaria",23,"cacao regeneration late","regeneration late"
"CR04","Wettinia_quinaria",21,"cacao regeneration late","regeneration late"
"CR10","Wettinia_quinaria",24,"cacao regeneration late","regeneration late"
"CR08","Wettinia_quinaria",27,"cacao regeneration late","regeneration late"
"CR04","Wettinia_quinaria",21,"cacao regeneration late","regeneration late"
"CR11","Wettinia_quinaria",23,"cacao regeneration late","regeneration late"
"CR08","Wettinia_quinaria",27,"cacao regeneration late","regeneration late"
"CR10","Wettinia_quinaria",24,"cacao regeneration late","regeneration late"
"CR14","Wettinia_quinaria",38,"cacao regeneration late","regeneration late"
"CR06","Wettinia_quinaria",33,"cacao regeneration late","regeneration late"
"CR11","Wettinia_quinaria",23,"cacao regeneration late","regeneration late"
"CR10","Wettinia_quinaria",24,"cacao regeneration late","regeneration late"
"CR11","Wettinia_quinaria",23,"cacao regeneration late","regeneration late"
"CR08","Wettinia_quinaria",27,"cacao regeneration late","regeneration late"
"CR14","Wettinia_quinaria",38,"cacao regeneration late","regeneration late"
"CR11","Wettinia_quinaria",23,"cacao regeneration late","regeneration late"
"CR11","Wettinia_quinaria",23,"cacao regeneration late","regeneration late"
"CR04","Wettinia_quinaria",21,"cacao regeneration late","regeneration late"
"CR04","Wettinia_quinaria",21,"cacao regeneration late","regeneration late"
"PR34","Wettinia_quinaria",38,"pasture regeneration late","regeneration late"
"PR34","Wettinia_quinaria",38,"pasture regeneration late","regeneration late"
"PR34","Wettinia_quinaria",38,"pasture regeneration late","regeneration late"
"PR34","Wettinia_quinaria",38,"pasture regeneration late","regeneration late"
"PR21","Wettinia_quinaria",36,"pasture regeneration late","regeneration late"
"PR34","Wettinia_quinaria",38,"pasture regeneration late","regeneration late"
"PR34","Wettinia_quinaria",38,"pasture regeneration late","regeneration late"
"PR21","Wettinia_quinaria",36,"pasture regeneration late","regeneration late"
"PR24","Wettinia_quinaria",21,"pasture regeneration late","regeneration late"
"PR21","Wettinia_quinaria",36,"pasture regeneration late","regeneration late"
"PR21","Wettinia_quinaria",36,"pasture regeneration late","regeneration late"
"PR21","Wettinia_quinaria",36,"pasture regeneration late","regeneration late"
"PR34","Wettinia_quinaria",38,"pasture regeneration late","regeneration late"
"PR21","Wettinia_quinaria",36,"pasture regeneration late","regeneration late"
"PR34","Wettinia_quinaria",38,"pasture regeneration late","regeneration late"
"PR34","Wettinia_quinaria",38,"pasture regeneration late","regeneration late"
"PR21","Wettinia_quinaria",36,"pasture regeneration late","regeneration late"
"PR34","Wettinia_quinaria",38,"pasture regeneration late","regeneration late"
"PR21","Wettinia_quinaria",36,"pasture regeneration late","regeneration late"
"PR34","Wettinia_quinaria",38,"pasture regeneration late","regeneration late"
"PR34","Wettinia_quinaria",38,"pasture regeneration late","regeneration late"
"PR21","Wettinia_quinaria",36,"pasture regeneration late","regeneration late"
"PR34","Wettinia_quinaria",38,"pasture regeneration late","regeneration late"
"PR34","Wettinia_quinaria",38,"pasture regeneration late","regeneration late"
"PR34","Wettinia_quinaria",38,"pasture regeneration late","regeneration late"
"PR21","Wettinia_quinaria",36,"pasture regeneration late","regeneration late"
"PR21","Wettinia_quinaria",36,"pasture regeneration late","regeneration late"
"PR34","Wettinia_quinaria",38,"pasture regeneration late","regeneration late"
"PR34","Wettinia_quinaria",38,"pasture regeneration late","regeneration late"
"PR21","Wettinia_quinaria",36,"pasture regeneration late","regeneration late"
"PR34","Wettinia_quinaria",38,"pasture regeneration late","regeneration late"
"PR34","Wettinia_quinaria",38,"pasture regeneration late","regeneration late"
"PR34","Wettinia_quinaria",38,"pasture regeneration late","regeneration late"
"PR34","Wettinia_quinaria",38,"pasture regeneration late","regeneration late"
"PR34","Wettinia_quinaria",38,"pasture regeneration late","regeneration late"
"PR34","Wettinia_quinaria",38,"pasture regeneration late","regeneration late"
"PR34","Wettinia_quinaria",38,"pasture regeneration late","regeneration late"
"PR34","Wettinia_quinaria",38,"pasture regeneration late","regeneration late"
"PR34","Wettinia_quinaria",38,"pasture regeneration late","regeneration late"
"PR34","Wettinia_quinaria",38,"pasture regeneration late","regeneration late"
"PR34","Wettinia_quinaria",38,"pasture regeneration late","regeneration late"
"PR34","Wettinia_quinaria",38,"pasture regeneration late","regeneration late"
"PR34","Wettinia_quinaria",38,"pasture regeneration late","regeneration late"
"PR34","Wettinia_quinaria",38,"pasture regeneration late","regeneration late"
"PR21","Wettinia_quinaria",36,"pasture regeneration late","regeneration late"
"PR34","Wettinia_quinaria",38,"pasture regeneration late","regeneration late"
"PR34","Wettinia_quinaria",38,"pasture regeneration late","regeneration late"
"PR34","Wettinia_quinaria",38,"pasture regeneration late","regeneration late"
"PR34","Wettinia_quinaria",38,"pasture regeneration late","regeneration late"
"PR34","Wettinia_quinaria",38,"pasture regeneration late","regeneration late"
"PR31","Wettinia_quinaria",16,"pasture regeneration late","regeneration late"
"PR34","Wettinia_quinaria",38,"pasture regeneration late","regeneration late"
"PR21","Wettinia_quinaria",36,"pasture regeneration late","regeneration late"
"PR34","Wettinia_quinaria",38,"pasture regeneration late","regeneration late"
"PR34","Wettinia_quinaria",38,"pasture regeneration late","regeneration late"
"PR34","Wettinia_quinaria",38,"pasture regeneration late","regeneration late"
"PR34","Wettinia_quinaria",38,"pasture regeneration late","regeneration late"
"PR34","Wettinia_quinaria",38,"pasture regeneration late","regeneration late"
"PR21","Wettinia_quinaria",36,"pasture regeneration late","regeneration late"
"PR34","Wettinia_quinaria",38,"pasture regeneration late","regeneration late"
"PR34","Wettinia_quinaria",38,"pasture regeneration late","regeneration late"
"PR34","Wettinia_quinaria",38,"pasture regeneration late","regeneration late"
"PR34","Wettinia_quinaria",38,"pasture regeneration late","regeneration late"
"PR34","Wettinia_quinaria",38,"pasture regeneration late","regeneration late"
"PR34","Wettinia_quinaria",38,"pasture regeneration late","regeneration late"
"PR34","Wettinia_quinaria",38,"pasture regeneration late","regeneration late"
"PR21","Wettinia_quinaria",36,"pasture regeneration late","regeneration late"
"PR21","Wettinia_quinaria",36,"pasture regeneration late","regeneration late"
"PR34","Wettinia_quinaria",38,"pasture regeneration late","regeneration late"
"PR34","Wettinia_quinaria",38,"pasture regeneration late","regeneration late"
"PR21","Wettinia_quinaria",36,"pasture regeneration late","regeneration late"
"PR34","Wettinia_quinaria",38,"pasture regeneration late","regeneration late"
"PR34","Wettinia_quinaria",38,"pasture regeneration late","regeneration late"
"PR21","Wettinia_quinaria",36,"pasture regeneration late","regeneration late"
"PR34","Wettinia_quinaria",38,"pasture regeneration late","regeneration late"
"PR34","Wettinia_quinaria",38,"pasture regeneration late","regeneration late"
"PR21","Wettinia_quinaria",36,"pasture regeneration late","regeneration late"
"PR34","Wettinia_quinaria",38,"pasture regeneration late","regeneration late"
"PR34","Wettinia_quinaria",38,"pasture regeneration late","regeneration late"
"PR21","Wettinia_quinaria",36,"pasture regeneration late","regeneration late"
"PR21","Wettinia_quinaria",36,"pasture regeneration late","regeneration late"
"PR34","Wettinia_quinaria",38,"pasture regeneration late","regeneration late"
"PR34","Wettinia_quinaria",38,"pasture regeneration late","regeneration late"
"PR21","Wettinia_quinaria",36,"pasture regeneration late","regeneration late"
"PR34","Wettinia_quinaria",38,"pasture regeneration late","regeneration late"
"PR21","Wettinia_quinaria",36,"pasture regeneration late","regeneration late"
"PR34","Wettinia_quinaria",38,"pasture regeneration late","regeneration late"
"PR34","Wettinia_quinaria",38,"pasture regeneration late","regeneration late"
"PR21","Wettinia_quinaria",36,"pasture regeneration late","regeneration late"
"PR21","Wettinia_quinaria",36,"pasture regeneration late","regeneration late"
"PR34","Wettinia_quinaria",38,"pasture regeneration late","regeneration late"
"PR34","Wettinia_quinaria",38,"pasture regeneration late","regeneration late"
"PR34","Wettinia_quinaria",38,"pasture regeneration late","regeneration late"
"PR21","Wettinia_quinaria",36,"pasture regeneration late","regeneration late"
"PR34","Wettinia_quinaria",38,"pasture regeneration late","regeneration late"
"PR34","Wettinia_quinaria",38,"pasture regeneration late","regeneration late"
"PR34","Wettinia_quinaria",38,"pasture regeneration late","regeneration late"
"PR34","Wettinia_quinaria",38,"pasture regeneration late","regeneration late"
"PR34","Wettinia_quinaria",38,"pasture regeneration late","regeneration late"
"PR34","Wettinia_quinaria",38,"pasture regeneration late","regeneration late"
"PR34","Wettinia_quinaria",38,"pasture regeneration late","regeneration late"
"PR34","Wettinia_quinaria",38,"pasture regeneration late","regeneration late"
"PR34","Wettinia_quinaria",38,"pasture regeneration late","regeneration late"
"PR34","Wettinia_quinaria",38,"pasture regeneration late","regeneration late"
"PR34","Wettinia_quinaria",38,"pasture regeneration late","regeneration late"
"PR34","Wettinia_quinaria",38,"pasture regeneration late","regeneration late"
"PR34","Wettinia_quinaria",38,"pasture regeneration late","regeneration late"
"PR34","Wettinia_quinaria",38,"pasture regeneration late","regeneration late"
"PR34","Wettinia_quinaria",38,"pasture regeneration late","regeneration late"
"PR34","Wettinia_quinaria",38,"pasture regeneration late","regeneration late"
"PR21","Wettinia_quinaria",36,"pasture regeneration late","regeneration late"
"PR34","Wettinia_quinaria",38,"pasture regeneration late","regeneration late"
"CR02","Wettinia_quinaria",8,"cacao regeneration early","regeneration early"
"CR02","Wettinia_quinaria",8,"cacao regeneration early","regeneration early"
"CR05","Wettinia_quinaria",12,"cacao regeneration early","regeneration early"
"CR05","Wettinia_quinaria",12,"cacao regeneration early","regeneration early"
"PR22","Wettinia_quinaria",12,"pasture regeneration early","regeneration early"
"PR22","Wettinia_quinaria",12,"pasture regeneration early","regeneration early"
"PR22","Wettinia_quinaria",12,"pasture regeneration early","regeneration early"
"OG28","Wettinia_quinaria",55,"old-growth forest","old-growth forest"
"OG28","Wettinia_quinaria",55,"old-growth forest","old-growth forest"
"OG28","Wettinia_quinaria",55,"old-growth forest","old-growth forest"
"OG28","Wettinia_quinaria",55,"old-growth forest","old-growth forest"
