"Plot_ID","plant_species","RegTime","Treatment2","Treatment3"
"CR06","Hieronyma_macrocarpa",33,"cacao regeneration late","regeneration late"
"CR06","Ficus_tonduzii",33,"cacao regeneration late","regeneration late"
"CR06","Saurauia_herthae",33,"cacao regeneration late","regeneration late"
"CR06","Saurauia_herthae",33,"cacao regeneration late","regeneration late"
"CR06","Saurauia_herthae",33,"cacao regeneration late","regeneration late"
"CR06","Nectandra_paucinervia",33,"cacao regeneration late","regeneration late"
"CR06","Hieronyma_macrocarpa",33,"cacao regeneration late","regeneration late"
"CR06","Nectandra_paucinervia",33,"cacao regeneration late","regeneration late"
"CR06","Cordia_dwyeri",33,"cacao regeneration late","regeneration late"
"CR06","Cordia_dwyeri",33,"cacao regeneration late","regeneration late"
"CR06","Banara_guianensis",33,"cacao regeneration late","regeneration late"
"PR23","Piper_pequeina",1,"pasture regeneration early","regeneration early"
"PR23","Nectandra_paucinervia",1,"pasture regeneration early","regeneration early"
"PR23","Piper_pequeina",1,"pasture regeneration early","regeneration early"
"PR23","Cecropia_insignis",1,"pasture regeneration early","regeneration early"
"PR23","Piper_pequeina",1,"pasture regeneration early","regeneration early"
"PR23","Piper_pequeina",1,"pasture regeneration early","regeneration early"
"PR23","Cordia_dwyeri",1,"pasture regeneration early","regeneration early"
"PR23","Banara_guianensis",1,"pasture regeneration early","regeneration early"
"PR23","Piper_pequeina",1,"pasture regeneration early","regeneration early"
"PR23","Piper_pequeina",1,"pasture regeneration early","regeneration early"
"PR26","Piper_pequeina",28,"pasture regeneration late","regeneration late"
"PR26","Cordia_dwyeri",28,"pasture regeneration late","regeneration late"
"PR26","Piper_pequeina",28,"pasture regeneration late","regeneration late"
"PR26","Cordia_dwyeri",28,"pasture regeneration late","regeneration late"
"PR26","Pouteria_caimito",28,"pasture regeneration late","regeneration late"
"CR04","Wettinia_quinaria",21,"cacao regeneration late","regeneration late"
"CR04","Saurauia_herthae",21,"cacao regeneration late","regeneration late"
"CR04","Saurauia_herthae",21,"cacao regeneration late","regeneration late"
"CR04","Saurauia_herthae",21,"cacao regeneration late","regeneration late"
"OG38","Cordia_dwyeri",55,"old-growth forest","old-growth forest"
"OG38","Pouteria_caimito",55,"old-growth forest","old-growth forest"
"OG38","Wettinia_quinaria",55,"old-growth forest","old-growth forest"
"OG38","Ficus_pertusa",55,"old-growth forest","old-growth forest"
"OG39","Cecropia_garciae",55,"old-growth forest","old-growth forest"
"OG39","Nectandra_paucinervia",55,"old-growth forest","old-growth forest"
"OG39","Wettinia_quinaria",55,"old-growth forest","old-growth forest"
"OG39","Piper_grande",55,"old-growth forest","old-growth forest"
"OG39","Piper_grande",55,"old-growth forest","old-growth forest"
"PR21","Wettinia_quinaria",36,"pasture regeneration late","regeneration late"
"PR21","Miconia_affinis",36,"pasture regeneration late","regeneration late"
"PR21","Wettinia_quinaria",36,"pasture regeneration late","regeneration late"
"PR21","Nectandra_paucinervia",36,"pasture regeneration late","regeneration late"
"PR21","Miconia_affinis",36,"pasture regeneration late","regeneration late"
"CA62","Ficus_tonduzii",0,"active cacao","regeneration early"
"CA62","Dendropanax_macrophyllum",0,"active cacao","regeneration early"
"CA62","Ficus_tonduzii",0,"active cacao","regeneration early"
"CA62","Cecropia_insignis",0,"active cacao","regeneration early"
"CA62","Ficus_tonduzii",0,"active cacao","regeneration early"
"CA62","Ficus_tonduzii",0,"active cacao","regeneration early"
"CA62","Cordia_dwyeri",0,"active cacao","regeneration early"
"CA62","Dendropanax_macrophyllum",0,"active cacao","regeneration early"
"CR05","Nectandra_paucinervia",12,"cacao regeneration early","regeneration early"
"CR05","Vismia_baccifera",12,"cacao regeneration early","regeneration early"
"CR05","Nectandra_paucinervia",12,"cacao regeneration early","regeneration early"
"CR05","Nectandra_paucinervia",12,"cacao regeneration early","regeneration early"
"CR05","Cordia_dwyeri",12,"cacao regeneration early","regeneration early"
"CR05","Vismia_baccifera",12,"cacao regeneration early","regeneration early"
"CR05","Nectandra_paucinervia",12,"cacao regeneration early","regeneration early"
"CR05","Vismia_baccifera",12,"cacao regeneration early","regeneration early"
"CR05","Annona_papilionella",12,"cacao regeneration early","regeneration early"
"PA57","Ficus_tonduzii",0,"active pasture","regeneration early"
"PA57","Cordia_dwyeri",0,"active pasture","regeneration early"
"PA57","Ficus_tonduzii",0,"active pasture","regeneration early"
"PA57","Annona_papilionella",0,"active pasture","regeneration early"
"PR22","Ficus_tonduzii",12,"pasture regeneration early","regeneration early"
"PR22","Vismia_baccifera",12,"pasture regeneration early","regeneration early"
"PR22","Piper_pequeina",12,"pasture regeneration early","regeneration early"
"PR22","Piper_pequeina",12,"pasture regeneration early","regeneration early"
"PR22","Nectandra_paucinervia",12,"pasture regeneration early","regeneration early"
"PR22","Ficus_brevibracteata",12,"pasture regeneration early","regeneration early"
"PR22","Sapium_laurifolium",12,"pasture regeneration early","regeneration early"
"PR22","Piper_pequeina",12,"pasture regeneration early","regeneration early"
"PR22","Nectandra_paucinervia",12,"pasture regeneration early","regeneration early"
"PR22","Ficus_tonduzii",12,"pasture regeneration early","regeneration early"
"PR22","Annona_papilionella",12,"pasture regeneration early","regeneration early"
"PR22","Sapium_laurifolium",12,"pasture regeneration early","regeneration early"
"PR22","Piper_pequeina",12,"pasture regeneration early","regeneration early"
"PR22","Nectandra_paucinervia",12,"pasture regeneration early","regeneration early"
"PR22","Ficus_tonduzii",12,"pasture regeneration early","regeneration early"
"PR22","Annona_papilionella",12,"pasture regeneration early","regeneration early"
"CR10","Ficus_tonduzii",24,"cacao regeneration late","regeneration late"
"CR10","Miconia_affinis",24,"cacao regeneration late","regeneration late"
"CR11","Pouteria_caimito",23,"cacao regeneration late","regeneration late"
"CR11","Pouteria_caimito",23,"cacao regeneration late","regeneration late"
"CR11","Wettinia_quinaria",23,"cacao regeneration late","regeneration late"
"CR11","Pouteria_caimito",23,"cacao regeneration late","regeneration late"
"OG45","Dendropanax_macrophyllum",55,"old-growth forest","old-growth forest"
"OG45","Pouteria_caimito",55,"old-growth forest","old-growth forest"
"OG45","Hieronyma_macrocarpa",55,"old-growth forest","old-growth forest"
"OG46","Dendropanax_macrophyllum",55,"old-growth forest","old-growth forest"
"PR31","Piper_pequeina",16,"pasture regeneration late","regeneration late"
"PR31","Piper_pequeina",16,"pasture regeneration late","regeneration late"
"PR31","Pouteria_caimito",16,"pasture regeneration late","regeneration late"
"PR31","Piper_pequeina",16,"pasture regeneration late","regeneration late"
"CR09","Banara_guianensis",6,"cacao regeneration early","regeneration early"
"CR09","Piper_grande",6,"cacao regeneration early","regeneration early"
"CR09","Piper_grande",6,"cacao regeneration early","regeneration early"
"CR09","Piper_pequeina",6,"cacao regeneration early","regeneration early"
"CR09","Piper_pequeina",6,"cacao regeneration early","regeneration early"
"CR09","Cecropia_garciae",6,"cacao regeneration early","regeneration early"
"CR09","Piper_pequeina",6,"cacao regeneration early","regeneration early"
"CR09","Cordia_dwyeri",6,"cacao regeneration early","regeneration early"
"CR09","Banara_guianensis",6,"cacao regeneration early","regeneration early"
"CA63","Ficus_tonduzii",0,"active cacao","regeneration early"
"CA64","Ficus_tonduzii",0,"active cacao","regeneration early"
"CA64","Banara_guianensis",0,"active cacao","regeneration early"
"CA64","Ficus_tonduzii",0,"active cacao","regeneration early"
"CA64","Cecropia_insignis",0,"active cacao","regeneration early"
"CA64","Pouteria_caimito",0,"active cacao","regeneration early"
"CA64","Banara_guianensis",0,"active cacao","regeneration early"
"CA64","Cecropia_insignis",0,"active cacao","regeneration early"
"CA64","Ficus_tonduzii",0,"active cacao","regeneration early"
"CA64","Pouteria_caimito",0,"active cacao","regeneration early"
"CA64","Cecropia_insignis",0,"active cacao","regeneration early"
"OG52","Ficus_pertusa",55,"old-growth forest","old-growth forest"
"CR14","Miconia_multiplicata",38,"cacao regeneration late","regeneration late"
"CR14","Licania_sp.1",38,"cacao regeneration late","regeneration late"
"CR14","Cecropia_utcubambana",38,"cacao regeneration late","regeneration late"
"CR14","Pouteria_caimito",38,"cacao regeneration late","regeneration late"
"CR14","Nectandra_paucinervia",38,"cacao regeneration late","regeneration late"
"CR14","Cecropia_utcubambana",38,"cacao regeneration late","regeneration late"
"CR14","Cordia_dwyeri",38,"cacao regeneration late","regeneration late"
"CR14","Pouteria_caimito",38,"cacao regeneration late","regeneration late"
"CR14","Cecropia_utcubambana",38,"cacao regeneration late","regeneration late"
"CR14","Trema_integerrima",38,"cacao regeneration late","regeneration late"
"PR34","Banara_guianensis",38,"pasture regeneration late","regeneration late"
"PR34","Banara_guianensis",38,"pasture regeneration late","regeneration late"
"PR34","Cecropia_utcubambana",38,"pasture regeneration late","regeneration late"
"PR34","Banara_guianensis",38,"pasture regeneration late","regeneration late"
"PR34","Dendropanax_macrophyllum",38,"pasture regeneration late","regeneration late"
"PR36","Inga_ruiziana",9,"pasture regeneration early","regeneration early"
"PR36","Inga_ruiziana",9,"pasture regeneration early","regeneration early"
"PR36","Cordia_dwyeri",9,"pasture regeneration early","regeneration early"
"PR36","Banara_guianensis",9,"pasture regeneration early","regeneration early"
"PR36","Banara_guianensis",9,"pasture regeneration early","regeneration early"
"OG49","Cecropia_insignis",55,"old-growth forest","old-growth forest"
"OG49","Piper_pequeina",55,"old-growth forest","old-growth forest"
"OG41","Banara_guianensis",55,"old-growth forest","old-growth forest"
"OG41","Dendropanax_macrophyllum",55,"old-growth forest","old-growth forest"
"OG41","Cordia_dwyeri",55,"old-growth forest","old-growth forest"
"PA54","Dendropanax_macrophyllum",0,"active pasture","regeneration early"
"OG42","Ficus_pertusa",55,"old-growth forest","old-growth forest"
"OG42","Cordia_dwyeri",55,"old-growth forest","old-growth forest"
"OG42","Cecropia_utcubambana",55,"old-growth forest","old-growth forest"
"OG42","Cordia_dwyeri",55,"old-growth forest","old-growth forest"
"OG42","Banara_guianensis",55,"old-growth forest","old-growth forest"
"PR19","Banara_guianensis",6,"pasture regeneration early","regeneration early"
"PR19","Piper_pequeina",6,"pasture regeneration early","regeneration early"
"PR19","Banara_guianensis",6,"pasture regeneration early","regeneration early"
"CR02","Piper_pequeina",8,"cacao regeneration early","regeneration early"
"CR02","Cordia_dwyeri",8,"cacao regeneration early","regeneration early"
"CR02","Banara_guianensis",8,"cacao regeneration early","regeneration early"
"CR02","Hieronyma_macrocarpa",8,"cacao regeneration early","regeneration early"
"CR02","Banara_guianensis",8,"cacao regeneration early","regeneration early"
"CR02","Piper_pequeina",8,"cacao regeneration early","regeneration early"
"CR13","Cordia_dwyeri",1,"cacao regeneration early","regeneration early"
"CR13","Hieronyma_macrocarpa",1,"cacao regeneration early","regeneration early"
"CR13","Cordia_dwyeri",1,"cacao regeneration early","regeneration early"
"CR13","Cordia_dwyeri",1,"cacao regeneration early","regeneration early"
"CR13","Cecropia_utcubambana",1,"cacao regeneration early","regeneration early"
"CR13","Ficus_tonduzii",1,"cacao regeneration early","regeneration early"
"CR13","Annona_papilionella",1,"cacao regeneration early","regeneration early"
"CR13","Dendropanax_macrophyllum",1,"cacao regeneration early","regeneration early"
"CR13","Ficus_tonduzii",1,"cacao regeneration early","regeneration early"
"CR13","Annona_papilionella",1,"cacao regeneration early","regeneration early"
"PA55","Cecropia_insignis",0,"active pasture","regeneration early"
"PR33","Cordia_dwyeri",1,"pasture regeneration early","regeneration early"
"PR33","Cordia_dwyeri",1,"pasture regeneration early","regeneration early"
"CR06","Cordia_dwyeri",33,"cacao regeneration late","regeneration late"
"CR06","Hieronyma_macrocarpa",33,"cacao regeneration late","regeneration late"
"CR06","Cecropia_utcubambana",33,"cacao regeneration late","regeneration late"
"CR06","Cecropia_garciae",33,"cacao regeneration late","regeneration late"
"CR06","Banara_guianensis",33,"cacao regeneration late","regeneration late"
"CR06","Cecropia_garciae",33,"cacao regeneration late","regeneration late"
"CR06","Cordia_dwyeri",33,"cacao regeneration late","regeneration late"
"CR06","Hieronyma_macrocarpa",33,"cacao regeneration late","regeneration late"
"PR23","Annona_papilionella",1,"pasture regeneration early","regeneration early"
"PR23","Inga_ruiziana",1,"pasture regeneration early","regeneration early"
"PR23","Hieronyma_macrocarpa",1,"pasture regeneration early","regeneration early"
"PR23","Cordia_dwyeri",1,"pasture regeneration early","regeneration early"
"PR23","Compsoneura_mutisii",1,"pasture regeneration early","regeneration early"
"PR23","Piper_pequeina",1,"pasture regeneration early","regeneration early"
"PR23","Cordia_dwyeri",1,"pasture regeneration early","regeneration early"
"PR23","Banara_guianensis",1,"pasture regeneration early","regeneration early"
"PR23","Hieronyma_macrocarpa",1,"pasture regeneration early","regeneration early"
"PR23","Annona_papilionella",1,"pasture regeneration early","regeneration early"
"PR23","Inga_ruiziana",1,"pasture regeneration early","regeneration early"
"PR26","Piper_pequeina",28,"pasture regeneration late","regeneration late"
"PR26","Ficus_pertusa",28,"pasture regeneration late","regeneration late"
"PR26","Cordia_dwyeri",28,"pasture regeneration late","regeneration late"
"PR26","Hieronyma_macrocarpa",28,"pasture regeneration late","regeneration late"
"PR26","Cecropia_garciae",28,"pasture regeneration late","regeneration late"
"CR04","Pouteria_caimito",21,"cacao regeneration late","regeneration late"
"OG39","Banara_guianensis",55,"old-growth forest","old-growth forest"
"OG39","Pouteria_caimito",55,"old-growth forest","old-growth forest"
"OG39","Nectandra_paucinervia",55,"old-growth forest","old-growth forest"
"OG39","Compsoneura_mutisii",55,"old-growth forest","old-growth forest"
"OG39","Compsoneura_mutisii",55,"old-growth forest","old-growth forest"
"PR21","Compsoneura_mutisii",36,"pasture regeneration late","regeneration late"
"PR21","Cecropia_utcubambana",36,"pasture regeneration late","regeneration late"
"CA62","Annona_papilionella",0,"active cacao","regeneration early"
"CA62","Dendropanax_macrophyllum",0,"active cacao","regeneration early"
"CA62","Cordia_dwyeri",0,"active cacao","regeneration early"
"CA62","Cordia_dwyeri",0,"active cacao","regeneration early"
"CA62","Dendropanax_macrophyllum",0,"active cacao","regeneration early"
"CR05","Nectandra_paucinervia",12,"cacao regeneration early","regeneration early"
"CR05","Cordia_dwyeri",12,"cacao regeneration early","regeneration early"
"CR05","Annona_papilionella",12,"cacao regeneration early","regeneration early"
"CR05","Nectandra_paucinervia",12,"cacao regeneration early","regeneration early"
"CR05","Annona_papilionella",12,"cacao regeneration early","regeneration early"
"CR05","Nectandra_paucinervia",12,"cacao regeneration early","regeneration early"
"CR05","Nectandra_paucinervia",12,"cacao regeneration early","regeneration early"
"CR05","Cordia_dwyeri",12,"cacao regeneration early","regeneration early"
"CR05","Annona_papilionella",12,"cacao regeneration early","regeneration early"
"CR05","Banara_guianensis",12,"cacao regeneration early","regeneration early"
"PR22","Cecropia_garciae",12,"pasture regeneration early","regeneration early"
"PR22","Annona_papilionella",12,"pasture regeneration early","regeneration early"
"PR22","Banara_guianensis",12,"pasture regeneration early","regeneration early"
"PR22","Piper_pequeina",12,"pasture regeneration early","regeneration early"
"PR22","Cecropia_garciae",12,"pasture regeneration early","regeneration early"
"PR22","Annona_papilionella",12,"pasture regeneration early","regeneration early"
"PR22","Pouteria_caimito",12,"pasture regeneration early","regeneration early"
"PR22","Cecropia_garciae",12,"pasture regeneration early","regeneration early"
"PR22","Annona_papilionella",12,"pasture regeneration early","regeneration early"
"PR22","Piper_grande",12,"pasture regeneration early","regeneration early"
"PR22","Piper_grande",12,"pasture regeneration early","regeneration early"
"PR22","Banara_guianensis",12,"pasture regeneration early","regeneration early"
"PR22","Piper_pequeina",12,"pasture regeneration early","regeneration early"
"PR22","Cecropia_garciae",12,"pasture regeneration early","regeneration early"
"PR22","Annona_papilionella",12,"pasture regeneration early","regeneration early"
"CR10","Nectandra_paucinervia",24,"cacao regeneration late","regeneration late"
"CR11","Pouteria_caimito",23,"cacao regeneration late","regeneration late"
"CR11","Pouteria_caimito",23,"cacao regeneration late","regeneration late"
"CR11","Pouteria_caimito",23,"cacao regeneration late","regeneration late"
"CR11","Cecropia_garciae",23,"cacao regeneration late","regeneration late"
"CR11","Cordia_dwyeri",23,"cacao regeneration late","regeneration late"
"CR11","Pouteria_caimito",23,"cacao regeneration late","regeneration late"
"PR31","Pouteria_caimito",16,"pasture regeneration late","regeneration late"
"PR31","Inga_ruiziana",16,"pasture regeneration late","regeneration late"
"CR09","Nectandra_paucinervia",6,"cacao regeneration early","regeneration early"
"CR09","Piper_pequeina",6,"cacao regeneration early","regeneration early"
"CR09","Nectandra_paucinervia",6,"cacao regeneration early","regeneration early"
"CR09","Piper_pequeina",6,"cacao regeneration early","regeneration early"
"CR09","Nectandra_paucinervia",6,"cacao regeneration early","regeneration early"
"CR09","Cordia_dwyeri",6,"cacao regeneration early","regeneration early"
"CR09","Piper_pequeina",6,"cacao regeneration early","regeneration early"
"CR09","Nectandra_paucinervia",6,"cacao regeneration early","regeneration early"
"CR09","Cordia_dwyeri",6,"cacao regeneration early","regeneration early"
"CA63","Nectandra_paucinervia",0,"active cacao","regeneration early"
"CA63","Cordia_dwyeri",0,"active cacao","regeneration early"
"CA63","Pouteria_caimito",0,"active cacao","regeneration early"
"CA63","Dendropanax_macrophyllum",0,"active cacao","regeneration early"
"CA63","Ficus_pertusa",0,"active cacao","regeneration early"
"CA64","Nectandra_paucinervia",0,"active cacao","regeneration early"
"CA64","Ficus_tonduzii",0,"active cacao","regeneration early"
"CA64","Nectandra_paucinervia",0,"active cacao","regeneration early"
"CA64","Cecropia_insignis",0,"active cacao","regeneration early"
"CA64","Ficus_tonduzii",0,"active cacao","regeneration early"
"CA64","Cordia_dwyeri",0,"active cacao","regeneration early"
"CA64","Ficus_tonduzii",0,"active cacao","regeneration early"
"CA64","Cecropia_insignis",0,"active cacao","regeneration early"
"OG52","Cecropia_garciae",55,"old-growth forest","old-growth forest"
"CR14","Cecropia_utcubambana",38,"cacao regeneration late","regeneration late"
"CR14","Trema_integerrima",38,"cacao regeneration late","regeneration late"
"CR14","Cecropia_utcubambana",38,"cacao regeneration late","regeneration late"
"CR14","Cecropia_utcubambana",38,"cacao regeneration late","regeneration late"
"CR14","Trema_integerrima",38,"cacao regeneration late","regeneration late"
"PR34","Nectandra_paucinervia",38,"pasture regeneration late","regeneration late"
"PR34","Wettinia_quinaria",38,"pasture regeneration late","regeneration late"
"PR34","Dendropanax_macrophyllum",38,"pasture regeneration late","regeneration late"
"PR36","Nectandra_paucinervia",9,"pasture regeneration early","regeneration early"
"PR36","Piper_pequeina",9,"pasture regeneration early","regeneration early"
"PR36","Nectandra_paucinervia",9,"pasture regeneration early","regeneration early"
"PR36","Piper_pequeina",9,"pasture regeneration early","regeneration early"
"PR36","Nectandra_paucinervia",9,"pasture regeneration early","regeneration early"
"OG42","Ficus_pertusa",55,"old-growth forest","old-growth forest"
"OG42","Nectandra_paucinervia",55,"old-growth forest","old-growth forest"
"OG42","Cordia_dwyeri",55,"old-growth forest","old-growth forest"
"OG42","Ficus_tonduzii",55,"old-growth forest","old-growth forest"
"OG42","Cecropia_utcubambana",55,"old-growth forest","old-growth forest"
"PR19","Cordia_dwyeri",6,"pasture regeneration early","regeneration early"
"PR19","Piper_pequeina",6,"pasture regeneration early","regeneration early"
"PR19","Nectandra_paucinervia",6,"pasture regeneration early","regeneration early"
"PR19","Cordia_dwyeri",6,"pasture regeneration early","regeneration early"
"PR19","Margaritaria_nobilis",6,"pasture regeneration early","regeneration early"
"OG41","Dendropanax_macrophyllum",55,"old-growth forest","old-growth forest"
"OG41","Margaritaria_nobilis",55,"old-growth forest","old-growth forest"
"OG41","Dendropanax_macrophyllum",55,"old-growth forest","old-growth forest"
"OG41","Dendropanax_macrophyllum",55,"old-growth forest","old-growth forest"
"CR06","Cecropia_utcubambana",33,"cacao regeneration late","regeneration late"
"CR06","Annona_papilionella",33,"cacao regeneration late","regeneration late"
"CR06","Cecropia_utcubambana",33,"cacao regeneration late","regeneration late"
"PR23","Cordia_dwyeri",1,"pasture regeneration early","regeneration early"
"PR23","Banara_guianensis",1,"pasture regeneration early","regeneration early"
"PR23","Annona_papilionella",1,"pasture regeneration early","regeneration early"
"PR23","Cordia_dwyeri",1,"pasture regeneration early","regeneration early"
"PR26","Piper_pequeina",28,"pasture regeneration late","regeneration late"
"PR26","Piper_pequeina",28,"pasture regeneration late","regeneration late"
"PR26","Annona_papilionella",28,"pasture regeneration late","regeneration late"
"PR26","Piper_grande",28,"pasture regeneration late","regeneration late"
"PR26","Piper_grande",28,"pasture regeneration late","regeneration late"
"CR04","Wettinia_quinaria",21,"cacao regeneration late","regeneration late"
"CR04","Byrsonima_putumayensis",21,"cacao regeneration late","regeneration late"
"CR04","Nectandra_paucinervia",21,"cacao regeneration late","regeneration late"
"OG38","Wettinia_quinaria",55,"old-growth forest","old-growth forest"
"OG38","Nectandra_paucinervia",55,"old-growth forest","old-growth forest"
"OG38","Ocotea_insularis",55,"old-growth forest","old-growth forest"
"OG39","Trema_integerrima",55,"old-growth forest","old-growth forest"
"OG39","Nectandra_paucinervia",55,"old-growth forest","old-growth forest"
"OG39","Margaritaria_nobilis",55,"old-growth forest","old-growth forest"
"OG39","Nectandra_paucinervia",55,"old-growth forest","old-growth forest"
"PR21","Hieronyma_macrocarpa",36,"pasture regeneration late","regeneration late"
"PR21","Compsoneura_mutisii",36,"pasture regeneration late","regeneration late"
"PR21","Cecropia_utcubambana",36,"pasture regeneration late","regeneration late"
"PR21","Cecropia_utcubambana",36,"pasture regeneration late","regeneration late"
"CA62","Dendropanax_macrophyllum",0,"active cacao","regeneration early"
"CR05","Banara_guianensis",12,"cacao regeneration early","regeneration early"
"CR05","Nectandra_paucinervia",12,"cacao regeneration early","regeneration early"
"CR05","Cordia_dwyeri",12,"cacao regeneration early","regeneration early"
"CR05","Annona_papilionella",12,"cacao regeneration early","regeneration early"
"CR05","Nectandra_paucinervia",12,"cacao regeneration early","regeneration early"
"CR05","Annona_papilionella",12,"cacao regeneration early","regeneration early"
"CR05","Nectandra_paucinervia",12,"cacao regeneration early","regeneration early"
"PA57","Ficus_tonduzii",0,"active pasture","regeneration early"
"PA57","Annona_papilionella",0,"active pasture","regeneration early"
"PA57","Dendropanax_macrophyllum",0,"active pasture","regeneration early"
"PA57","Ficus_tonduzii",0,"active pasture","regeneration early"
"PA57","Annona_papilionella",0,"active pasture","regeneration early"
"PR22","Nectandra_paucinervia",12,"pasture regeneration early","regeneration early"
"PR22","Annona_papilionella",12,"pasture regeneration early","regeneration early"
"PR22","Piper_pequeina",12,"pasture regeneration early","regeneration early"
"PR22","Nectandra_paucinervia",12,"pasture regeneration early","regeneration early"
"PR22","Nectandra_paucinervia",12,"pasture regeneration early","regeneration early"
"PR22","Cordia_dwyeri",12,"pasture regeneration early","regeneration early"
"PR22","Cecropia_garciae",12,"pasture regeneration early","regeneration early"
"PR22","Annona_papilionella",12,"pasture regeneration early","regeneration early"
"PR22","Nectandra_paucinervia",12,"pasture regeneration early","regeneration early"
"PR22","Cecropia_garciae",12,"pasture regeneration early","regeneration early"
"PR22","Annona_papilionella",12,"pasture regeneration early","regeneration early"
"CR10","Cecropia_garciae",24,"cacao regeneration late","regeneration late"
"CR10","Cecropia_garciae",24,"cacao regeneration late","regeneration late"
"CR10","Cecropia_utcubambana",24,"cacao regeneration late","regeneration late"
"CR10","Cecropia_garciae",24,"cacao regeneration late","regeneration late"
"CR10","Cecropia_garciae",24,"cacao regeneration late","regeneration late"
"CR11","Pouteria_caimito",23,"cacao regeneration late","regeneration late"
"CR11","Hieronyma_macrocarpa",23,"cacao regeneration late","regeneration late"
"CR11","Pouteria_caimito",23,"cacao regeneration late","regeneration late"
"CR11","Inga_ruiziana",23,"cacao regeneration late","regeneration late"
"CR11","Pouteria_caimito",23,"cacao regeneration late","regeneration late"
"CR11","Pouteria_caimito",23,"cacao regeneration late","regeneration late"
"OG45","Hieronyma_macrocarpa",55,"old-growth forest","old-growth forest"
"OG45","Aegiphila_alba",55,"old-growth forest","old-growth forest"
"OG45","Aegiphila_alba",55,"old-growth forest","old-growth forest"
"OG45","Aegiphila_alba",55,"old-growth forest","old-growth forest"
"OG45","Ficus_pertusa",55,"old-growth forest","old-growth forest"
"OG46","Hieronyma_macrocarpa",55,"old-growth forest","old-growth forest"
"OG46","Cordia_dwyeri",55,"old-growth forest","old-growth forest"
"PR31","Pouteria_caimito",16,"pasture regeneration late","regeneration late"
"PR31","Pouteria_caimito",16,"pasture regeneration late","regeneration late"
"PR31","Hieronyma_macrocarpa",16,"pasture regeneration late","regeneration late"
"PR31","Inga_ruiziana",16,"pasture regeneration late","regeneration late"
"CR09","Nectandra_paucinervia",6,"cacao regeneration early","regeneration early"
"CR09","Nectandra_paucinervia",6,"cacao regeneration early","regeneration early"
"CR09","Hieronyma_macrocarpa",6,"cacao regeneration early","regeneration early"
"CR09","Piper_grande",6,"cacao regeneration early","regeneration early"
"CR09","Piper_grande",6,"cacao regeneration early","regeneration early"
"CR09","Nectandra_paucinervia",6,"cacao regeneration early","regeneration early"
"CR09","Saurauia_herthae",6,"cacao regeneration early","regeneration early"
"CR09","Saurauia_herthae",6,"cacao regeneration early","regeneration early"
"CR09","Saurauia_herthae",6,"cacao regeneration early","regeneration early"
"CR09","Piper_pequeina",6,"cacao regeneration early","regeneration early"
"CR09","Nectandra_paucinervia",6,"cacao regeneration early","regeneration early"
"CR09","Cecropia_garciae",6,"cacao regeneration early","regeneration early"
"CR09","Aegiphila_alba",6,"cacao regeneration early","regeneration early"
"CR09","Aegiphila_alba",6,"cacao regeneration early","regeneration early"
"CR09","Aegiphila_alba",6,"cacao regeneration early","regeneration early"
"CA63","Nectandra_paucinervia",0,"active cacao","regeneration early"
"CA63","Cecropia_garciae",0,"active cacao","regeneration early"
"CA63","Nectandra_paucinervia",0,"active cacao","regeneration early"
"CA63","Ficus_tonduzii",0,"active cacao","regeneration early"
"CA63","Cecropia_garciae",0,"active cacao","regeneration early"
"CA63","Cordia_dwyeri",0,"active cacao","regeneration early"
"CA63","Nectandra_paucinervia",0,"active cacao","regeneration early"
"CA63","Hieronyma_macrocarpa",0,"active cacao","regeneration early"
"CA63","Cecropia_garciae",0,"active cacao","regeneration early"
"CA63","Pouteria_caimito",0,"active cacao","regeneration early"
"CA63","Nectandra_paucinervia",0,"active cacao","regeneration early"
"CA63","Cecropia_garciae",0,"active cacao","regeneration early"
"CA64","Ficus_tonduzii",0,"active cacao","regeneration early"
"CA64","Cecropia_garciae",0,"active cacao","regeneration early"
"CA64","Nectandra_paucinervia",0,"active cacao","regeneration early"
"CA64","Ficus_tonduzii",0,"active cacao","regeneration early"
"CA64","Cecropia_insignis",0,"active cacao","regeneration early"
"CA64","Nectandra_paucinervia",0,"active cacao","regeneration early"
"CA64","Hieronyma_macrocarpa",0,"active cacao","regeneration early"
"CA64","Ficus_tonduzii",0,"active cacao","regeneration early"
"CA64","Cecropia_garciae",0,"active cacao","regeneration early"
"CA64","Cecropia_insignis",0,"active cacao","regeneration early"
"CA64","Banara_guianensis",0,"active cacao","regeneration early"
"CA64","Nectandra_paucinervia",0,"active cacao","regeneration early"
"CA64","Hieronyma_macrocarpa",0,"active cacao","regeneration early"
"CA64","Ficus_tonduzii",0,"active cacao","regeneration early"
"CA64","Ficus_tonduzii",0,"active cacao","regeneration early"
"CA64","Cecropia_insignis",0,"active cacao","regeneration early"
"CA64","Chrysophyllum_venezuelanense",0,"active cacao","regeneration early"
"OG52","Cecropia_insignis",55,"old-growth forest","old-growth forest"
"OG52","Cecropia_garciae",55,"old-growth forest","old-growth forest"
"OG52","Inga_ruiziana",55,"old-growth forest","old-growth forest"
"OG52","Cecropia_insignis",55,"old-growth forest","old-growth forest"
"CR14","Pouteria_caimito",38,"cacao regeneration late","regeneration late"
"CR14","Cecropia_garciae",38,"cacao regeneration late","regeneration late"
"CR14","Cecropia_utcubambana",38,"cacao regeneration late","regeneration late"
"CR14","Cecropia_utcubambana",38,"cacao regeneration late","regeneration late"
"CR14","Cordia_dwyeri",38,"cacao regeneration late","regeneration late"
"CR14","Cecropia_utcubambana",38,"cacao regeneration late","regeneration late"
"CR14","Trema_integerrima",38,"cacao regeneration late","regeneration late"
"PR34","Nectandra_paucinervia",38,"pasture regeneration late","regeneration late"
"PR34","Vismia_baccifera",38,"pasture regeneration late","regeneration late"
"PR34","Cecropia_garciae",38,"pasture regeneration late","regeneration late"
"PR34","Piper_pequeina",38,"pasture regeneration late","regeneration late"
"PR34","Trema_integerrima",38,"pasture regeneration late","regeneration late"
"PR34","Compsoneura_mutisii",38,"pasture regeneration late","regeneration late"
"PR34","Ficus_pertusa",38,"pasture regeneration late","regeneration late"
"PR34","Annona_papilionella",38,"pasture regeneration late","regeneration late"
"PR36","Nectandra_paucinervia",9,"pasture regeneration early","regeneration early"
"PR36","Inga_ruiziana",9,"pasture regeneration early","regeneration early"
"PR36","Nectandra_paucinervia",9,"pasture regeneration early","regeneration early"
"PR36","Ficus_tonduzii",9,"pasture regeneration early","regeneration early"
"PR36","Nectandra_paucinervia",9,"pasture regeneration early","regeneration early"
"PR36","Wettinia_quinaria",9,"pasture regeneration early","regeneration early"
"PR36","Nectandra_paucinervia",9,"pasture regeneration early","regeneration early"
"PR36","Nectandra_paucinervia",9,"pasture regeneration early","regeneration early"
"PR36","Hieronyma_macrocarpa",9,"pasture regeneration early","regeneration early"
"OG49","Cordia_dwyeri",55,"old-growth forest","old-growth forest"
"OG49","Hieronyma_macrocarpa",55,"old-growth forest","old-growth forest"
"OG49","Chrysophyllum_venezuelanense",55,"old-growth forest","old-growth forest"
"OG49","Hieronyma_macrocarpa",55,"old-growth forest","old-growth forest"
"OG49","Pouteria_caimito",55,"old-growth forest","old-growth forest"
"OG49","Cordia_dwyeri",55,"old-growth forest","old-growth forest"
"OG49","Margaritaria_nobilis",55,"old-growth forest","old-growth forest"
"OG42","Nectandra_paucinervia",55,"old-growth forest","old-growth forest"
"OG42","Nectandra_paucinervia",55,"old-growth forest","old-growth forest"
"OG42","Cordia_dwyeri",55,"old-growth forest","old-growth forest"
"OG42","Hieronyma_macrocarpa",55,"old-growth forest","old-growth forest"
"OG42","Nectandra_paucinervia",55,"old-growth forest","old-growth forest"
"OG42","Cordia_dwyeri",55,"old-growth forest","old-growth forest"
"OG42","Hieronyma_macrocarpa",55,"old-growth forest","old-growth forest"
"PR19","Cordia_dwyeri",6,"pasture regeneration early","regeneration early"
"PR19","Margaritaria_nobilis",6,"pasture regeneration early","regeneration early"
"PR19","Nectandra_paucinervia",6,"pasture regeneration early","regeneration early"
"OG41","Ocotea_insularis",55,"old-growth forest","old-growth forest"
"PA54","Compsoneura_mutisii",0,"active pasture","regeneration early"
"CR02","Nectandra_paucinervia",8,"cacao regeneration early","regeneration early"
"CR02","Nectandra_paucinervia",8,"cacao regeneration early","regeneration early"
"CR02","Hieronyma_macrocarpa",8,"cacao regeneration early","regeneration early"
"CR02","Nectandra_paucinervia",8,"cacao regeneration early","regeneration early"
"CR02","Cordia_dwyeri",8,"cacao regeneration early","regeneration early"
"CR13","Ficus_tonduzii",1,"cacao regeneration early","regeneration early"
"CR13","Margaritaria_nobilis",1,"cacao regeneration early","regeneration early"
"CR13","Cordia_dwyeri",1,"cacao regeneration early","regeneration early"
"CR13","Hieronyma_macrocarpa",1,"cacao regeneration early","regeneration early"
"CR13","Hieronyma_macrocarpa",1,"cacao regeneration early","regeneration early"
"CR13","Cordia_dwyeri",1,"cacao regeneration early","regeneration early"
"PA55","Cecropia_insignis",0,"active pasture","regeneration early"
"PA55","Cecropia_insignis",0,"active pasture","regeneration early"
"PR33","Cordia_dwyeri",1,"pasture regeneration early","regeneration early"
"PR33","Hieronyma_macrocarpa",1,"pasture regeneration early","regeneration early"
"PR33","Cordia_dwyeri",1,"pasture regeneration early","regeneration early"
"CR06","Cordia_dwyeri",33,"cacao regeneration late","regeneration late"
"CR06","Dendropanax_macrophyllum",33,"cacao regeneration late","regeneration late"
"CR06","Cecropia_insignis",33,"cacao regeneration late","regeneration late"
"CR06","Dendropanax_macrophyllum",33,"cacao regeneration late","regeneration late"
"CR06","Cordia_dwyeri",33,"cacao regeneration late","regeneration late"
"CR04","Pouteria_caimito",21,"cacao regeneration late","regeneration late"
"OG38","Nectandra_paucinervia",55,"old-growth forest","old-growth forest"
"OG38","Nectandra_paucinervia",55,"old-growth forest","old-growth forest"
"PR21","Cecropia_utcubambana",36,"pasture regeneration late","regeneration late"
"PR21","Nectandra_paucinervia",36,"pasture regeneration late","regeneration late"
"PR21","Cecropia_utcubambana",36,"pasture regeneration late","regeneration late"
"PR21","Cecropia_utcubambana",36,"pasture regeneration late","regeneration late"
"CA62","Ficus_tonduzii",0,"active cacao","regeneration early"
"CA62","Ficus_tonduzii",0,"active cacao","regeneration early"
"CA62","Ficus_tonduzii",0,"active cacao","regeneration early"
"CA62","Ficus_tonduzii",0,"active cacao","regeneration early"
"CR05","Nectandra_paucinervia",12,"cacao regeneration early","regeneration early"
"CR05","Ficus_tonduzii",12,"cacao regeneration early","regeneration early"
"CR05","Byrsonima_putumayensis",12,"cacao regeneration early","regeneration early"
"CR05","Nectandra_paucinervia",12,"cacao regeneration early","regeneration early"
"CR05","Annona_papilionella",12,"cacao regeneration early","regeneration early"
"CR05","Ficus_pertusa",12,"cacao regeneration early","regeneration early"
"CR05","Nectandra_paucinervia",12,"cacao regeneration early","regeneration early"
"CR05","Cordia_dwyeri",12,"cacao regeneration early","regeneration early"
"PA57","Ficus_tonduzii",0,"active pasture","regeneration early"
"PA57","Licania_longicuspidata",0,"active pasture","regeneration early"
"PR22","Pouteria_caimito",12,"pasture regeneration early","regeneration early"
"CR10","Cordia_dwyeri",24,"cacao regeneration late","regeneration late"
"CR11","Pouteria_caimito",23,"cacao regeneration late","regeneration late"
"CR11","Pouteria_caimito",23,"cacao regeneration late","regeneration late"
"CR11","Banara_guianensis",23,"cacao regeneration late","regeneration late"
"CR11","Pouteria_caimito",23,"cacao regeneration late","regeneration late"
"CR11","Pouteria_caimito",23,"cacao regeneration late","regeneration late"
"CR11","Banara_guianensis",23,"cacao regeneration late","regeneration late"
"OG45","Licania_longicuspidata",55,"old-growth forest","old-growth forest"
"OG45","Pouteria_caimito",55,"old-growth forest","old-growth forest"
"OG45","Pouteria_caimito",55,"old-growth forest","old-growth forest"
"OG46","Cordia_dwyeri",55,"old-growth forest","old-growth forest"
"OG46","Nectandra_paucinervia",55,"old-growth forest","old-growth forest"
"OG46","Cordia_dwyeri",55,"old-growth forest","old-growth forest"
"PR31","Pouteria_caimito",16,"pasture regeneration late","regeneration late"
"PR31","Pouteria_caimito",16,"pasture regeneration late","regeneration late"
"PR31","Pouteria_caimito",16,"pasture regeneration late","regeneration late"
"PR31","Trema_integerrima",16,"pasture regeneration late","regeneration late"
"PR31","Pouteria_caimito",16,"pasture regeneration late","regeneration late"
"CR09","Nectandra_paucinervia",6,"cacao regeneration early","regeneration early"
"CR09","Cordia_dwyeri",6,"cacao regeneration early","regeneration early"
"CR09","Nectandra_paucinervia",6,"cacao regeneration early","regeneration early"
"CR09","Cordia_dwyeri",6,"cacao regeneration early","regeneration early"
"CR09","Nectandra_paucinervia",6,"cacao regeneration early","regeneration early"
"CR09","Cordia_dwyeri",6,"cacao regeneration early","regeneration early"
"CA63","Nectandra_paucinervia",0,"active cacao","regeneration early"
"CA64","Nectandra_paucinervia",0,"active cacao","regeneration early"
"CA64","Ficus_tonduzii",0,"active cacao","regeneration early"
"CA64","Ficus_tonduzii",0,"active cacao","regeneration early"
"CA64","Cecropia_insignis",0,"active cacao","regeneration early"
"CA64","Ficus_tonduzii",0,"active cacao","regeneration early"
"CA64","Cecropia_insignis",0,"active cacao","regeneration early"
"CR14","Nectandra_paucinervia",38,"cacao regeneration late","regeneration late"
"CR14","Cordia_dwyeri",38,"cacao regeneration late","regeneration late"
"CR14","Pouteria_caimito",38,"cacao regeneration late","regeneration late"
"CR14","Cecropia_utcubambana",38,"cacao regeneration late","regeneration late"
"CR14","Cordia_dwyeri",38,"cacao regeneration late","regeneration late"
"CR14","Cecropia_utcubambana",38,"cacao regeneration late","regeneration late"
"CR14","Cordia_dwyeri",38,"cacao regeneration late","regeneration late"
"CR14","Pouteria_caimito",38,"cacao regeneration late","regeneration late"
"PR34","Nectandra_paucinervia",38,"pasture regeneration late","regeneration late"
"PR36","Nectandra_paucinervia",9,"pasture regeneration early","regeneration early"
"PR36","Ficus_tonduzii",9,"pasture regeneration early","regeneration early"
"PR36","Nectandra_paucinervia",9,"pasture regeneration early","regeneration early"
"PR36","Inga_ruiziana",9,"pasture regeneration early","regeneration early"
"PR36","Nectandra_paucinervia",9,"pasture regeneration early","regeneration early"
"OG49","Cecropia_utcubambana",55,"old-growth forest","old-growth forest"
"OG49","Pouteria_sapota",55,"old-growth forest","old-growth forest"
"OG42","Banara_guianensis",55,"old-growth forest","old-growth forest"
"OG42","Cecropia_insignis",55,"old-growth forest","old-growth forest"
"OG42","Cecropia_utcubambana",55,"old-growth forest","old-growth forest"
"OG42","Cecropia_insignis",55,"old-growth forest","old-growth forest"
"OG42","Casearia_arborea",55,"old-growth forest","old-growth forest"
"PR19","Cordia_dwyeri",6,"pasture regeneration early","regeneration early"
"PR19","Piper_pequeina",6,"pasture regeneration early","regeneration early"
"PR19","Nectandra_paucinervia",6,"pasture regeneration early","regeneration early"
"PR19","Cordia_dwyeri",6,"pasture regeneration early","regeneration early"
"OG41","Guarea_macrophylla",55,"old-growth forest","old-growth forest"
"CR02","Nectandra_paucinervia",8,"cacao regeneration early","regeneration early"
"CR02","Cordia_dwyeri",8,"cacao regeneration early","regeneration early"
"CR02","Cordia_dwyeri",8,"cacao regeneration early","regeneration early"
"CR13","Ficus_tonduzii",1,"cacao regeneration early","regeneration early"
"CR13","Cordia_dwyeri",1,"cacao regeneration early","regeneration early"
"CR13","Banara_guianensis",1,"cacao regeneration early","regeneration early"
"CR13","Ficus_tonduzii",1,"cacao regeneration early","regeneration early"
"CR13","Banara_guianensis",1,"cacao regeneration early","regeneration early"
"CR13","Ficus_tonduzii",1,"cacao regeneration early","regeneration early"
"CR13","Banara_guianensis",1,"cacao regeneration early","regeneration early"
"PA55","Pouteria_caimito",0,"active pasture","regeneration early"
"CR06","Cordia_dwyeri",33,"cacao regeneration late","regeneration late"
"CR06","Cordia_dwyeri",33,"cacao regeneration late","regeneration late"
"CR06","Nectandra_paucinervia",33,"cacao regeneration late","regeneration late"
"CR06","Cordia_dwyeri",33,"cacao regeneration late","regeneration late"
"CR06","Cordia_dwyeri",33,"cacao regeneration late","regeneration late"
"PR23","Inga_ruiziana",1,"pasture regeneration early","regeneration early"
"PR23","Cordia_dwyeri",1,"pasture regeneration early","regeneration early"
"PR26","Piper_pequeina",28,"pasture regeneration late","regeneration late"
"PR26","Cordia_dwyeri",28,"pasture regeneration late","regeneration late"
"PR26","Cordia_dwyeri",28,"pasture regeneration late","regeneration late"
"PR26","Nectandra_paucinervia",28,"pasture regeneration late","regeneration late"
"PR26","Cordia_dwyeri",28,"pasture regeneration late","regeneration late"
"PR26","Nectandra_paucinervia",28,"pasture regeneration late","regeneration late"
"PR26","Cordia_dwyeri",28,"pasture regeneration late","regeneration late"
"OG39","Wettinia_quinaria",55,"old-growth forest","old-growth forest"
"OG39","Pouteria_caimito",55,"old-growth forest","old-growth forest"
"PR21","Nectandra_paucinervia",36,"pasture regeneration late","regeneration late"
"CR05","Nectandra_paucinervia",12,"cacao regeneration early","regeneration early"
"CR05","Cordia_dwyeri",12,"cacao regeneration early","regeneration early"
"CR05","Nectandra_paucinervia",12,"cacao regeneration early","regeneration early"
"CR05","Nectandra_paucinervia",12,"cacao regeneration early","regeneration early"
"CR05","Cordia_dwyeri",12,"cacao regeneration early","regeneration early"
"CR05","Annona_papilionella",12,"cacao regeneration early","regeneration early"
"CR05","Nectandra_paucinervia",12,"cacao regeneration early","regeneration early"
"PA57","Ficus_tonduzii",0,"active pasture","regeneration early"
"PA57","Ficus_tonduzii",0,"active pasture","regeneration early"
"PA57","Ficus_tonduzii",0,"active pasture","regeneration early"
"PR22","Nectandra_paucinervia",12,"pasture regeneration early","regeneration early"
"PR22","Cordia_dwyeri",12,"pasture regeneration early","regeneration early"
"PR22","Ficus_tonduzii",12,"pasture regeneration early","regeneration early"
"PR22","Cordia_dwyeri",12,"pasture regeneration early","regeneration early"
"PR22","Piper_pequeina",12,"pasture regeneration early","regeneration early"
"PR22","Pouteria_caimito",12,"pasture regeneration early","regeneration early"
"CR10","Cordia_dwyeri",24,"cacao regeneration late","regeneration late"
"CR10","Cordia_dwyeri",24,"cacao regeneration late","regeneration late"
"CR11","Pouteria_caimito",23,"cacao regeneration late","regeneration late"
"CR11","Cordia_dwyeri",23,"cacao regeneration late","regeneration late"
"CR11","Pouteria_caimito",23,"cacao regeneration late","regeneration late"
"CR11","Pouteria_caimito",23,"cacao regeneration late","regeneration late"
"CR11","Margaritaria_nobilis",23,"cacao regeneration late","regeneration late"
"CR11","Tetrorchidium_andinum",23,"cacao regeneration late","regeneration late"
"OG45","Margaritaria_nobilis",55,"old-growth forest","old-growth forest"
"OG46","Cordia_dwyeri",55,"old-growth forest","old-growth forest"
"OG46","Cordia_dwyeri",55,"old-growth forest","old-growth forest"
"CR09","Nectandra_paucinervia",6,"cacao regeneration early","regeneration early"
"CR09","Cordia_dwyeri",6,"cacao regeneration early","regeneration early"
"CR09","Banara_guianensis",6,"cacao regeneration early","regeneration early"
"CR09","Nectandra_paucinervia",6,"cacao regeneration early","regeneration early"
"CR09","Cordia_dwyeri",6,"cacao regeneration early","regeneration early"
"CR09","Nectandra_paucinervia",6,"cacao regeneration early","regeneration early"
"CR09","Cordia_dwyeri",6,"cacao regeneration early","regeneration early"
"CA63","Nectandra_paucinervia",0,"active cacao","regeneration early"
"CA63","Nectandra_paucinervia",0,"active cacao","regeneration early"
"CA63","Nectandra_paucinervia",0,"active cacao","regeneration early"
"CA64","Nectandra_paucinervia",0,"active cacao","regeneration early"
"CA64","Ficus_tonduzii",0,"active cacao","regeneration early"
"CA64","Ficus_tonduzii",0,"active cacao","regeneration early"
"CA64","Cecropia_insignis",0,"active cacao","regeneration early"
"CA64","Nectandra_paucinervia",0,"active cacao","regeneration early"
"CA64","Cordia_dwyeri",0,"active cacao","regeneration early"
"CA64","Ficus_tonduzii",0,"active cacao","regeneration early"
"CA64","Cecropia_insignis",0,"active cacao","regeneration early"
"CA64","Cecropia_insignis",0,"active cacao","regeneration early"
"CR14","Nectandra_paucinervia",38,"cacao regeneration late","regeneration late"
"CR14","Sapium_glandulosum",38,"cacao regeneration late","regeneration late"
"CR14","Nectandra_paucinervia",38,"cacao regeneration late","regeneration late"
"PR34","Cordia_dwyeri",38,"pasture regeneration late","regeneration late"
"PR34","Coussarea_latifolia",38,"pasture regeneration late","regeneration late"
"PR34","Cecropia_utcubambana",38,"pasture regeneration late","regeneration late"
"PR34","Cordia_dwyeri",38,"pasture regeneration late","regeneration late"
"PR34","Cordia_dwyeri",38,"pasture regeneration late","regeneration late"
"PR36","Nectandra_paucinervia",9,"pasture regeneration early","regeneration early"
"PR36","Nectandra_paucinervia",9,"pasture regeneration early","regeneration early"
"PR36","Cordia_dwyeri",9,"pasture regeneration early","regeneration early"
"PR36","Nectandra_paucinervia",9,"pasture regeneration early","regeneration early"
"PR36","Cordia_dwyeri",9,"pasture regeneration early","regeneration early"
"OG49","Nectandra_paucinervia",55,"old-growth forest","old-growth forest"
"OG49","Cordia_dwyeri",55,"old-growth forest","old-growth forest"
"OG49","Cordia_dwyeri",55,"old-growth forest","old-growth forest"
"OG49","Pouteria_caimito",55,"old-growth forest","old-growth forest"
"OG42","Cecropia_insignis",55,"old-growth forest","old-growth forest"
"OG42","Nectandra_paucinervia",55,"old-growth forest","old-growth forest"
"OG42","Cordia_dwyeri",55,"old-growth forest","old-growth forest"
"OG42","Pouteria_caimito",55,"old-growth forest","old-growth forest"
"OG42","Nectandra_paucinervia",55,"old-growth forest","old-growth forest"
"OG42","Cordia_dwyeri",55,"old-growth forest","old-growth forest"
"PR19","Nectandra_paucinervia",6,"pasture regeneration early","regeneration early"
"PR19","Cordia_dwyeri",6,"pasture regeneration early","regeneration early"
"PR19","Nectandra_paucinervia",6,"pasture regeneration early","regeneration early"
"OG41","Cordia_dwyeri",55,"old-growth forest","old-growth forest"
"OG41","Guarea_macrophylla",55,"old-growth forest","old-growth forest"
"CR02","Nectandra_paucinervia",8,"cacao regeneration early","regeneration early"
"CR02","Vismia_baccifera",8,"cacao regeneration early","regeneration early"
"CR02","Cordia_dwyeri",8,"cacao regeneration early","regeneration early"
"CR02","Nectandra_paucinervia",8,"cacao regeneration early","regeneration early"
"CR13","Ficus_tonduzii",1,"cacao regeneration early","regeneration early"
"CR13","Nectandra_paucinervia",1,"cacao regeneration early","regeneration early"
"PA55","Tetrorchidium_andinum",0,"active pasture","regeneration early"
"PR33","Piper_pequeina",1,"pasture regeneration early","regeneration early"
"CR06","Cordia_dwyeri",33,"cacao regeneration late","regeneration late"
"CR06","Pouteria_caimito",33,"cacao regeneration late","regeneration late"
"CR06","Nectandra_paucinervia",33,"cacao regeneration late","regeneration late"
"PR23","Cordia_dwyeri",1,"pasture regeneration early","regeneration early"
"PR23","Cordia_dwyeri",1,"pasture regeneration early","regeneration early"
"PR26","Palicourea_chignul",28,"pasture regeneration late","regeneration late"
"PR26","Palicourea_chignul",28,"pasture regeneration late","regeneration late"
"PR26","Palicourea_chignul",28,"pasture regeneration late","regeneration late"
"PR26","Palicourea_chignul",28,"pasture regeneration late","regeneration late"
"PR26","Palicourea_chignul",28,"pasture regeneration late","regeneration late"
"PR26","Palicourea_chignul",28,"pasture regeneration late","regeneration late"
"PR21","Ficus_tonduzii",36,"pasture regeneration late","regeneration late"
"PR21","Tetrorchidium_andinum",36,"pasture regeneration late","regeneration late"
"CA62","Ficus_tonduzii",0,"active cacao","regeneration early"
"CR05","Nectandra_paucinervia",12,"cacao regeneration early","regeneration early"
"CR05","Cordia_dwyeri",12,"cacao regeneration early","regeneration early"
"CR05","Piper_pequeina",12,"cacao regeneration early","regeneration early"
"CR05","Nectandra_paucinervia",12,"cacao regeneration early","regeneration early"
"CR05","Nectandra_paucinervia",12,"cacao regeneration early","regeneration early"
"PA57","Ficus_tonduzii",0,"active pasture","regeneration early"
"PA57","Nectandra_paucinervia",0,"active pasture","regeneration early"
"PA57","Cecropia_garciae",0,"active pasture","regeneration early"
"PA57","Ficus_tonduzii",0,"active pasture","regeneration early"
"PR22","Nectandra_paucinervia",12,"pasture regeneration early","regeneration early"
"PR22","Cordia_dwyeri",12,"pasture regeneration early","regeneration early"
"PR22","Nectandra_paucinervia",12,"pasture regeneration early","regeneration early"
"PR22","Cecropia_garciae",12,"pasture regeneration early","regeneration early"
"PR22","Piper_pequeina",12,"pasture regeneration early","regeneration early"
"OG42","Nectandra_paucinervia",55,"old-growth forest","old-growth forest"
"OG42","Ficus_tonduzii",55,"old-growth forest","old-growth forest"
"OG42","Cecropia_insignis",55,"old-growth forest","old-growth forest"
"PR19","Nectandra_paucinervia",6,"pasture regeneration early","regeneration early"
"CR02","Banara_guianensis",8,"cacao regeneration early","regeneration early"
"CR02","Nectandra_paucinervia",8,"cacao regeneration early","regeneration early"
"CR02","Aegiphila_alba",8,"cacao regeneration early","regeneration early"
"CR02","Aegiphila_alba",8,"cacao regeneration early","regeneration early"
"CR02","Aegiphila_alba",8,"cacao regeneration early","regeneration early"
"CR13","Ficus_tonduzii",1,"cacao regeneration early","regeneration early"
"CR13","Ficus_tonduzii",1,"cacao regeneration early","regeneration early"
"CR13","Ficus_tonduzii",1,"cacao regeneration early","regeneration early"
"PR33","Compsoneura_mutisii",1,"pasture regeneration early","regeneration early"
"PR33","Compsoneura_mutisii",1,"pasture regeneration early","regeneration early"
"PR33","Cordia_dwyeri",1,"pasture regeneration early","regeneration early"
"PR33","Ficus_tonduzii",1,"pasture regeneration early","regeneration early"
"CR10","Palicourea_chignul",24,"cacao regeneration late","regeneration late"
"CR10","Palicourea_chignul",24,"cacao regeneration late","regeneration late"
"CR10","Palicourea_chignul",24,"cacao regeneration late","regeneration late"
"CR10","Cordia_dwyeri",24,"cacao regeneration late","regeneration late"
"CR11","Cordia_dwyeri",23,"cacao regeneration late","regeneration late"
"CR11","Pouteria_caimito",23,"cacao regeneration late","regeneration late"
"OG45","Tetrorchidium_andinum",55,"old-growth forest","old-growth forest"
"PR31","Ficus_pertusa",16,"pasture regeneration late","regeneration late"
"CA64","Trema_micrantha",0,"active cacao","regeneration early"
"CA64","Cecropia_insignis",0,"active cacao","regeneration early"
"CA64","Palicourea_chignul",0,"active cacao","regeneration early"
"CA64","Palicourea_chignul",0,"active cacao","regeneration early"
"CA64","Palicourea_chignul",0,"active cacao","regeneration early"
"CA64","Nectandra_paucinervia",0,"active cacao","regeneration early"
"CA64","Cecropia_insignis",0,"active cacao","regeneration early"
"CA64","Cecropia_garciae",0,"active cacao","regeneration early"
"CA64","Nectandra_paucinervia",0,"active cacao","regeneration early"
"CA64","Cordia_dwyeri",0,"active cacao","regeneration early"
"CA64","Trema_micrantha",0,"active cacao","regeneration early"
"CA64","Cecropia_insignis",0,"active cacao","regeneration early"
"CA64","Cecropia_utcubambana",0,"active cacao","regeneration early"
"CA64","Tetrorchidium_andinum",0,"active cacao","regeneration early"
"CA64","Nectandra_paucinervia",0,"active cacao","regeneration early"
"CA64","Trema_micrantha",0,"active cacao","regeneration early"
"CA64","Cecropia_insignis",0,"active cacao","regeneration early"
"CR14","Cecropia_garciae",38,"cacao regeneration late","regeneration late"
"CR14","Cordia_dwyeri",38,"cacao regeneration late","regeneration late"
"OG49","Wettinia_quinaria",55,"old-growth forest","old-growth forest"
"OG49","Cordia_dwyeri",55,"old-growth forest","old-growth forest"
"OG49","Pouteria_sapota",55,"old-growth forest","old-growth forest"
"PR34","Nectandra_paucinervia",38,"pasture regeneration late","regeneration late"
"PR34","Nectandra_paucinervia",38,"pasture regeneration late","regeneration late"
"PR34","Cecropia_garciae",38,"pasture regeneration late","regeneration late"
"PR36","Nectandra_paucinervia",9,"pasture regeneration early","regeneration early"
"PR36","Cordia_dwyeri",9,"pasture regeneration early","regeneration early"
"PR36","Nectandra_paucinervia",9,"pasture regeneration early","regeneration early"
"PR36","Nectandra_paucinervia",9,"pasture regeneration early","regeneration early"
"PR36","Piper_pequeina",9,"pasture regeneration early","regeneration early"
"PR36","Nectandra_paucinervia",9,"pasture regeneration early","regeneration early"
"CA63","Nectandra_paucinervia",0,"active cacao","regeneration early"
"CA63","Nectandra_paucinervia",0,"active cacao","regeneration early"
"CA63","Nectandra_paucinervia",0,"active cacao","regeneration early"
"OG52","Wettinia_quinaria",55,"old-growth forest","old-growth forest"
