"animal_species","prLength","bodyLength","wingLength","Genus"
"Abrochia_sp_1346",NA,13.4733333333333,13.3,"Abrochia"
"Aclytia_heber_773",6.99,11.605,14.115,"Aclytia"
"Aclytia_nr_heber_2017",6.75,12.2066666666667,15.3666666666667,"Aclytia"
"Adhemarius_daphne_101",31.01,38.64,47.72,"Adhemarius"
"Agaraea_nr_minuta_910",1,6.68,9.45,"Agaraea"
"Agaraea_semivitrea_909",1,10.98,14.37,"Agaraea"
"Agrius_cingulata_133",108.07,45.5,44.49,"Agrius"
"Agylla_cf_zucarina_853",8.1,11.5266666666667,14.8433333333333,"Agylla"
"Agylla_nr_argentifera_1154",10.09,14.825,20.3716666666667,"Agylla"
"Agylla_nr_nivea_347",12.36,16.956,21.57,"Agylla"
"Agylla_sp_1156",4.43,7.56,9.85,"Agylla"
"Agylla_sp_1185",9.995,15.065,18.96,"Agylla"
"Agylla_sp_854",6.85333333333333,9.32,13.7025,"Agylla"
"Agylla_sp_855",6.0775,10.46,12.92,"Agylla"
"Agylla_sp_858",9.3,12.5,17.9666666666667,"Agylla"
"Agylla_sp_860",7.92,7.92,12.44,"Agylla"
"Agylla_zucarina_gr_856",8.16,12.845,17.4225,"Agylla"
"Amastus_episcostosia_1229",27.43,35.23,44.395,"Amastus"
"Amaxia_cf_lepida_913",6.945,15.22,17.925,"Amaxia"
"Amaxia_pandama_912",10.315,15.39,18.67,"Amaxia"
"Amaxia_pardalis_1285",7.02,15.95,16.31,"Amaxia"
"Amaxia_sp_1354",8.31,10.38,7.455,"Amaxia"
"Ammalo_helops_gr_1410",NA,34.68,33.65,"Ammalo"
"Amphelarctia_priscilla_gr_1181",7.12,14.245,16.095,"Amphelarctia"
"Antona_sp_852",4.265,14.52,17.57,"Antona"
"Aptilosia_crocea_gr_866",8.47333333333333,10.4133333333333,12.59,"Aptilosia"
"Apyre_separata_911",NA,15.995,8.07,"Apyre"
"Araeomolis_cf_rhodographa_1079",8.326,12.27,14.42,"Araeomolis"
"Arctiarpia_melanopasta_916",9.22,15.4533333333333,19.0433333333333,"Arctiarpia"
"Areva_nr_trigemmis_868",4.68,10.5375,12.45,"Areva"
"Astralarctia_canalis_1051",NA,13.23,15.68,"Astralarctia"
"Atyphopsis_nr_modesta_772",6.23,10.685,12.74,"Atyphopsis"
"Balbura_intervenata_1227",8.38,11.4,14.06,"Balbura"
"Balburdia_cf_dorsigiana_894",8.38,9.85,11.985,"Balburdia"
"Baritius_(cf)_cf_grandis_918",10.49,12.885,14.97,"Baritius"
"Baritius_nr_eleuthera_917",5.41,12.3,14.65,"Baritius"
"Belemnia_sp_775",8.33,16.36,20.67,"Belemnia"
"Bertholdia_sp_920",9.485,14.83,17.1433333333333,"Bertholdia"
"Bertholdia_specularis_919",8.75,14.32,16.32,"Bertholdia"
"Cacostatia_(cf)_sp_1426",6.93,13.86,16.78,"Cacostatia"
"Cacostatia_nr_germana_1131",6.915,13.915,15.12,"Cacostatia"
"Callionima_nomius_103",15.63,44.33,35.78,"Callionima"
"Callionima_pan_pan_102",18.8866666666667,38.86,34.0766666666667,"Callionima"
"Castrica_phalaenoides_1078",8.37,14.55,16.63,"Castrica"
"Chetone_cf_ithrana_897",9.16666666666667,19.5366666666667,33.4066666666667,"Chetone"
"Chrostosoma_nr_schausi_776",6.56,8.89,12.02,"Chrostosoma"
"Cisthene_citrina_1324",3.04,5.96,9.835,"Cisthene"
"Cisthene_croesus_869",3.25,3.12,4.605,"Cisthene"
"Cisthene_sp_870",2.41,6.03666666666667,6.44666666666667,"Cisthene"
"Cisthene_tessellata_1054",3.29,4.78,8.27,"Cisthene"
"Clemensia_sp_892",NA,8.28,9.4,"Clemensia"
"Cloesia_nr_digna_1189",7.7,10.765,13.795,"Cloesia"
"Cocytius_duponchel_109",83.54,53.47,52.98,"Cocytius"
"Coreura_simsoni_417",11.09,18.82,27.52,"Coreura"
"Correbia_nr_minima_778",5.05,10.445,11.225,"Correbia"
"Correbidia_calopteridia_2004",6.01333333333333,12.212,13.58,"Correbidia"
"Correbidia_cf_costinitata_782",6.21,13.01,15.595,"Correbidia"
"Correbidia_germana_1274",4.89,11.24,12.81,"Correbidia"
"Correbidia_sp_21",7.5,14.05,17.73,"Correbidia"
"Correbidia_sp_779",9.22,17.9,18.4,"Correbidia"
"Correbidia_sp_780",6.33,12.7133333333333,15.3866666666667,"Correbidia"
"Correbidia_sp_781",6.77,16.975,17.695,"Correbidia"
"Cosmosoma_(cf)_nr_xanthostictum_793",7.14,10.59,15.42,"Cosmosoma"
"Cosmosoma_cf_remotum_795",7.74,10.52,13.67,"Cosmosoma"
"Cosmosoma_cf_teuthras_1427",7.74,12.22,17.3,"Cosmosoma"
"Cosmosoma_klagesi_310",8.68,11.72,16.155,"Cosmosoma"
"Cosmosoma_nr_angustimargo_2002",7.865,11.05,16.19,"Cosmosoma"
"Cosmosoma_parambae_787",9.77,12.08,18.41,"Cosmosoma"
"Cosmosoma_saron_1124",7.09333333333333,10.0633333333333,13.11,"Cosmosoma"
"Cosmosoma_sp_786",7.7,9.555,10.675,"Cosmosoma"
"Cosmosoma_sp_788",6.875,9.735,11.555,"Cosmosoma"
"Cosmosoma_sp_789",7.74,10.64,14.07,"Cosmosoma"
"Cosmosoma_sp_790",7.74,8.47,12.535,"Cosmosoma"
"Cosmosoma_sp_791",7.74,9.74,12.57,"Cosmosoma"
"Cosmosoma_sp_792",5.25,8.79,12.32,"Cosmosoma"
"Cosmosoma_subflamma_304",11.4,13.88,17.2,"Cosmosoma"
"Cratoplastis_diluta_gr_682",9.585,16.74,19.59,"Cratoplastis"
"Delphyre_nr_flaviceps_1268",10.07,16.03,17.5233333333333,"Delphyre"
"Dolichesia_cf_falsimonia_885",NA,6.93333333333333,8.55666666666667,"Dolichesia"
"Druceius_nr_gigantea_799",7.03,14.585,17.055,"Druceius"
"Dycladia_sp_794",NA,10.55,13.32,"Dycladia"
"Dysschema_cf_leda_1361",5.45,24.9466666666667,33.6333333333333,"Dysschema"
"Dysschema_cf_perplexa_899",5.72,19.77,27.74,"Dysschema"
"Dysschema_nr_bruckleyi_898",4.91,17.28,23.81,"Dysschema"
"Dysschema_viuda_900",5.72,25.62,37.55,"Dysschema"
"Ecdemus_obscuratum_1111",5.75,9.585,12.155,"Ecdemus"
"Echeta_sp_1441",NA,20.49,29.29,"Echeta"
"Echeta_sp_922",NA,14.43,16.5,"Echeta"
"Elysius_nr_disciplaga_2346",10.88,17.12,19.96,"Elysius"
"Elysius_nr_pyrosticta_923",9.28,19.46,24.65,"Elysius"
"Elysius_sp_1359",8.48,19,22.79,"Elysius"
"Elysius_sp_1439",8.48,22.31,26.59,"Elysius"
"Emurena_sp_924",5.53,13.84,16.84,"Emurena"
"Epeiromulona_nr_phelina_1057",2.06,7.56,9.85,"Epeiromulona"
"Epidesma_(cf)_sp_801",5.22,11.94,16.51,"Epidesma"
"Episcepsis_demonis_1133",9.835,13.755,18.76,"Episcepsis"
"Episcepsis_fumata_gr_824",8.655,13.27,18.065,"Episcepsis"
"Episcepsis_luctuosa_802",7.44,14.21,15.58,"Episcepsis"
"Episcepsis_sp_803",5.45,10.64,12.56,"Episcepsis"
"Episcepsis_sp_804",7.06,13.42,16.99,"Episcepsis"
"Episcepsis_sp_850",7.06,14.45,17.03,"Episcepsis"
"Episcepsis_thetis_gr_2151",7.1,13.745,15.215,"Episcepsis"
"Episcepsis_venata_1141",7.06,12.405,12.675,"Episcepsis"
"Eucereon_cf_pseudarchias_1217",7.27,14.645,18.21,"Eucereon"
"Eucereon_cf_rogersi_1439",7.27,12.82,18.14,"Eucereon"
"Eucereon_cf_rosa_811",7.27,9.77,11.805,"Eucereon"
"Eucereon_nr_tarona_616",9.59,12.34,16.1766666666667,"Eucereon"
"Eucereon_nr_tarona_808",9.25,12.975,15.5575,"Eucereon"
"Eucereon_sp_1366",7.27,9.38,11.855,"Eucereon"
"Eucereon_sp_806",6.82,14.03,16.03,"Eucereon"
"Eucereon_sp_807",8.94,14.37,16.175,"Eucereon"
"Eucereon_sp_809",8.41,16.35,19.215,"Eucereon"
"Eucereon_sp_812",6.82,10.47,13.235,"Eucereon"
"Eucereon_sp_813",4.95,11.3725,14.26,"Eucereon"
"Eucereon_sp_815",7.27,14.1,17.795,"Eucereon"
"Eucereon_sp_821",7.27,10.12,11.285,"Eucereon"
"Eucereon_sp_822",7.27,11.7566666666667,14.7466666666667,"Eucereon"
"Eudoliche_nr_longa_874",5.89,7.9075,10.095,"Eudoliche"
"Eupseudosoma_(Idalus)_nr_involuta_935",10.06,17.875,20.585,"Eupseudosoma"
"Euthyone_cf_simplex_877",1.33333333333333,6.53,9.6375,"Euthyone"
"Euthyone_sp_1424",1.33,2.6,7.39,"Euthyone"
"Euthyone_sp_875",1.33,6.75,8.29,"Euthyone"
"Euthyone_sp_876",1.355,6.445,7.8,"Euthyone"
"Evius_cochenouri_925",7.9,12.465,15.98,"Evius"
"Evius_hippia_926",8.01,13.205,14.815,"Evius"
"Evius_sp_927",6.36,10.45,13.31,"Evius"
"Flammeus_betzi_1402",6.85,11.69,14.6,"Flammeus"
"Flammeus_sp_810",9.86,15.605,18.885,"Flammeus"
"Galethalea_sp_825",NA,15.48,18.03,"Galethalea"
"Gardinia_nr_magnifica_878",9.53,17.78,26.2,"Gardinia"
"Gorgonidia_buckleyi_928",12.89,20.52,24.88,"Gorgonidia"
"Gymnelia_(cf)_sp_827",6.32,8.345,13.375,"Gymnelia"
"Gymnelia_sp_1418",6.32,12.8,15.47,"Gymnelia"
"Gymnelia_sp_826",6.32,13.1666666666667,15.7633333333333,"Gymnelia"
"Haemanota_sp_1196",10.3,15.695,16.235,"Haemanota"
"Halysidota_schausi_929",13.29,20.62,26.29,"Halysidota"
"Halysidota_sp_930",12,17.69,22.81,"Halysidota"
"Halysidota_sp_931",10.58,15.95,20.785,"Halysidota"
"Heliactinidia_sitia_901",1.73,10.7675,14.59,"Heliactinidia"
"Heliura_nr_zonata_829",7.99,11.9725,14.0075,"Heliura"
"Heliura_sp_823",8.48,11.28,13.38,"Heliura"
"Heliura_sp_828",8.48,13.38,16.225,"Heliura"
"Hyalurga_fenestra_1006",NA,21.15,26.61,"Hyalurga"
"Hypercompe_nr_leucarctioides_1010",4.1,20.95,20.49,"Hypercompe"
"Hypercompe_nr_muzina_765",3.86666666666667,18.5133333333333,24.87,"Hypercompe"
"Hypercompe_sp_996",4.54,19.72,23.29,"Hypercompe"
"Hypocrita_nr_chalybea_903",11.705,20.15,27.8733333333333,"Hypocrita"
"Hypocrita_phanoptoides_904",10.76,25.46,33.7,"Hypocrita"
"Hypocrita_sp_905",11.39,15.84,29.795,"Hypocrita"
"Idalus_carinosa_933",8.475,12.855,14.92,"Idalus"
"Idalus_cf_aleteria_932",8,19.49,20.97,"Idalus"
"Idalus_nr_sublineata_936",9.79,13.98,18.69,"Idalus"
"Idalus_tybris_937",8.68,17.35,18.955,"Idalus"
"Isanthrene_meridensis_831",8.37,14.855,16.995,"Isanthrene"
"Isanthrene_sp_832",7.875,13.6,15.59,"Isanthrene"
"Ischnognatha_nr_leucapera_939",10.41,16,16.54,"Ischnognatha"
"Isognathus_scyron_106",32.35,36.95,34.29,"Isognathus"
"Isostola_cf_nigrivenata_1375",NA,21.25,23.94,"Isostola"
"Kirrostola_metaxantha_gr_940/941",8.555,12.6,13.4266666666667,"Kirrostola"
"Lophocampa_sp_1357",7.76,13.62,19.17,"Lophocampa"
"Lophocampa_sp_943",8.515,13.345,16.87,"Lophocampa"
"Lophocampa_sp_944",5.98,12.1133333333333,14.48,"Lophocampa"
"Lophocampa_sp_945",7.76,11.08,15.085,"Lophocampa"
"Loxophlebia_cf_flavipicta_1253",8,8.995,9.3,"Loxophlebia"
"Loxophlebia_cf_semifulva_997",8,9.42,9.79,"Loxophlebia"
"Loxophlebia_sp_1272",6.98,10.168,11.458,"Loxophlebia"
"Lycomorphodes_correbiodes_gr_2096",3.04333333333333,6.3,8.44666666666667,"Lycomorphodes"
"Macrocneme_semiviridis_219",8.04,14.68,17.965,"Macrocneme"
"Macrocneme_sp_833",8.04,13.88,16.98,"Macrocneme"
"Macroptila_sp_857",8.1,10.7083333333333,16.4933333333333,"Macroptila"
"Manduca_dalica_107",96.09,49.25,52.495,"Manduca"
"Manduca_florestan_112",69.38,46.445,51.1,"Manduca"
"Manduca_peggyae_108",32.68,47.39,47.44,"Manduca"
"Manduca_sp_140",61.8,39.81,47.11,"Manduca"
"Manduca_sp_141",64.96,42.22,47.99,"Manduca"
"Manduca_sp_142",60.4,45.83,49.96,"Manduca"
"Melese_cf_asana_1041",8.07,12.3533333333333,13.7433333333333,"Melese"
"Melese_cf_incertus_1044",7.65833333333333,11.87,13.625,"Melese"
"Melese_nr_intensa_948",11.2233333333333,16.65,20.4025,"Melese"
"Melese_nr_laodamia_947",7.93,14.555,16.035,"Melese"
"Melese_sp_1023",8.17,12.36,13.12,"Melese"
"Melese_sp_946",8.17,11.77,11.87,"Melese"
"Melese_sp_949",8.53694444444444,13.18,15.66,"Melese"
"Munona_sp_934",7.42,14.18,23.53,"Munona"
"Napata_leucotelus_847",NA,11.21,13.98,"Napata"
"Ochrodota_pronapioides_951",4.56,9.44,13.405,"Ochrodota"
"Ochrodota_sp_1077",4.56,14.02,16.16,"Ochrodota"
"Odozana_cf_inconspicua_1322",3.42,7.145,7.78,"Odozana"
"Odozana_sp_879",3.42,7.645,8.86,"Odozana"
"Ormetica_nr_contraria_1030",10.23,14.1,15.425,"Ormetica"
"Ormetica_sp_993",10.11,17.195,18.05,"Ormetica"
"Ormetica_sypilus_2013",10.3066666666667,15.98,17.35,"Ormetica"
"Oryba_kadeni_127",28.66,49.85,51.65,"Oryba"
"Pachydota_sp_1411",NA,21.78,28.08,"Pachydota"
"Pachydota_sp_nr_952",NA,19.01,24.1,"Pachydota"
"Pachylia_darceta_113",34.165,48.875,50.895,"Pachylia"
"Parathyris_cedonulli_954",5.69,20.925,26.71,"Parathyris"
"Pareuchaetes_insulata_955",5.71,12.65,12.78,"Pareuchaetes"
"Pelochyta_amyeaderae_1067",13.3425,18.435,23.17,"Pelochyta"
"Pelochyta_sp_1350",13.34,14.045,15.755,"Pelochyta"
"Pelochyta_sp_1358",13.34,15.375,21.88,"Pelochyta"
"Phaemolis_(cf)_cf_curvena_1360",11.59,17.61,20.74,"Phaemolis"
"Phaeomolis_nr_polystria_956",11.59,17.25,19.78,"Phaeomolis"
"Pheia_nr_albisigna_834",8.415,14.095,13.99,"Pheia"
"Poecilosoma_sp_785",10.94,13.9275,16.9425,"Poecilosoma"
"Poliopastea_sp_835",7.44,12.4,15.31,"Poliopastea"
"Poliopastea_sp_836",7.44,12.63,14.91,"Poliopastea"
"Prepiella_pexicera_1326",2.7,4.9325,6.2625,"Prepiella"
"Prosopidia_sp_1216",8.5,15.17,18.32,"Prosopidia"
"Protambulux_eurycles_115",34,50.81,57.08,"Protambulux"
"Protambulyx_sp_116",34,36.75,41.8,"Protambulyx"
"Pryteria_colombiana_958",NA,15.84,16.59,"Pryteria"
"Pseudalyctia_sp_844",NA,11.89,14.46,"Pseudalyctia"
"Pseudepimolis_sp_959",4.57,13.7085714285714,15.6828571428571,"Pseudepimolis"
"Pseudepimolis_sp_960",4.2,12.31,12.28,"Pseudepimolis"
"Pseudophaloe_tellinoides_906",NA,19.23,26.245,"Pseudophaloe"
"Pseudosphenoptera_nr_cocho_838",8.81,12.61,15.75,"Pseudosphenoptera"
"Psilopleura_haematica_1113",5.61,9.35,12.9866666666667,"Psilopleura"
"Psoloptera_thoracica_1228",NA,9.48,15.28,"Psoloptera"
"Rhabdatomis_sp_1055",2.64,7.42,9.248,"Rhabdatomis"
"Ripha_flammans_961",6.85,26.26,29.5,"Ripha"
"Robinsonia_deiopea_962",0.89,14.65,20.7,"Robinsonia"
"Robinsonia_sp_1349",0.89,12.82,14.955,"Robinsonia"
"Sarosa_(cf)_sp_839",NA,12.92,17.34,"Sarosa"
"Saurita_(Valvaminor)_nr_temenus_1125",6.29,12.95,15.7925,"Saurita"
"Saurita_cf_tipulina_1145",5.842,9.346,10.72,"Saurita"
"Saurita_sanguinea_1142",5.39,8.23,10.93,"Saurita"
"Saurita_sp_1394",5.95,10.33,14.22,"Saurita"
"Saurita_sp_840",5.95,7.565,8.555,"Saurita"
"Saurita_sp_998",5.95,8.89,9.86,"Saurita"
"Scaptius_asteroides_963",8.57333333333333,13.6366666666667,14.8233333333333,"Scaptius"
"Scaptius_nr_chrysopera_964",9.21,10.9,11.79,"Scaptius"
"Scaptius_nr_vinasia_965",10.165,13.9166666666667,14.31,"Scaptius"
"Sciopsyche_nr_tropica_2009",NA,12.475,17.645,"Sciopsyche"
"Selenarctia_cf_schausi_1084",10.11,19.875,21.96,"Selenarctia"
"Sutonocrea_cf_reducta_1356",NA,12.65,14.35,"Sutonocrea"
"Sychesia_naias_966",12.59,19.08,24.425,"Sychesia"
"Symphlebia_nr_perflua_967",3.26,16.155,22.19,"Symphlebia"
"Symphlebia_tessellata_1260",3.06,17.2033333333333,19.9666666666667,"Symphlebia"
"Talara_cf_lepida_1319",3.21,4.68333333333333,4.19666666666667,"Talara"
"Talara_cf_minynthadia_1336",3.44333333333333,5.40666666666667,7.48666666666667,"Talara"
"Talara_cf_violescens_1397",3.21,7.535,7.3,"Talara"
"Talara_nr_cara_884",3.59,6.49,7.305,"Talara"
"Talara_semiflava_882",3.9,6.345,8.21,"Talara"
"Talara_sp_883",1.07,3.61333333333333,4.76666666666667,"Talara"
"Telioneura_nr_glaucopsis_843",7.145,11.76,15.375,"Telioneura"
"Theages_decorum_1278",7.8,13.515,18.59,"Theages"
"Theages_sp_819",7.81,12.775,16.58,"Theages"
"Thyrgis_militta_907",9.41,13.57,23.71,"Thyrgis"
"Thysanoprymna_hampsoni_gr_2113",8.63,14.51,19.51,"Thysanoprymna"
"Trichromia_cardinalis_gr_974",8.35,13.05,15.61,"Trichromia"
"Trichromia_cf_atta_970",7.12333333333333,10.485,11.8875,"Trichromia"
"Trichromia_cf_metapyria_1417",8.32,16.14,17.21,"Trichromia"
"Trichromia_nr_discophora_973",12.74,17.9666666666667,18.6066666666667,"Trichromia"
"Trichromia_nr_rhodocraspis_971",8,11.405,14.315,"Trichromia"
"Trichromia_sp_1416",8.32,11.88,14.17,"Trichromia"
"Trichromia_sp_969",9.17333333333333,11.7825,13.445,"Trichromia"
"Trichromia_sp_972",6.4,8.45333333333333,10.22,"Trichromia"
"Trichromia_sp_975",8.32,9.2,11.2,"Trichromia"
"Trichromia_sp_976",8.32,10.095,10.355,"Trichromia"
"Trichromia_sp_977",8.32,9.945,11.52,"Trichromia"
"Trichromia_sp_978",8.92,10.805,12.515,"Trichromia"
"Tricypha_imperialis_980",9.48,14.24,16.09,"Tricypha"
"Uranophora_walkeri_1176",5.96,11.23,13.885,"Uranophora"
"Virbia_spp_766",0.1,11.3714285714286,15.4628571428571,"Virbia"
"Watsonidia_reimonan_982",8.63,14.08,15.27,"Watsonidia"
"Xenosoma_cf_bryki_908",NA,16.45,22.69,"Xenosoma"
"Xylophanes_corpus_124",27.385,37.42,33.615,"Xylophanes"
"Xylophanes_loelia_121",36.92,40.54,32.78,"Xylophanes"
"Xylophanes_small_nr_143",38.59,41.91,37.61,"Xylophanes"
"Xylophanes_sp_118",45.5,53.19,45.56,"Xylophanes"
"Xylophanes_sp_123",34.07,47.78,41.13,"Xylophanes"
"Xylophanes_sp_136",30.5,39.22,33.17,"Xylophanes"
"Xylophanes_sp_139",32.1,49.36,41.31,"Xylophanes"
"Xylophanes_sp_143",31.6,24.57,35.04,"Xylophanes"
"Xylophanes_thyelia_117",28.86,27.68,24.06,"Xylophanes"
"Xylophanes_titana_120",32.56,42.03,33.45,"Xylophanes"
"Xylophanes_zurcheri_122",43.8,47.48,43.1,"Xylophanes"
"Zatrephes_sp_983",1,15.725,19.765,"Zatrephes"
"cf_Metaxantha_atribasis_1365",NA,13.79,14.19,"cf"
"Hypanthidioides_sp",NA,NA,NA,"Hypanthidioides"
"Megachile_cf_amparo",NA,NA,NA,"Megachile"
"Agylla_sp_859",8.32858333333333,11.8977666666667,16.0046666666667,"Agylla"
"Balbura_cf_dorsigiana_894",8.38,11.4,14.06,"Balbura"
"Brachyglene_cf_schausi",NA,NA,NA,"Brachyglene"
"Episcepsis_hypoleuca_gr_803",7.4575,13.236875,15.859375,"Episcepsis"
"Episcepsis_hypoleuca_gr_804",7.4575,13.236875,15.859375,"Episcepsis"
"Kirrostola_sp_nr_940",8.555,12.6,13.4266666666667,"Kirrostola"
"Telioneura_nr_glaucopis_843",7.145,11.76,15.375,"Telioneura"
"Protambulyx_eurycles_115",34,36.75,41.8,"Protambulyx"
