"plant_species","FruitWidth","Height","CropMass","CorLength","Genus"
"Theobroma_cacao",79.12,4.88203342618384,3469.93436532508,0.100001,"Theobroma"
"Manihot_esculenta",15.6785714285714,5,29.7214285714286,4.400001,"Manihot"
"Lantana_sp.",3.44666666666667,4.3,86.592,8.500001,"Lantana"
"Cecropia_insignis",11.096875,25.25,226.858125,1e-06,"Cecropia"
"Cecropia_hispidissima",5.63045454545454,18.3714285714286,127.009993506494,1e-06,"Cecropia"
"Artocarpus_heterophyllus",212,5,NA,NA,"Artocarpus"
"A-CR1301",9.6155,1,1157.1,NA,"A-CR1301"
"Psidium_guajava",48.5833333333333,6.37777777777778,870.833333333333,1e-06,"Psidium"
"Chrysophyllum_cainito",44.5,13,1620.54,NA,"Chrysophyllum"
"Persea_americana",64.2266666666667,14,988,NA,"Persea"
"Borojoa_sp.",NA,8.5,NA,NA,"Borojoa"
"A-CA6401",NA,16,NA,NA,"A-CA6401"
"Cecropia_garciae",8.36366477272727,22.1538461538462,176.934059253247,1e-06,"Cecropia"
"Miconia_conocuatrecasii",4.89990099009901,9.12232558139535,103.648822682268,1e-06,"Miconia"
"Miconia_conocuatrecasii",4.89990099009901,9.12232558139535,103.648822682268,5.700001,"Miconia"
"A-CR0101",15.4775,2,131.25,NA,"A-CR0101"
"Piper_grande",12.5333333333333,2.25,151.883333333333,1e-06,"Piper"
"Palicourea_timbiquensis",6.509,6.94615384615385,112.725,22.400001,"Palicourea"
"Vismia_baccifera",9.48320754716981,11.3203703703704,1704.24223512337,1e-06,"Vismia"
"A-CR1601",2.201,1.25,49,NA,"A-CR1601"
"A-CR1303",5.544,6.25,36.9,NA,"A-CR1303"
"Banara_guianensis",9.105375,13.7694214876033,1426.78735294118,1e-06,"Banara"
"Miconia_centronioides",6.03566666666667,3.41818181818182,135.952363636364,2.65010875862069,"Miconia"
"Trema_micrantha",16.2320833333333,17.4545454545455,309.303977272727,NA,"Trema"
"Maytenus_macrocarpa",13.4765,26.5,4162.45,NA,"Maytenus"
"Miconia_multiplicata",5.09338983050847,9,145.727845061114,2.65010875862069,"Miconia"
"Miconia_sp3",4.74,2.18181818181818,16.0125,2.65010875862069,"Miconia"
"Wettinia_quinaria",18.1231666666667,14.1332859174964,3812.96461538462,1e-06,"Wettinia"
"Pentagonia_macrophylla",6.403,10.1428571428571,41.16,NA,"Pentagonia"
"Damburneya_purpurea",10.879,25,856.7,NA,"Damburneya"
"Coussarea_latifolia",31.196,13,204.75,NA,"Coussarea"
"Piper_pequeina",9.20320987654321,2.2962962962963,251.974622770919,1e-06,"Piper"
"A-CR0501",13.391,2,107.028,NA,"A-CR0501"
"Exarata_chocoensis",19.948,17.7714285714286,1189.332,38.300001,"Exarata"
"A-CR0601",11.53,31,377.6,NA,"A-CR0601"
"Turpinia_occidentalis",9.43769230769231,16.2917525773196,942.711538461538,3.100001,"Turpinia"
"Pleuranthodendron_lindenii",NA,19,NA,NA,"Pleuranthodendron"
"Otoba_novogranatensis",25.3966666666667,15.2858895705521,6567.92,1e-06,"Otoba"
"Coffea_arabica",11.747,5.18333333333333,470,1e-06,"Coffea"
"Miconia_'grande'",8.97742857142857,8.61538461538461,567.307692307692,2.65010875862069,"Miconia"
"Palicourea_paratinctoria",5.1625,6.07692307692308,80.6224615384616,12.550001,"Palicourea"
"Ficus_brevibracteata",10.0915,19.8333333333333,157.185,NA,"Ficus"
"A-PR2204",6.91,0.545454545454545,26.6606060606061,NA,"A-PR2204"
"Bactris_setulosa",19.349696969697,14.9,1137.89393939394,NA,"Bactris"
"Palicourea_guianensis",5.61983333333333,11.6,136.362487179487,14.000001,"Palicourea"
"A-CR1111",5.3905,1,19.738,NA,"A-CR1111"
"Virola_elongata",29.8975,28,4240.25,1.900001,"Virola"
"A-PR3201",5.16530612244898,4.88888888888889,34.4440816326531,NA,"A-PR3201"
"A-CR1202",4.918,1,2.4,NA,"A-CR1202"
"Guatteria_pittieri",4.6075,13.705,258.3,1e-06,"Guatteria"
"A-CR1302",6.6675,2,27.625,NA,"A-CR1302"
"Grias_peruviana",58.865,10.1459459459459,5967,1e-06,"Grias"
"Margaritaria_nobilis",9.699,21,246,NA,"Margaritaria"
"Palicourea_pseudaxillaris",5.188,6.53333333333333,215.74,6.700001,"Palicourea"
"Miconia_sp5",4.434,1.16666666666667,4.91733333333333,2.65010875862069,"Miconia"
"A-CR1803",7.169,4,988,NA,"A-CR1803"
"Socratea_exorrhiza",28.186,26.5,131.325,NA,"Socratea"
"Eschweilera_decolorans",25.96875,56,1976.25,1e-06,"Eschweilera"
"Sterculia_corrugata",18.82,46,5640,NA,"Sterculia"
"Nectandra_guadaripo",8.372,48,696,NA,"Nectandra"
"Trichilia_surinamensis",10.678,15.5625,851.4,1e-06,"Trichilia"
"A-OG3801",6.508,24,583.2,NA,"A-OG3801"
"Iriartea_deltoidea",11.8963414634146,16.807650273224,5035.9725,1e-06,"Iriartea"
"Ficus_pertusa",10.586,20,146.16,NA,"Ficus"
"Licania_glauca",11.67,26,1535.55,NA,"Licania"
"Miconia_cooperi",2.2905,8.15,1.52166666666667,2.400001,"Miconia"
"Carapa_guianensis",94.17,11.9208333333333,4543.7,4.000001,"Carapa"
"Hortia_brasiliana",24.985,20.1636363636364,1197,1.000001,"Hortia"
"Virola_pavonis",20.1446153846154,23.7777777777778,2170.38461538462,1.900001,"Virola"
"A-PR2101",21.9005,1,924.12,NA,"A-PR2101"
"Matisia_longipes",19.2836363636364,23.6,1152.8,21.150001,"Matisia"
"Conceveiba_martiana",33.091,30.25,2677.5,NA,"Conceveiba"
"Caryocar_glabrum",12.7842857142857,43,13892.5714285714,NA,"Caryocar"
"Guarea_macrophylla",9.165,35,2232,9.200001,"Guarea"
"Guarea_guidonia",14.236,42,560,9.200001,"Guarea"
"Guarea_cartaguenya",10.1012424242424,32,1032.12121212121,9.200001,"Guarea"
"Hymenolobium_heterocarpum",NA,38.5,NA,NA,"Hymenolobium"
"Apeiba_membranacea",47.54,15.663125,12605.3571428571,1e-06,"Apeiba"
"Croton_tessmannii",16.307,19,245.7,NA,"Croton"
"Brosimum_utile",22.1132352941176,33.0588235294118,2084.68300653595,NA,"Brosimum"
"Daphnopsis_occulta",27.175,24,2380,NA,"Daphnopsis"
"Gustavia_hexapetala",NA,33,NA,NA,"Gustavia"
"Sorocea_jaramilloi",11.7743333333333,18.2,704.733333333333,NA,"Sorocea"
"Guarea_bullata",6.90272727272727,18.6666666666667,304.363636363636,9.200001,"Guarea"
"Myrcia_aliena",13.827,15,1334.25,NA,"Myrcia"
"Matisia_bracteolosa",15.575,46,1600,21.150001,"Matisia"
"Osteophloeum_platyspermum",30.2507692307692,47,51999.2307692308,NA,"Osteophloeum"
"Otoba_gracilipes",15.16,35,2756.52,1e-06,"Otoba"
"Tetrorchidium_andinum",6.292,28,598,NA,"Tetrorchidium"
"A-OG4401",14.635,3,32.2,NA,"A-OG4401"
"Prestoea_ensiformis",11.8978333333333,13.25,788.77375,NA,"Prestoea"
"Couepia_subcordata",6.563,34,93,NA,"Couepia"
"Andira_taurotesticulata",36.0157142857143,16.0222222222222,6896.44666666667,5.400001,"Andira"
"Theobroma_gileri",79.12,10.5071428571429,3469.93436532508,1e-06,"Theobroma"
"Brosimum_guianense",15.7733333333333,40,450,NA,"Brosimum"
"Protium_ecuadorense",27.66125,32.625,9859.85,6.000001,"Protium"
"A-OG4701",59.9483333333333,3,931.71,NA,"A-OG4701"
"Protium_colombianum",38.853,52,520.6,6.000001,"Protium"
"OG48199",NA,32,NA,NA,"OG48199"
"Pourouma_guianensis",18.1233333333333,34.1666666666667,2507.77777777778,NA,"Pourouma"
"Henriettella_lawrancei",3.64047619047619,5.5,30.0238095238095,NA,"Henriettella"
"Hieronyma_alchorneoides",3.31,16.4113636363636,333.88,1e-06,"Hieronyma"
"Jacaratia_spinosa",27.835,22,616.1,NA,"Jacaratia"
"Klarobelia_megalocarpa",25.3255555555556,21,14112.2222222222,NA,"Klarobelia"
"Clarisia_racemosa",30.666,39,2015,NA,"Clarisia"
"Virola_reidii",21.247,15.9260273972603,2606,1.900001,"Virola"
"OG52-22",NA,28,NA,NA,"OG52-22"
"Quararibea_caldasiana",NA,24,NA,NA,"Quararibea"
"Isertia_pittieri",13.1802083333333,10.7257142857143,1065.20297619048,66.300001,"Isertia"
"A-PA5301",4.1905,0.5,6.6,NA,"A-PA5301"
"A-PA5601",4.804,0.75,32.3866666666667,NA,"A-PA5601"
"A-PA5701",9.908,17,1905.9375,NA,"A-PA5701"
"A-PR1901",8.684,4,301.2,NA,"A-PR1901"
"Cupania_americana",NA,9,NA,NA,"Cupania"
"Handroanthus_chrysanthus",4.042,18,173.6,NA,"Handroanthus"
"A-PR2202",26.4033333333333,1,236.837142857143,NA,"A-PR2202"
"Anthurium_sp1",16.15,2,15.54,0.400001,"Anthurium"
"Bixa_orellana",33.935,3,322.92,NA,"Bixa"
"Allophylus_angustatus",8.658,19,244.8,NA,"Allophylus"
"Meliosma_herbertii",24.691,17,279.584,NA,"Meliosma"
"A-PR2401",NA,NA,NA,NA,"A-PR2401"
"Matisia_castano",17.4293181818182,11,1376.4,21.150001,"Matisia"
"Miconia_montana",1.625,12.8888888888889,9.625,2.65010875862069,"Miconia"
"A-PR2601",8.12,1,11.4,NA,"A-PR2601"
"A-PR2801",7.0925,1,8.5,NA,"A-PR2801"
"Palicourea_chimboracensis",5.61983333333333,3.66666666666667,136.362487179487,12.550001,"Palicourea"
"Ficus_maxima",33.685,46,13626,NA,"Ficus"
"Poulsenia_armata",NA,21,NA,NA,"Poulsenia"
"A-PR3302",5.362,NA,NA,NA,"A-PR3302"
"A-PR3301",7.706,2,45.75,NA,"A-PR3301"
"A-PR3401",15.441,6,198,NA,"A-PR3401"
"Eugenia_multirimosa",10.5427777777778,29.5,487.5,NA,"Eugenia"
"A-PR3601",8.307,3,196.8,NA,"A-PR3601"
"Aegiphila_alba",NA,25.5,NA,NA,"Aegiphila"
"Beilschmiedia_costaricensis",NA,8.9,NA,NA,"Beilschmiedia"
"Bunchosia_nitida",NA,NA,NA,NA,"Bunchosia"
"Byrsonima_ligustrifolia",NA,30.2,NA,NA,"Byrsonima"
"Casearia_arborea",5.5,18,NA,NA,"Casearia"
"Cecropia_membranacea",8.36366477272727,21.9250915750916,176.934059253247,1e-06,"Cecropia"
"Citronella_incarum",NA,10.7,NA,NA,"Citronella"
"Cordia_alliodora",4,30,NA,3.400001,"Cordia"
"Coussapoa_contorta",NA,20,NA,1e-06,"Coussapoa"
"Dacryodes_cupularis",NA,14.625,NA,NA,"Dacryodes"
"Dendropanax_oblonga",NA,10.2,NA,NA,"Dendropanax"
"Discophora_guianensis",NA,9.2,NA,NA,"Discophora"
"Faramea_langlassei",NA,12.5,NA,14.900001,"Faramea"
"Fusispermum_minutiflorum",NA,11.525,NA,NA,"Fusispermum"
"Genipa_americana",75,15,NA,NA,"Genipa"
"Hieronyma_macrocarpa",25,17.5,333.88,1e-06,"Hieronyma"
"Inga_oerstediana",NA,12.1934782608696,NA,24.100001,"Inga"
"Lozania_klugii",NA,8.3,NA,NA,"Lozania"
"Miconia_dorsiloba",4.76198575733784,8.75,123.08915296093,2.65010875862069,"Miconia"
"Minquartia_guianensis",NA,28.45,NA,NA,"Minquartia"
"Naucleopsis_chiguila",NA,13.08,NA,NA,"Naucleopsis"
"Nectandra_paucinervia",8.372,9,696,NA,"Nectandra"
"Neosprucea_pedicellata",NA,13.325,NA,NA,"Neosprucea"
"Piper_longifolium",5,5.4,201.928978052126,1e-06,"Piper"
"Piper_multiplinervium",8.91218106995885,3.31543209876543,201.928978052126,1e-06,"Piper"
"Piper_ottoniifolium",8.91218106995885,3.31543209876543,201.928978052126,1e-06,"Piper"
"Piptocoma_discolor",4,30,NA,NA,"Piptocoma"
"Pouteria_caimito",121,33.33,NA,NA,"Pouteria"
"Pouteria_gigantea",121,12.7,NA,NA,"Pouteria"
"Pouteria_leptopedicellata",121,31.9,NA,NA,"Pouteria"
"Saurauia_herthae",NA,7.1,NA,NA,"Saurauia"
"Solanum_jamaicense",1.75,7.5,NA,1e-06,"Solanum"
"Trema_integerrima",16.2320833333333,34.5,309.303977272727,NA,"Trema"
"Allamanda_cathartica",NA,3,NA,36.800001,"Allamanda"
"Drymonia_Alloplectoides",NA,3,NA,35.300001,"Drymonia"
"Annona_sp.",NA,NA,NA,6.700001,"Annona"
"Desmodium_sp.1",NA,5,NA,3.800001,"Desmodium"
"Desmodium_sp._2",NA,1,NA,1.600001,"Desmodium"
"Sauvagesia_erecta",NA,0.5,NA,1e-06,"Sauvagesia"
"Xiphidium_caeruleum",NA,2,NA,1e-06,"Xiphidium"
"Cecropia_sp.",8.36366477272727,21.9250915750916,176.934059253247,1e-06,"Cecropia"
"Eschweilera_rimbachii",25.96875,11.4642857142857,1976.25,1e-06,"Eschweilera"
"Heliconia_sp._1",NA,5,NA,50.200001,"Heliconia"
"Gasteranthus_sp._1",NA,5,NA,16.100001,"Gasteranthus"
"Hydrocotyle_bonplandii",NA,1,NA,0.100001,"Hydrocotyle"
"Emilia_Sonchifolia",NA,1,NA,5.400001,"Emilia"
"Adenostemma_sp.",NA,1,NA,2.700001,"Adenostemma"
"Desmodium_sp._3",NA,5,NA,2.100001,"Desmodium"
"Drymonia_Coriacea",NA,1.5,NA,23.100001,"Drymonia"
"Ageratum_conyzoides",NA,0.5,NA,3.600001,"Ageratum"
"Asystasia_intrusa",NA,0.5,NA,11.700001,"Asystasia"
"Sida_Poeppigiana",NA,5,NA,1e-06,"Sida"
"Aneilema_umbrosum",NA,1,NA,1e-06,"Aneilema"
"Erycina_pusilla",NA,5,NA,1e-06,"Erycina"
"Goeppertia_Cyclophora",NA,1,NA,23.800001,"Goeppertia"
"Sabicea_villosa",NA,3,NA,6.100001,"Sabicea"
"Spermacoce_Remota",NA,0.5,NA,2.600001,"Spermacoce"
"Ischnosiphon_leucophaeus",NA,2,NA,10.500001,"Ischnosiphon"
"Solanum_sp._1",1.75,5,NA,1e-06,"Solanum"
"Mikania_sp._1",NA,3,NA,4.100001,"Mikania"
"Urena_lobata",NA,5,NA,1e-06,"Urena"
"Miconia_Granatensis",4.77577728061396,1,121.145119933064,4.000001,"Miconia"
"Drymonia_warszewicziana",NA,1.5,NA,28.100001,"Drymonia"
"Mimosa_polydactyla",NA,3,NA,1.900001,"Mimosa"
"Inga_sp._1",NA,13.084027266028,NA,4.900001,"Inga"
"Guzmania_remyi",NA,5,NA,17.000001,"Guzmania"
"Alibertia_patinoi",NA,8.98888888888889,NA,35.100001,"Alibertia"
"Xylosma_tessmannii",NA,8.8,NA,1e-06,"Xylosma"
"Psychotria_sp._1",NA,NA,NA,2.400001,"Psychotria"
"Faramea_sp._1",NA,5,NA,7.200001,"Faramea"
"Columnea_Herthae",NA,5,NA,17.000001,"Columnea"
"Drymonia_Dodsonii",NA,5,NA,18.500001,"Drymonia"
"Swartzia_haughtii",NA,9.45,NA,1e-06,"Swartzia"
"Prestonia_aff._Ipomaeifolia",NA,5,NA,20.200001,"Prestonia"
"Protium_sp._1",33.257125,42.3125,5190.225,6.000001,"Protium"
"Gasteranthus_timidus",NA,5,NA,1e-06,"Gasteranthus"
"Tabernaemontana_sp.",NA,9.18888888888889,NA,27.100001,"Tabernaemontana"
"Blakea_sp._1",NA,NA,NA,1e-06,"Blakea"
"Piper_sp._1",8.91218106995885,5,201.928978052126,1e-06,"Piper"
"Schistocarpha_eupatorioides",NA,5,NA,5.500001,"Schistocarpha"
"Phaseolus_sp.",NA,1,NA,4.300001,"Phaseolus"
"Costus_pulverulentus",NA,2,NA,33.500001,"Costus"
"Miconia_nervosa",4.77577728061396,5,121.145119933064,3.800001,"Miconia"
"Calathea_lutea",NA,1,NA,35.300001,"Calathea"
"Inga_sp._2",NA,13.084027266028,NA,24.800001,"Inga"
"Schlegelia_fastigiata",NA,5,NA,17.400001,"Schlegelia"
"Cavendishia_sp._1",NA,1.5,NA,30.200001,"Cavendishia"
"Hillia_palmana",NA,5,NA,22.500001,"Hillia"
"Nomopyle/_Monopyle_dodsonii",NA,2,NA,13.800001,"Nomopyle/"
"Solanum_sp._2",1.75,5,NA,1e-06,"Solanum"
"Miconia_rubescens",4.77577728061396,5,121.145119933064,1e-06,"Miconia"
"Helia_alata",NA,0.5,NA,19.500001,"Helia"
"Cyperus_luzulae",NA,1,NA,1e-06,"Cyperus"
"Hyptis_verticillata",NA,5,NA,1.300001,"Hyptis"
"Ludwigia_erecta",NA,5,NA,1e-06,"Ludwigia"
"Ludwigia_octovalvis",NA,5,NA,1e-06,"Ludwigia"
"Hyptis_sp._1",NA,1,NA,2.500001,"Hyptis"
"Gonzalagunia_hirsuta",NA,5,NA,6.600001,"Gonzalagunia"
"Lantana_Camara",3.44666666666667,5,86.592,8.500001,"Lantana"
"Varronia_sp.",NA,5,NA,4.100001,"Varronia"
"Siparuna_Thecaphora",NA,5,NA,1e-06,"Siparuna"
"Nepsera_aquatica",NA,5,NA,2.200001,"Nepsera"
"Gasteranthus_villosus",NA,5,NA,36.800001,"Gasteranthus"
"Phytolacca_rivinioides",NA,5,NA,1e-06,"Phytolacca"
"Triolena_sp._1",NA,1,NA,1e-06,"Triolena"
"Witheringia_solanacea",NA,5,NA,1.500001,"Witheringia"
"Tripogandra_serrulata",NA,5,NA,1.300001,"Tripogandra"
"Burmeistera_smaragdi",NA,5,NA,14.400001,"Burmeistera"
"Hamelia_macrantha",NA,5,NA,27.400001,"Hamelia"
"Trichodrymonia_hypocyrta",NA,1,NA,23.900001,"Trichodrymonia"
"Begonia_semiovata",NA,0.5,NA,1e-06,"Begonia"
"Klaprothia_fasciculata",NA,0.5,NA,2.000001,"Klaprothia"
"Piper_sp._2",8.91218106995885,5,201.928978052126,1e-06,"Piper"
"Monopyle_sodiroana",NA,1,NA,14.000001,"Monopyle"
"Aciotis_sp._1",NA,1,NA,2.400001,"Aciotis"
"Hyptis_sp._2",NA,1,NA,1.500001,"Hyptis"
"Miconia_Dependens",4.77577728061396,5,121.145119933064,2.400001,"Miconia"
"Rhynchospora_Radicans",NA,1,NA,5.100001,"Rhynchospora"
"Chaeotgastra_sp.",NA,1,NA,2.000001,"Chaeotgastra"
"Cuphea_sp._1",NA,1,NA,5.700001,"Cuphea"
"Piper_Marginatum",8.91218106995885,5,201.928978052126,1e-06,"Piper"
"Heliconia_sp._2",NA,5,NA,29.700001,"Heliconia"
"Justicia_sp._1",NA,1,NA,7.400001,"Justicia"
"Clibadium_Grandifolium",NA,5,NA,2.600001,"Clibadium"
"Heliconia_curtispatha",NA,2,NA,35.800001,"Heliconia"
"Anthurium_Ochreatum",16.15,5,15.54,1e-06,"Anthurium"
"Miconia_spadiciflora",4.77577728061396,5,121.145119933064,4.800001,"Miconia"
"Costus_Laevis",NA,2,NA,54.600001,"Costus"
"Miconia_Explicita",4.77577728061396,5,121.145119933064,1e-06,"Miconia"
"Anthurium_sp._1",16.15,1,15.54,1e-06,"Anthurium"
"Calathea_guzmanioides",NA,1,NA,33.100001,"Calathea"
"Miconia_Crenata",4.77577728061396,5,121.145119933064,1e-06,"Miconia"
"Cayaponia_sp._1",NA,5,NA,25.000001,"Cayaponia"
"Sievekingia_rhonhofiae",NA,5,NA,1e-06,"Sievekingia"
"Burmeistera_sp._1",NA,5,NA,12.800001,"Burmeistera"
"Pilea_Pteropodon",NA,5,NA,1e-06,"Pilea"
"Costus_cordatus",NA,2,NA,38.200001,"Costus"
"Mikania_sp._2",NA,3,NA,4.300001,"Mikania"
"Elephantopus_mollis",NA,1,NA,3.400001,"Elephantopus"
"Cyperus_sp.",NA,1,NA,1.400001,"Cyperus"
"Eschweilera_awaensis",25.96875,18.7,1976.25,1e-06,"Eschweilera"
"Cuphea_sp._2",NA,1,NA,5.500001,"Cuphea"
"Solanum_umbellatum",1.75,5,NA,1e-06,"Solanum"
"Inga_chocoensis",NA,13.9745762711864,NA,15.200001,"Inga"
"Goeppertia_Micans",NA,1,NA,7.900001,"Goeppertia"
"Paspalum_sp._1",NA,1,NA,1.100001,"Paspalum"
"Paspalum_sp._2",NA,1,NA,1.200001,"Paspalum"
"Paspalum_sp._3",NA,1,NA,1.150001,"Paspalum"
"Clibadium_eggersii",NA,5,NA,0.900001,"Clibadium"
"Chaptalia_nutans",NA,1,NA,8.300001,"Chaptalia"
"Urochloa_sp.",NA,1,NA,3.500001,"Urochloa"
"Mandevilla_sagittarii",NA,5,NA,60.700001,"Mandevilla"
"Aciotis_sp._2",NA,1,NA,1.800001,"Aciotis"
"Faramea_Hyacinthina",NA,8.275,NA,6.700001,"Faramea"
"Goeppertia_Macrosepala",NA,1,NA,28.400001,"Goeppertia"
"Triolena_Auriculata_",NA,1,NA,2.500001,"Triolena"
"Inga_sp.",NA,13.084027266028,NA,7.000001,"Inga"
"Vanilla_Pompona_or_rivasii",NA,5,NA,44.700001,"Vanilla"
"Notopleura_longipedunculoides",NA,5,NA,4.900001,"Notopleura"
"Columnea_medicinalis",NA,5,NA,41.100001,"Columnea"
"Faramea_sp.",NA,8.275,NA,33.300001,"Faramea"
"Compsoneura_atopa",NA,16.4727272727273,NA,1e-06,"Compsoneura"
"Clusia_sp._1",NA,NA,NA,1e-06,"Clusia"
"Anthurium_sp._2",16.15,15,15.54,1.600001,"Anthurium"
"Miconia_sp._1",4.77577728061396,5,121.145119933064,3.400001,"Miconia"
"Miconia_Rubescens",4.77577728061396,5.05531850353893,121.145119933064,3.300001,"Miconia"
"Miconia_sp._2",4.77577728061396,5.05531850353893,121.145119933064,2.100001,"Miconia"
"Miconia_sp._3",4.77577728061396,5,121.145119933064,2.600001,"Miconia"
"Trichospermum_galeottii",NA,NA,NA,1e-06,"Trichospermum"
"Palicourea_sp._1",5.61983333333333,7.01589743589744,136.362487179487,8.600001,"Palicourea"
"Rinorea_arborea",NA,NA,NA,1e-06,"Rinorea"
"Miconia_sp._4",4.77577728061396,5.05531850353893,121.145119933064,1.800001,"Miconia"
"Cavendishia_sp._2",NA,1.5,NA,32.3666676666667,"Cavendishia"
"Miconia_sp._5",4.77577728061396,5,121.145119933064,3.000001,"Miconia"
"Tabebuia_sp.",NA,NA,NA,52.600001,"Tabebuia"
"Tabernaemontana_amygdalifolia",NA,9.18888888888889,NA,24.000001,"Tabernaemontana"
"Miconia_sp._6",4.77577728061396,5,121.145119933064,3.600001,"Miconia"
"Cremosperma_Nobile",NA,5,NA,16.100001,"Cremosperma"
"Cordia_lucidula",4,14.2,NA,3.400001,"Cordia"
"Psammisia_sp._1",NA,NA,NA,27.100001,"Psammisia"
"Ipomoea_Philomega",NA,15,NA,44.700001,"Ipomoea"
"Matisia_cordata",17.4293181818182,7.71428571428571,1376.4,22.700001,"Matisia"
"Burmeistera_sp._2",NA,5,NA,10.700001,"Burmeistera"
"Eschweilera_rimbachii",25.96875,11.4642857142857,1976.25,1e-06,"Eschweilera"
"Triolena_Pustulata",NA,1,NA,1e-06,"Triolena"
"Aciotis_sp._3",NA,1,NA,2.800001,"Aciotis"
"Columnea_picta",NA,1.5,NA,42.400001,"Columnea"
"Notopleura_Laterifolia",NA,5,NA,1.700001,"Notopleura"
"Guatteria_sp._1",4.6075,14.6775,258.3,1e-06,"Guatteria"
"Matisia_malacocalyx",17.4293181818182,7.71428571428571,1376.4,19.600001,"Matisia"
"Posoqueria_maxima",NA,NA,NA,74.200001,"Posoqueria"
"Vitex_cymosa",NA,14.0666666666667,NA,5.700001,"Vitex"
"Guarea_kunthiana",10.1012424242424,16.5117647058824,1032.12121212121,9.200001,"Guarea"
"Faramea_coffeoides",NA,7.25,NA,21.100001,"Faramea"
"Moquilea_celiae",NA,NA,NA,5.300001,"Moquilea"
"Metteniusa_tessmanniana",NA,10.6555555555556,NA,17.800001,"Metteniusa"
"Guettarda_crispiflora",NA,11.1,NA,15.900001,"Guettarda"
"Cavendishia_venosa",NA,1.5,NA,35.700001,"Cavendishia"
"Faramea_multiflora",NA,12.575,NA,6.200001,"Faramea"
"Dendrobangia_boliviana",NA,19.92,NA,1e-06,"Dendrobangia"
"Garcinia_sp.",NA,NA,NA,1e-06,"Garcinia"
"Gymnosiphon_sp._1",NA,1,NA,2.400001,"Gymnosiphon"
"Amphidasya_colombiana",NA,10.5,NA,2.600001,"Amphidasya"
"Pseudelephantopus_spiralis",NA,1,NA,5.500001,"Pseudelephantopus"
"Manettia_sp._1",NA,5,NA,11.900001,"Manettia"
"Guzmania_monostachia",NA,5,NA,24.300001,"Guzmania"
"Aciotis_sp._4",NA,1,NA,2.100001,"Aciotis"
"Heliconia_bihai",NA,2,NA,47.300001,"Heliconia"
"Aspidogyne_maculata",NA,2,NA,2.700001,"Aspidogyne"
"Miconia_sp._7",4.77577728061396,5,121.145119933064,2.55172513793103,"Miconia"
"Miconia_sp._8",4.77577728061396,5,121.145119933064,3.000001,"Miconia"
"Miconia_purpureoviolacea",4.77577728061396,5,121.145119933064,2.200001,"Miconia"
"Faramea_sp.",NA,8.275,NA,14.900001,"Faramea"
"Blakea_sp._2",NA,NA,NA,3.700001,"Blakea"
"Spigelia_Pedunculata",NA,5,NA,13.000001,"Spigelia"
"Trichodrymonia_binata",NA,5,NA,27.800001,"Trichodrymonia"
"Blakea_sp._3",NA,NA,NA,3.700001,"Blakea"
"Urceolina_astrophiala",NA,2,NA,25.700001,"Urceolina"
"Cremosperma_aff._Nobile",NA,5,NA,16.100001,"Cremosperma"
"Macleania_sp._1",NA,1.5,NA,20.600001,"Macleania"
"Eschweilera_Ovata",25.96875,13.8761904761905,1976.25,1e-06,"Eschweilera"
"Macleania_sp._2",NA,1.5,NA,22.100001,"Macleania"
"Brownea_macrophylla",NA,NA,NA,26.600001,"Brownea"
"Gurania_Pedata",NA,5,NA,19.200001,"Gurania"
"Drymonia_sp._1",NA,5,NA,28.500001,"Drymonia"
"Geonoma_Tenuissima",NA,5,NA,1.600001,"Geonoma"
"Trichilia_Pallida",10.678,15.5625,851.4,6.300001,"Trichilia"
"Symphonia_globulifera",NA,17.3166666666667,NA,10.200001,"Symphonia"
"Anthopterus_cuneatus",NA,5,NA,8.200001,"Anthopterus"
"Triolena_Barbeyana",NA,5,NA,2.700001,"Triolena"
"Psiguria_Triphylla",NA,3,NA,13.900001,"Psiguria"
"Glossoloma_sprucei",NA,5,NA,49.900001,"Glossoloma"
"Columnea_angustata",NA,5,NA,30.100001,"Columnea"
"Miconia_sp._9",4.77577728061396,5.05531850353893,121.145119933064,4.100001,"Miconia"
"Anthurium_Dolichostachyum",16.15,5,15.54,1e-06,"Anthurium"
"Glossoloma_aff._Panamese",NA,5,NA,35.100001,"Glossoloma"
"Columnea_sp.",NA,4.3,NA,26.700001,"Columnea"
"Guzmania_conglomerata",NA,5,NA,20.650001,"Guzmania"
"Drymonia_turrialvae",NA,5,NA,43.700001,"Drymonia"
"Jacaranda_copaia",NA,18.4339285714286,NA,32.200001,"Jacaranda"
"Pleurothallis_dibolia",NA,5,NA,1e-06,"Pleurothallis"
"Vandellia_diffusa",NA,0.5,NA,4.600001,"Vandellia"
"Ocotea_sp._1",NA,NA,NA,1e-06,"Ocotea"
"Sphyrospermum_campanulatum",NA,5,NA,6.400001,"Sphyrospermum"
"Miconia_sp._10",4.77577728061396,5.05531850353893,121.145119933064,2.800001,"Miconia"
"Aciotis_sp._5",NA,1,NA,2.100001,"Aciotis"
"Torenia_crustacea",NA,0.5,NA,4.900001,"Torenia"
"Cuphea_sp._3",NA,1,NA,4.700001,"Cuphea"
"Ruellia_blechum",NA,5,NA,11.500001,"Ruellia"
"Miconia_sp._11",4.77577728061396,5,121.145119933064,2.55172513793103,"Miconia"
"c._Solanum_sp._3",NA,5,NA,1e-06,"c."
"c._Solanum_sp._4",NA,5,NA,1e-06,"c."
"Murdannia_nudiflora",NA,0.5,NA,NA,"Murdannia"
"Triolena_sp._2",NA,5,NA,2.900001,"Triolena"
"Miconia_sp._12",4.77577728061396,5.05531850353893,121.145119933064,0.900001,"Miconia"
"Chomelia_tenuiflora",NA,12.8,NA,20.600001,"Chomelia"
"Miconia_sp._13",4.77577728061396,5.05531850353893,121.145119933064,2.200001,"Miconia"
"Piper_sp._3",8.91218106995885,5,201.928978052126,1e-06,"Piper"
"Amphidasya_Amethystina",NA,5,NA,7.500001,"Amphidasya"
"Miconia_trichocalyx",4.77577728061396,3,121.145119933064,4.200001,"Miconia"
"Guatteria_microcarpa",4.6075,15.65,258.3,1e-06,"Guatteria"
"Cavendishia_sp._1",NA,1.5,NA,31.200001,"Cavendishia"
"Piper_peltatum",8.91218106995885,1,201.928978052126,1e-06,"Piper"
"Chrysothemis_friedrichsthaliana",NA,1,NA,17.900001,"Chrysothemis"
"Witheringia_sp._1",NA,5,NA,2.300001,"Witheringia"
"Laportea_sp._1",NA,1,NA,NA,"Laportea"
"Xanthosoma_sagittifolium",NA,5,NA,1e-06,"Xanthosoma"
"Miconia_sp._14",4.77577728061396,5,121.145119933064,2.700001,"Miconia"
"Gasteranthus_sp._2",NA,5,NA,24.900001,"Gasteranthus"
"Microchilus_querceticola",NA,2,NA,2.300001,"Microchilus"
"Passiflora_sp._1",NA,5,NA,30.800001,"Passiflora"
"Emilia_Fosbergii",NA,1,NA,8.000001,"Emilia"
"Hyptis_Atrorubens",NA,1,NA,3.300001,"Hyptis"
"Bidens_bipinnata",NA,0.5,NA,3.000001,"Bidens"
"Begonia_fischeri",NA,5,NA,1e-06,"Begonia"
"Browallia_americana",NA,0.5,NA,14.000001,"Browallia"
"Sabicea_Camporum",NA,5,NA,6.100001,"Sabicea"
"Banisteriopsis_sp._1",NA,15,NA,1e-06,"Banisteriopsis"
"Cajanus_cajan",NA,5,NA,4.800001,"Cajanus"
"Pseudelephantopus_sp.",NA,1,NA,5.500001,"Pseudelephantopus"
"Aciotis_sp._6",NA,1,NA,2.200001,"Aciotis"
"Ochroma_pyramidale",NA,10.8125,NA,90.500001,"Ochroma"
"Drymaria_cordata",NA,1,NA,NA,"Drymaria"
"Cocos_nucifera",NA,6.925,NA,1e-06,"Cocos"
"Laportea_aestuans",NA,0.5,NA,NA,"Laportea"
"Hippobroma_longiflora",NA,1,NA,82.600001,"Hippobroma"
"Xanthosoma_sp._1",NA,5,NA,1e-06,"Xanthosoma"
"Calathea_crotalifera",NA,1,NA,26.800001,"Calathea"
"Tournefortia_gigantifolia",NA,NA,NA,16.300001,"Tournefortia"
"Peperomia_Serpens_or_ciliaris",NA,5,NA,1e-06,"Peperomia"
"Besleria_sp._1",NA,5,NA,33.500001,"Besleria"
"Mendoncia_sp.",NA,3,NA,50.200001,"Mendoncia"
"Columnea_rubriacuta",NA,5,NA,40.800001,"Columnea"
"Philodendron_sp._1",NA,NA,NA,1e-06,"Philodendron"
"Miconia_Rubra",4.77577728061396,5,121.145119933064,4.100001,"Miconia"
"Piper_sp._4",8.91218106995885,4.2,201.928978052126,1e-06,"Piper"
"Philodendron_sp._2",NA,NA,NA,1e-06,"Philodendron"
"Sobralia_chrysostoma",NA,1,NA,56.300001,"Sobralia"
"Struthanthus_sp.",NA,15,NA,1.400001,"Struthanthus"
"Miconia_goniostigma",4.77577728061396,5,121.145119933064,2.300001,"Miconia"
"Sphyrospermum_Buxifolium",NA,5,NA,3.900001,"Sphyrospermum"
"Paradrymonia_sp._1",NA,5,NA,47.900001,"Paradrymonia"
"Blakea_sp._4",NA,NA,NA,3.700001,"Blakea"
"Palicourea_sp._2",5.61983333333333,7.01589743589744,136.362487179487,22.500001,"Palicourea"
"Geonoma_sp._1",NA,5,NA,1.600001,"Geonoma"
"Anthurium_andraeanum",16.15,3,15.54,0.400001,"Anthurium"
"Miconia_sp.",4.77577728061396,5.05531850353893,121.145119933064,2.700001,"Miconia"
"Cuphea_sp._4",NA,1,NA,5.300001,"Cuphea"
"Palicourea_Pseudaxillaris",5.61983333333333,7.01589743589744,136.362487179487,6.400001,"Palicourea"
"Burmeistera_sp._3",NA,5,NA,12.6333343333333,"Burmeistera"
"Anthurium_Carinatum",16.15,5,15.54,0.400001,"Anthurium"
"Palicourea_Tomentosa",5.61983333333333,5,136.362487179487,14.800001,"Palicourea"
"Macleania_sp._3",NA,1.5,NA,21.350001,"Macleania"
"Gurania_Eriantha",NA,5,NA,8.900001,"Gurania"
"Peperomia_pernambucensis",NA,5,NA,1e-06,"Peperomia"
"Miconia_sp._14",4.77577728061396,5,121.145119933064,4.200001,"Miconia"
"Palicourea_Acuminata",5.61983333333333,5,136.362487179487,5.000001,"Palicourea"
"Sciodaphyllum_Sphaerocoma",NA,NA,NA,NA,"Sciodaphyllum"
"Napeanthus_robustus",NA,1,NA,1.800001,"Napeanthus"
"Monolena_primuliflora",NA,5,NA,4.000001,"Monolena"
"Scaphyglottis_prolifera",NA,5,NA,4.100001,"Scaphyglottis"
"Trichopilia_Subulata",NA,5,NA,6.600001,"Trichopilia"
"Carapa_megistocarpa",94.17,11.55,4543.7,2.200001,"Carapa"
"Blakea_sp._5",NA,NA,NA,3.700001,"Blakea"
"Blakea_sp._6",NA,NA,NA,7.400001,"Blakea"
"Miconia_sp._15",4.77577728061396,5,121.145119933064,1.400001,"Miconia"
"Coussapoa_villosa",NA,16.8952380952381,NA,1e-06,"Coussapoa"
"Vernonanthura_patens",NA,9.22654320987654,NA,NA,"Vernonanthura"
"Croton_lechmani",16.307,19,245.7,NA,"Croton"
"Baltimora_recta",NA,NA,NA,NA,"Baltimora"
"Cecropia_spc",8.36366477272727,21.9250915750916,176.934059253247,1e-06,"Cecropia"
"Cenchrus_incertus",NA,NA,NA,NA,"Cenchrus"
"Chelonanthus_acutangulus",NA,NA,NA,NA,"Chelonanthus"
"Clibadium_grandifolium",NA,5,NA,1.750001,"Clibadium"
"Clusia_fructiangusta",NA,NA,NA,1e-06,"Clusia"
"Emilia_sonchifolia",NA,1,NA,6.700001,"Emilia"
"Emilia_spc",NA,1,NA,6.700001,"Emilia"
"Hyptis_atrorubens",NA,2,NA,2.150001,"Hyptis"
"Mikania_laevigata",NA,3,NA,4.200001,"Mikania"
"Myriocarpa_cordifolia",NA,NA,NA,NA,"Myriocarpa"
"Piper_marginatum",8.91218106995885,3.79792368125701,201.928978052126,1e-06,"Piper"
"Spermacoce_alata",NA,0.5,NA,2.600001,"Spermacoce"
"Tabernaemontana_elegans",NA,9.18888888888889,NA,25.550001,"Tabernaemontana"
"Urochloa_comata",NA,1,NA,3.500001,"Urochloa"
"Urochloa_ruziziensis",NA,1,NA,3.500001,"Urochloa"
"Allophylus_dodsonii",8.658,19,244.8,NA,"Allophylus"
"Asteraceae_spc",NA,NA,NA,NA,"Asteraceae"
"Baccharis_sp._Pennington_1090",NA,NA,NA,NA,"Baccharis"
"Benzingia_hirtzii",NA,NA,NA,NA,"Benzingia"
"Bidens_pilosa",NA,0.5,NA,3.000001,"Bidens"
"Bignonia_binata",NA,NA,NA,NA,"Bignonia"
"Bignoniaceae_spc",NA,NA,NA,NA,"Bignoniaceae"
"Blakea_subconnata",NA,NA,NA,3.700001,"Blakea"
"Canavalia_oxyphylla",NA,NA,NA,NA,"Canavalia"
"Caryophyllaceae_spc",NA,NA,NA,NA,"Caryophyllaceae"
"Catasetum_expansum",NA,NA,NA,NA,"Catasetum"
"Cavendishia_grandifolia",NA,1.5,NA,32.3666676666667,"Cavendishia"
"Cestrum_schlechtendalii",NA,NA,NA,NA,"Cestrum"
"Chromolaena_horminoides",NA,NA,NA,NA,"Chromolaena"
"Chromolaena_laevigata",NA,NA,NA,NA,"Chromolaena"
"Clusia_rigida",NA,NA,NA,1e-06,"Clusia"
"Coryanthes_elegantium",NA,NA,NA,NA,"Coryanthes"
"Coryanthes_macrantha",NA,NA,NA,NA,"Coryanthes"
"Coryanthes_spc",NA,NA,NA,NA,"Coryanthes"
"Dressleria_sp._BGM_11/1194",NA,NA,NA,NA,"Dressleria"
"Drymonia_aciculata",NA,3.5,NA,29.5333343333333,"Drymonia"
"Drymonia_alloplectoides",NA,3.5,NA,29.5333343333333,"Drymonia"
"Drymonia_macrophylla",NA,3.5,NA,29.5333343333333,"Drymonia"
"Drymonia_serrulata",NA,3.5,NA,29.5333343333333,"Drymonia"
"Fleischmannia_pycnocephala",NA,NA,NA,NA,"Fleischmannia"
"Gongora_armeniaca",NA,NA,NA,NA,"Gongora"
"Gongora_gratulabunda",NA,NA,NA,NA,"Gongora"
"Gongora_spc",NA,NA,NA,NA,"Gongora"
"Gongora_sphaerica",NA,NA,NA,NA,"Gongora"
"Guarea_guentheri",10.1012424242424,28.8356862745098,1032.12121212121,9.200001,"Guarea"
"Huntleya_wallisii",NA,NA,NA,NA,"Huntleya"
"Kefersteinia_maculosa",NA,NA,NA,NA,"Kefersteinia"
"Lamiales_spc",NA,NA,NA,NA,"Lamiales"
"Lantana_camara",3.44666666666667,4.65,86.592,8.500001,"Lantana"
"Magnoliopsida_spc",NA,NA,NA,NA,"Magnoliopsida"
"Mandevilla_spc",NA,5,NA,60.700001,"Mandevilla"
"Miconia_sp.1",4.77577728061396,5.43225998364211,121.145119933064,2.65010875862069,"Miconia"
"Mormodes_punctata",NA,NA,NA,NA,"Mormodes"
"Orchidaceae_spc",NA,NA,NA,NA,"Orchidaceae"
"Parkia_multijuga",NA,NA,NA,NA,"Parkia"
"Paullinia_clathrata",NA,NA,NA,NA,"Paullinia"
"Pilopogon_laevis",NA,NA,NA,NA,"Pilopogon"
"Piper_cavendishioides",8.91218106995885,3.79792368125701,201.928978052126,1e-06,"Piper"
"Piper_flagellicuspe",8.91218106995885,3.79792368125701,201.928978052126,1e-06,"Piper"
"Piper_hispidum",8.91218106995885,3.79792368125701,201.928978052126,1e-06,"Piper"
"Polycycnis_ornata",NA,NA,NA,NA,"Polycycnis"
"Primulaceae_spc",NA,NA,NA,NA,"Primulaceae"
"Sida_acuta",NA,5,NA,1e-06,"Sida"
"Sievekingia_spc",NA,5,NA,1e-06,"Sievekingia"
"Sobralia_bimaculata",NA,1,NA,56.300001,"Sobralia"
"Sobralia_ecuadorana",NA,1,NA,56.300001,"Sobralia"
"Stanhopea_pulla",NA,NA,NA,NA,"Stanhopea"
"Stanhopea_spc",NA,NA,NA,NA,"Stanhopea"
"Stellaria_spc",NA,NA,NA,NA,"Stellaria"
"Swartzia_haughthii",NA,9.45,NA,1e-06,"Swartzia"
"Thymelaeaceae_spc",NA,NA,NA,NA,"Thymelaeaceae"
"Tournefortia_hirsutissima",NA,NA,NA,16.300001,"Tournefortia"
"Tovomita_spc",NA,NA,NA,NA,"Tovomita"
"Tropaeolum_repandum",NA,NA,NA,NA,"Tropaeolum"
"Acalypha_diversifolia",NA,NA,NA,NA,"Acalypha"
"Acalypha_spc",NA,NA,NA,NA,"Acalypha"
"Arecaceae_spc",NA,NA,NA,NA,"Arecaceae"
"Artocarpus_altilis",212,5,NA,NA,"Artocarpus"
"Aspidosperma_myristicifolium",NA,NA,NA,NA,"Aspidosperma"
"Aspidosperma_spruceanum",NA,NA,NA,NA,"Aspidosperma"
"Brosimum_spc",18.9432843137255,36.5294117647059,1267.34150326797,NA,"Brosimum"
"Cantinoa_mutabilis",NA,NA,NA,NA,"Cantinoa"
"Carludovica_palmata",NA,NA,NA,NA,"Carludovica"
"Carludovica_spc",NA,NA,NA,NA,"Carludovica"
"Cayaponia_amazonica",NA,5,NA,25.000001,"Cayaponia"
"Cayaponia_citrullifolia",NA,5,NA,25.000001,"Cayaponia"
"Cayaponia_pilosa",NA,5,NA,25.000001,"Cayaponia"
"Cecropia_reticulata",8.36366477272727,21.9250915750916,176.934059253247,1e-06,"Cecropia"
"Chrysobalanaceae_spc",NA,NA,NA,NA,"Chrysobalanaceae"
"Chrysochlamys_allenii",NA,NA,NA,NA,"Chrysochlamys"
"Clarisia_biflora",30.666,39,2015,NA,"Clarisia"
"Clusia_divaricata",NA,NA,NA,1e-06,"Clusia"
"Clusia_flavida",NA,NA,NA,1e-06,"Clusia"
"Clusia_lineata",NA,NA,NA,1e-06,"Clusia"
"Clusia_magnoliiflora",NA,NA,NA,1e-06,"Clusia"
"Clusia_nemorosa",NA,NA,NA,1e-06,"Clusia"
"Clusia_sp._JA_3854",NA,NA,NA,1e-06,"Clusia"
"Clusia_spc",NA,NA,NA,1e-06,"Clusia"
"Clusia_valerioi",NA,NA,NA,1e-06,"Clusia"
"Clusiaceae_spc",NA,NA,NA,NA,"Clusiaceae"
"Columnea_colombiana",NA,4.3,NA,33.0166676666667,"Columnea"
"Condea_verticillata",NA,NA,NA,NA,"Condea"
"Conostegia_cuatrecasasii",NA,NA,NA,NA,"Conostegia"
"Conostegia_sp.1",NA,NA,NA,NA,"Conostegia"
"Cybianthus_kayapii",NA,NA,NA,NA,"Cybianthus"
"Dalbergia_spc",NA,NA,NA,NA,"Dalbergia"
"Dendropanax_macrophyllum",NA,10.2,NA,NA,"Dendropanax"
"Digitaria_sanguinalis",NA,NA,NA,NA,"Digitaria"
"Eugenia_crassimarginata",10.5427777777778,29.5,487.5,NA,"Eugenia"
"Eugenia_oerstediana",10.5427777777778,29.5,487.5,NA,"Eugenia"
"Garcinia_madruno",NA,NA,NA,1e-06,"Garcinia"
"Gasteranthus_calcaratus",NA,5,NA,19.450001,"Gasteranthus"
"Grias_colombiana",58.865,10.1459459459459,5967,1e-06,"Grias"
"Heisteria_concinna",NA,NA,NA,NA,"Heisteria"
"Henriettella_odorata",3.64047619047619,5.5,30.0238095238095,NA,"Henriettella"
"Hoffmannia_nicotianifolia",NA,NA,NA,NA,"Hoffmannia"
"Huberodendron_patinoi",NA,NA,NA,NA,"Huberodendron"
"Hydrocotyle_spc",NA,1,NA,0.100001,"Hydrocotyle"
"Hyptis_lappulacea",NA,2,NA,2.150001,"Hyptis"
"Hyptis_ramosa",NA,2,NA,2.150001,"Hyptis"
"Lantana_achyranthifolia",3.44666666666667,4.65,86.592,8.500001,"Lantana"
"Lantana_trifolia",3.44666666666667,4.65,86.592,8.500001,"Lantana"
"Loranthaceae_spc",NA,NA,NA,NA,"Loranthaceae"
"Malpighiaceae_spc",NA,NA,NA,NA,"Malpighiaceae"
"Malpighiales_spc",NA,NA,NA,NA,"Malpighiales"
"Manekia_naranjoana",NA,NA,NA,NA,"Manekia"
"Marila_alternifolia",NA,NA,NA,NA,"Marila"
"Marila_laxiflora",NA,NA,NA,NA,"Marila"
"Matayba_scrobiculata",NA,NA,NA,NA,"Matayba"
"Melothria_pendula",NA,NA,NA,NA,"Melothria"
"Melothria_scabra",NA,NA,NA,NA,"Melothria"
"Meriania_subumbellata",NA,NA,NA,NA,"Meriania"
"Miconia_affinis",4.77577728061396,5.43225998364211,121.145119933064,2.65010875862069,"Miconia"
"Miconia_conocentronioides",4.77577728061396,5.43225998364211,121.145119933064,2.65010875862069,"Miconia"
"Miconia_elata",4.77577728061396,5.43225998364211,121.145119933064,2.65010875862069,"Miconia"
"Miconia_laxivenula",4.77577728061396,5.43225998364211,121.145119933064,2.65010875862069,"Miconia"
"Mikania_cordifolia",NA,3,NA,4.200001,"Mikania"
"Mikania_micrantha",NA,3,NA,4.200001,"Mikania"
"Mikania_spc",NA,3,NA,4.200001,"Mikania"
"Mikania_vitifolia",NA,3,NA,4.200001,"Mikania"
"Monopyle_macrocarpa",NA,1,NA,14.000001,"Monopyle"
"Moraceae_spc",NA,NA,NA,NA,"Moraceae"
"Musa_acuminata",NA,NA,NA,NA,"Musa"
"Myrcia_fallax",13.827,15,1334.25,NA,"Myrcia"
"Myrcia_palustris",13.827,15,1334.25,NA,"Myrcia"
"Myrcia_splendens",13.827,15,1334.25,NA,"Myrcia"
"Neea_CR11-16",NA,NA,NA,NA,"Neea"
"Neea_parviflora",NA,NA,NA,NA,"Neea"
"Neurolaena_lobata",NA,NA,NA,NA,"Neurolaena"
"Neustanthus_phaseoloides",NA,NA,NA,NA,"Neustanthus"
"Norantea_guianensis",NA,NA,NA,NA,"Norantea"
"Ossaea_quadrisulca",NA,NA,NA,NA,"Ossaea"
"Palicourea_allenii",5.61983333333333,6.58707692307692,136.362487179487,12.550001,"Palicourea"
"Palicourea_chignul",5.61983333333333,6.58707692307692,136.362487179487,12.550001,"Palicourea"
"Paspalum_conjugatum",NA,1,NA,1.150001,"Paspalum"
"Paspalum_dilatatum",NA,1,NA,1.150001,"Paspalum"
"Paspalum_juergensii",NA,1,NA,1.150001,"Paspalum"
"Passovia_pyrifolia",NA,NA,NA,NA,"Passovia"
"Peperomia_spc",NA,5,NA,1e-06,"Peperomia"
"Perebea_spc",NA,NA,NA,NA,"Perebea"
"Phyllanthus_spc",NA,NA,NA,NA,"Phyllanthus"
"Phyllanthus_stipulatus",NA,NA,NA,NA,"Phyllanthus"
"Piper_appendiculatum",8.91218106995885,3.79792368125701,201.928978052126,1e-06,"Piper"
"Piper_arcteacuminatum",8.91218106995885,3.79792368125701,201.928978052126,1e-06,"Piper"
"Piper_brachypodon",8.91218106995885,3.79792368125701,201.928978052126,1e-06,"Piper"
"Piper_oxystachyum",8.91218106995885,3.79792368125701,201.928978052126,1e-06,"Piper"
"Piper_spc",8.91218106995885,3.79792368125701,201.928978052126,1e-06,"Piper"
"Piper_umbellatum",8.91218106995885,3.79792368125701,201.928978052126,1e-06,"Piper"
"Piper_xanthostachyum",8.91218106995885,3.79792368125701,201.928978052126,1e-06,"Piper"
"Pleurothyrium_sp.1",NA,NA,NA,NA,"Pleurothyrium"
"Poaceae_spc",NA,NA,NA,NA,"Poaceae"
"Podandrogyne_macrophylla",NA,NA,NA,NA,"Podandrogyne"
"Pourouma_minor",18.1233333333333,34.1666666666667,2507.77777777778,NA,"Pourouma"
"Pouteria_reticulata",121,25.9766666666667,NA,NA,"Pouteria"
"Protium_altissimum",33.257125,42.3125,5190.225,6.000001,"Protium"
"Pseudelephantopus_spc",NA,1,NA,5.500001,"Pseudelephantopus"
"Psychotria_marginata",NA,NA,NA,2.400001,"Psychotria"
"Psychotria_nubiphila",NA,NA,NA,2.400001,"Psychotria"
"Psychotria_spc",NA,NA,NA,2.400001,"Psychotria"
"Rhexia_nashii",NA,NA,NA,NA,"Rhexia"
"Rhexia_spc",NA,NA,NA,NA,"Rhexia"
"Rubiaceae_PR21-2_spc",NA,NA,NA,NA,"Rubiaceae"
"Sapium_glandulosum",NA,NA,NA,NA,"Sapium"
"Sciodaphyllum_pedicillatum",NA,NA,NA,NA,"Sciodaphyllum"
"Senna_spc",NA,NA,NA,NA,"Senna"
"Simarouba_amara",NA,NA,NA,NA,"Simarouba"
"Sloanea_spc",NA,NA,NA,NA,"Sloanea"
"Souroubea_guianensis",NA,NA,NA,NA,"Souroubea"
"Steinchisma_laxum",NA,NA,NA,NA,"Steinchisma"
"Stellaria_media",NA,NA,NA,NA,"Stellaria"
"Tabernaemontana_columbiensis",NA,9.18888888888889,NA,25.550001,"Tabernaemontana"
"Talisia_spc",NA,NA,NA,NA,"Talisia"
"Tapirira_guianensis",NA,NA,NA,NA,"Tapirira"
"Tovomita_weddelliana",NA,NA,NA,NA,"Tovomita"
"Trattinnickia_aspera",NA,NA,NA,NA,"Trattinnickia"
"Trichilia_rubra",10.678,15.5625,851.4,3.150001,"Trichilia"
"Trichilia_septentrionalis",10.678,15.5625,851.4,3.150001,"Trichilia"
"Triolena_pileoides",NA,2.6,NA,1.620001,"Triolena"
"Vicia_sativa",NA,NA,NA,NA,"Vicia"
"Vismia_cayennensis",9.48320754716981,11.3203703703704,1704.24223512337,1e-06,"Vismia"
"Zanthoxylum_kellermanii",NA,NA,NA,NA,"Zanthoxylum"
"Palicourea_acanthacea",5.61983333333333,6.58707692307692,136.362487179487,12.550001,"Palicourea"
"Moringa_oleifera",NA,NA,NA,NA,"Moringa"
"Moringa_spc",NA,NA,NA,NA,"Moringa"
"Piper_augustum",8.91218106995885,3.79792368125701,201.928978052126,1e-06,"Piper"
"Gurania_sp._MAG-2009",NA,5,NA,14.050001,"Gurania"
"Napeanthus_sp._Clark_7604",NA,1,NA,1.800001,"Napeanthus"
"Perebea_xanthochyma",NA,NA,NA,NA,"Perebea"
"Piper_pseudogaragaranum",8.91218106995885,3.79792368125701,201.928978052126,1e-06,"Piper"
"Arachis_pintoi",NA,NA,NA,NA,"Arachis"
"Ipomoea_philomega",NA,15,NA,44.700001,"Ipomoea"
"Clidemia_dentata",NA,NA,NA,NA,"Clidemia"
"Cyathula_prostrata",NA,NA,NA,NA,"Cyathula"
"Cyperus_spc",NA,1,NA,0.700001,"Cyperus"
"Digitaria_ischaemum",NA,NA,NA,NA,"Digitaria"
"Hidalgoa_spc",NA,NA,NA,NA,"Hidalgoa"
"Inga_manabiensis",NA,13.084027266028,NA,15.200001,"Inga"
"Ludwigia_hyssopifolia",NA,5,NA,1e-06,"Ludwigia"
"Melanthera_nivea",NA,NA,NA,NA,"Melanthera"
"Solanum_schlechtendalianum",1.75,5.625,NA,1e-06,"Solanum"
"Solanum_spc",1.75,5.625,NA,1e-06,"Solanum"
"Spermacoce_remota",NA,0.5,NA,2.600001,"Spermacoce"
"Sphyrospermum_microphyllum",NA,5,NA,5.150001,"Sphyrospermum"
"Triplaris_cumingiana",NA,NA,NA,NA,"Triplaris"
"Virola_aff._Reidii",23.7630384615385,22.567935058346,3005.54487179487,1.900001,"Virola"
"Bunchosia_cornifolia",NA,NA,NA,NA,"Bunchosia"
"Ficus_sp._Clement_184",18.1208333333333,28.6111111111111,4643.115,NA,"Ficus"
"Marcgravia_umbellata",NA,NA,NA,NA,"Marcgravia"
"Solanaceae_spc",NA,NA,NA,NA,"Solanaceae"
"Vitex_orinocensis",NA,14.0666666666667,NA,5.700001,"Vitex"
"Adenostemma_spc",NA,1,NA,2.700001,"Adenostemma"
"Heliotropiaceae_spc",NA,NA,NA,NA,"Heliotropiaceae"
"Inga_spc",NA,13.084027266028,NA,15.200001,"Inga"
"Guarea_gentryi",10.1012424242424,28.8356862745098,1032.12121212121,9.200001,"Guarea"
"Meliaceae_spc",NA,NA,NA,NA,"Meliaceae"
"Pouteria_spc",121,25.9766666666667,NA,NA,"Pouteria"
"Ruagea_glabra",NA,NA,NA,NA,"Ruagea"
"Sapotaceae_sp_JSA315_spc",NA,NA,NA,NA,"Sapotaceae"
"Trichilia_pallida",10.678,15.5625,851.4,3.150001,"Trichilia"
"Guarea_spc",10.1012424242424,28.8356862745098,1032.12121212121,9.200001,"Guarea"
"Gurania_acuminata",NA,5,NA,14.050001,"Gurania"
"Pouteria_torta",121,25.9766666666667,NA,NA,"Pouteria"
"Solanum_lycopersicum",1.75,5.625,NA,1e-06,"Solanum"
"Cestrum_spc",NA,NA,NA,NA,"Cestrum"
"Citharexylum_spc",NA,NA,NA,NA,"Citharexylum"
"Pouteria_lucumifolia",121,25.9766666666667,NA,NA,"Pouteria"
"Chrysophyllum_eximium",44.5,13,1620.54,NA,"Chrysophyllum"
"Sapotaceae_spc",NA,NA,NA,NA,"Sapotaceae"
"Chrysophyllum_argenteum",44.5,13,1620.54,NA,"Chrysophyllum"
"Myriopus_spc",NA,NA,NA,NA,"Myriopus"
"Paullinia_spc",NA,NA,NA,NA,"Paullinia"
"Alchorneopsis_floribunda",NA,NA,NA,NA,"Alchorneopsis"
"Fabaceae_spc",NA,NA,NA,NA,"Fabaceae"
"Combretum_spc",NA,NA,NA,NA,"Combretum"
"Lucuma_domingensis",NA,NA,NA,NA,"Lucuma"
"Matayba_sp.1",NA,NA,NA,NA,"Matayba"
"Vicia_villosa",NA,NA,NA,NA,"Vicia"
"Croton_lechleri",16.307,19,245.7,NA,"Croton"
"Fimbristylis_spc",NA,NA,NA,NA,"Fimbristylis"
"Heliotropium_arborescens",NA,NA,NA,NA,"Heliotropium"
"Isertia_laevis",13.1802083333333,10.7257142857143,1065.20297619048,66.300001,"Isertia"
"Isertia_spc",13.1802083333333,10.7257142857143,1065.20297619048,66.300001,"Isertia"
"Euphorbiaceae_spc",NA,NA,NA,NA,"Euphorbiaceae"
"Passiflora_macrophylla",NA,5,NA,30.800001,"Passiflora"
"Plukenetia_lehmanniana",NA,NA,NA,NA,"Plukenetia"
"Bauhinia_pichinchensis",NA,NA,NA,NA,"Bauhinia"
"Macleania_smithiana",NA,1.5,NA,21.350001,"Macleania"
"Prestonia_ipomaeifolia",NA,5,NA,20.200001,"Prestonia"
"Sapindales_spc",NA,NA,NA,NA,"Sapindales"
"Plantaginaceae_spc",NA,NA,NA,NA,"Plantaginaceae"
"Epidendrum_rigidum",NA,NA,NA,NA,"Epidendrum"
"Begonia_glabra",NA,2.75,NA,1e-06,"Begonia"
"Solanum_uncinellum",1.75,5.625,NA,1e-06,"Solanum"
"Cosmibuena_grandiflora",NA,NA,NA,NA,"Cosmibuena"
"Melastomataceae_spc",NA,NA,NA,NA,"Melastomataceae"
"Stellaria_graminea",NA,NA,NA,NA,"Stellaria"
"Pouteria_silvestris",121,25.9766666666667,NA,NA,"Pouteria"
"Morella_pubescens",NA,NA,NA,NA,"Morella"
"Solanum_dulcamara",1.75,5.625,NA,1e-06,"Solanum"
"Castilla_tunu",NA,NA,NA,NA,"Castilla"
"Cucurbita_pepo",NA,NA,NA,NA,"Cucurbita"
"Solanum_tuberosum",1.75,5.625,NA,1e-06,"Solanum"
"Codonanthopsis_crassifolia",NA,NA,NA,NA,"Codonanthopsis"
"Strychnos_cogens",NA,NA,NA,NA,"Strychnos"
"Erythrina_poeppigiana",NA,NA,NA,NA,"Erythrina"
"Phacelia_tanacetifolia",NA,NA,NA,NA,"Phacelia"
"Cecropia_pachystachya",8.36366477272727,21.9250915750916,176.934059253247,1e-06,"Cecropia"
"Cecropia_utcubambana",8.36366477272727,21.9250915750916,176.934059253247,1e-06,"Cecropia"
"Hyeronima_alchorneoides",NA,NA,NA,NA,"Hyeronima"
"Apocynaceae_spc",NA,NA,NA,NA,"Apocynaceae"
"Brownea_multijuga",NA,NA,NA,26.600001,"Brownea"
"Carica_papaya",NA,NA,NA,NA,"Carica"
"Cayaponia_austin-smithii",NA,5,NA,25.000001,"Cayaponia"
"Compsoneura_mutisii",NA,16.4727272727273,NA,1e-06,"Compsoneura"
"Cosmibuena_valerioi",NA,NA,NA,NA,"Cosmibuena"
"Dussia_lehmannii",NA,NA,NA,NA,"Dussia"
"Phanera_spc",NA,NA,NA,NA,"Phanera"
"Pulmonaria_collina",NA,NA,NA,NA,"Pulmonaria"
"Quararibea_spc",NA,24,NA,NA,"Quararibea"
"Rubiaceae_spc",NA,NA,NA,NA,"Rubiaceae"
"Schultesianthus_coriaceus",NA,NA,NA,NA,"Schultesianthus"
"Vicia_sepium",NA,NA,NA,NA,"Vicia"
"Allophylus_griseotomentosus",8.658,19,244.8,NA,"Allophylus"
"Allophylus_macrobotrys",8.658,19,244.8,NA,"Allophylus"
"Allophylus_rubifolius",8.658,19,244.8,NA,"Allophylus"
"Burmeistera_sp._1_MK-2015",NA,5,NA,12.6333343333333,"Burmeistera"
"Burmeistera_spc",NA,5,NA,12.6333343333333,"Burmeistera"
"Campanulaceae_spc",NA,NA,NA,NA,"Campanulaceae"
"Centropogon_sp._1_MK-2015",NA,NA,NA,NA,"Centropogon"
"Malvaceae_spc",NA,NA,NA,NA,"Malvaceae"
"Passiflora_auriculata",NA,5,NA,30.800001,"Passiflora"
"Piper_pseudonobile",8.91218106995885,3.79792368125701,201.928978052126,1e-06,"Piper"
"Piper_sp1",8.91218106995885,3.79792368125701,201.928978052126,1e-06,"Piper"
"Morpho_2",NA,NA,NA,NA,"Morpho"
"Piper_sp2",8.91218106995885,3.79792368125701,201.928978052126,1e-06,"Piper"
"Morpho_19",NA,NA,NA,NA,"Morpho"
"Nectandra_sp.2",8.372,28.5,696,NA,"Nectandra"
"Morpho_5",NA,NA,NA,NA,"Morpho"
"Ficus_sp1",18.1208333333333,28.6111111111111,4643.115,NA,"Ficus"
"Morpho_3",NA,NA,NA,NA,"Morpho"
"Ficus_sp2",18.1208333333333,28.6111111111111,4643.115,NA,"Ficus"
