"plant_species","FruitWidth","Height","CropMass"
"Theobroma_cacao",79.12,2.6417004048583,3469.93436532508
"Manihot_esculenta",15.6785714285714,2,29.7214285714286
"Lantana_sp.",3.44666666666667,4.3,86.592
"Cecropia_insignis",11.096875,25.25,226.858125
"Cecropia_hispidissima",5.63045454545454,18.3714285714286,127.009993506494
"Artocarpus_heterophyllus",212,5,NA
"A-CR1301",9.6155,1,1157.1
"Psidium_guajava",48.5833333333333,7.4,870.833333333333
"Chrysophyllum_cainito",44.5,13,1620.54
"Persea_americana",64.2266666666667,14,988
"Borojoa_sp.",NA,8.5,NA
"A-CA6401",NA,16,NA
"Cecropia_garciae",NA,22.1538461538462,NA
"Miconia_conocuatrecasii",4.89990099009901,6.53246753246753,103.648822682268
"A-CR0101",15.4775,2,131.25
"Piper_grande",12.5333333333333,2.25,151.883333333333
"Palicourea_timbiquensis",6.509,3.625,112.725
"Vismia_baccifera",9.48320754716981,13,1704.24223512337
"A-CR1601",2.201,1.25,49
"A-CR1303",5.544,6.25,36.9
"Banara_guianensis",9.105375,14.7647058823529,1426.78735294118
"Miconia_centronioides",6.03566666666667,3.41818181818182,135.952363636364
"Trema_micrantha",16.2320833333333,17.4545454545455,309.303977272727
"Maytenus_macrocarpa",13.4765,26.5,4162.45
"Miconia_multiplicata",5.09338983050847,9,145.727845061114
"Miconia_sp3",4.74,2.18181818181818,16.0125
"Wettinia_quinaria",18.1231666666667,18.1794871794872,3812.96461538462
"Pentagonia_macrophylla",6.403,10.1428571428571,41.16
"Damburneya_purpurea",10.879,25,856.7
"Coussarea_latifolia",31.196,13,204.75
"Piper_pequeina",9.20320987654321,2.2962962962963,251.974622770919
"A-CR0501",13.391,2,107.028
"Exarata_chocoensis",19.948,23,1189.332
"A-CR0601",11.53,31,377.6
"Turpinia_occidentalis",9.43769230769231,24.5,942.711538461538
"Pleuranthodendron_lindenii",NA,19,NA
"Otoba_novogranatensis",25.3966666666667,30.0714285714286,6567.92
"Coffea_arabica",11.747,6,470
"Miconia_'grande'",8.97742857142857,8.61538461538461,567.307692307692
"Palicourea_paratinctoria",5.1625,6.07692307692308,80.6224615384616
"Ficus_brevibracteata",10.0915,19.8333333333333,157.185
"A-PR2204",6.91,0.545454545454545,26.6606060606061
"Bactris_setulosa",19.349696969697,14.9,1137.89393939394
"Palicourea_guianensis",NA,14,NA
"A-CR1111",5.3905,1,19.738
"Virola_elongata",29.8975,28,4240.25
"A-PR3201",5.16530612244898,4.88888888888889,34.4440816326531
"A-CR1202",4.918,1,2.4
"Guatteria_pittieri",4.6075,24,258.3
"A-CR1302",6.6675,2,27.625
"Grias_peruviana",58.865,6.5,5967
"Margaritaria_nobilis",9.699,21,246
"Palicourea_pseudaxillaris",5.188,6.55555555555556,215.74
"Miconia_sp5",4.434,1.16666666666667,4.91733333333333
"A-CR1803",7.169,4,988
"Socratea_exorrhiza",28.186,26.5,131.325
"Eschweilera_decolorans",25.96875,56,1976.25
"Sterculia_corrugata",18.82,46,5640
"Nectandra_guadaripo",8.372,48,696
"Trichilia_surinamensis",10.678,18.5,851.4
"A-OG3801",6.508,24,583.2
"Iriartea_deltoidea",11.8963414634146,24.875,5035.9725
"Ficus_pertusa",10.586,20,146.16
"Licania_glauca",11.67,26,1535.55
"Miconia_cooperi",2.2905,8.6,1.52166666666667
"Carapa_guianensis",94.17,23.5,4543.7
"Hortia_brasiliana",24.985,41,1197
"Virola_pavonis",20.1446153846154,23.7777777777778,2170.38461538462
"A-PR2101",21.9005,1,924.12
"Matisia_longipes",19.2836363636364,23.6,1152.8
"Conceveiba_martiana",33.091,30.25,2677.5
"Caryocar_glabrum",12.7842857142857,43,13892.5714285714
"Guarea_macrophylla",9.165,35,2232
"Guarea_guidonia",14.236,42,560
"Guarea_cartaguenya",NA,32,NA
"Hymenolobium_heterocarpum",NA,38.5,NA
"Apeiba_membranacea",47.54,44.5,12605.3571428571
"Croton_tessmannii",16.307,19,245.7
"Brosimum_utile",22.1132352941176,33.0588235294118,2084.68300653595
"Daphnopsis_occulta",27.175,24,2380
"Gustavia_hexapetala",NA,33,NA
"Sorocea_jaramilloi",11.7743333333333,18.2,704.733333333333
"Guarea_bullata",6.90272727272727,18.6666666666667,304.363636363636
"Myrcia_aliena",13.827,15,1334.25
"Matisia_bracteolosa",15.575,46,1600
"Osteophloeum_platyspermum",30.2507692307692,47,51999.2307692308
"Otoba_gracilipes",15.16,35,2756.52
"Tetrorchidium_andinum",6.292,28,598
"A-OG4401",14.635,3,32.2
"Prestoea_ensiformis",11.8978333333333,13.25,788.77375
"Couepia_subcordata",6.563,34,93
"Andira_taurotesticulata",36.0157142857143,26.5,6896.44666666667
"Theobroma_gileri",NA,12,NA
"Brosimum_guianense",15.7733333333333,40,450
"Protium_ecuadorense",27.66125,32.625,9859.85
"A-OG4701",59.9483333333333,3,931.71
"Protium_colombianum",38.853,52,520.6
"OG48199",NA,32,NA
"Pourouma_guianensis",18.1233333333333,34.1666666666667,2507.77777777778
"Henriettella_lawrancei",3.64047619047619,5.5,30.0238095238095
"Hieronyma_alchorneoides",3.31,23.125,333.88
"Jacaratia_spinosa",27.835,22,616.1
"Klarobelia_megalocarpa",25.3255555555556,21,14112.2222222222
"Clarisia_racemosa",30.666,39,2015
"Virola_reidii",21.247,28.75,2606
"OG52-22",NA,28,NA
"Quararibea_caldasiana",NA,24,NA
"Isertia_pittieri",13.1802083333333,7.91666666666667,1065.20297619048
"A-PA5301",4.1905,0.5,6.6
"A-PA5601",4.804,0.75,32.3866666666667
"A-PA5701",9.908,17,1905.9375
"A-PR1901",8.684,4,301.2
"Cupania_americana",NA,9,NA
"Handroanthus_chrysanthus",4.042,18,173.6
"A-PR2202",26.4033333333333,1,236.837142857143
"Anthurium_sp1",16.15,2,15.54
"Bixa_orellana",33.935,3,322.92
"Allophylus_angustatus",8.658,19,244.8
"Meliosma_herbertii",24.691,17,279.584
"A-PR2401",NA,NA,NA
"Matisia_castano",NA,11,NA
"Miconia_montana",1.625,12.8888888888889,9.625
"A-PR2601",8.12,1,11.4
"A-PR2801",7.0925,1,8.5
"Palicourea_chimboracensis",NA,3.66666666666667,NA
"Ficus_maxima",33.685,46,13626
"Poulsenia_armata",NA,21,NA
"A-PR3302",5.362,NA,NA
"A-PR3301",7.706,2,45.75
"A-PR3401",15.441,6,198
"Eugenia_multirimosa",10.5427777777778,29.5,487.5
"A-PR3601",8.307,3,196.8
