Plot_ID,Lichonycteris_obscura,Choeroniscus_sp.,Glossophaga_soricina,Lonchophylla_chocoana,Lonchophylla_concava,Lonchophylla_robusta,Micronycteris_giovanniae,Micronycteris_hirsuta,Micronycteris_megalotis,Lonchorhina_aurita,Gardnerycteris_keenani,Phylloderma_stenops,Phyllostomus_discolor,Phyllostomus_elongatus,Tonatia_bakeri,Trachops_cirrhosus,Vampyrum_spectrum,Glyphonycteris_daviesi,Glyphonycteris_sylvestris,Trinycteris_nicefori,Carollia_brevicaudum,Carollia_castanea,Carollia_perspicillata,Rhinophylla_alethina,Sturnira_luisi,Sturnira_perla,Artibeus_aequatorialis,Artibeus_lituratus,Chiroderma_gorgasi,Chiroderma_salvini,Chiroderma_villosum,Dermanura_ravus,Dermanura_rosenbergi,Enchisthenes_hartii,Mesophylla_macconnelli,Platyrrhinus_dorsalis,Platyrrhinus_helleri,Platyrrhinus_matapalensis,Uroderma_convexum,Vampyressa_thyone,Vampyriscus_nymphaea,Vampyrodes_major
CA59,0,0,2,0,0,0,0,0,0,0,0,0,0,0,0,0,0,0,0,0,4,3,4,0,1,0,0,1,5,0,2,0,0,0,0,0,0,2,5,5,1,0
CA60,1,0,1,0,0,0,0,0,0,0,0,0,0,0,0,0,0,0,0,0,1,1,1,1,3,0,0,0,0,0,0,3,0,0,0,0,0,0,0,0,0,0
CA61,1,0,0,0,0,0,0,0,0,0,0,0,1,0,0,0,0,0,0,0,2,3,4,0,1,0,0,0,0,0,1,5,0,0,0,0,0,0,1,0,0,0
CA62,0,0,0,0,1,2,0,0,2,0,0,0,0,1,0,0,0,0,0,0,2,4,18,0,7,0,1,0,0,0,0,8,4,1,0,0,1,0,16,1,0,0
CA63,0,0,0,0,0,0,0,0,0,0,0,0,0,0,0,0,0,0,0,0,0,4,6,1,1,0,3,2,0,0,0,5,2,0,1,1,0,2,1,1,1,0
CA64,0,0,0,0,0,0,0,0,0,0,0,0,1,0,0,0,0,0,0,0,3,2,5,0,8,0,0,0,0,1,0,1,2,0,0,1,1,0,0,1,0,0
CR01,2,0,0,0,0,0,0,0,0,0,0,0,0,0,0,0,0,0,0,0,2,9,17,1,0,0,0,0,0,0,0,14,35,0,0,10,0,0,0,1,0,0
CR02,1,0,0,0,0,0,0,1,1,0,0,0,0,0,0,0,0,0,0,0,3,7,3,3,0,0,0,0,0,0,0,3,3,0,0,0,0,0,1,1,0,0
CR03,1,0,0,0,1,0,1,0,0,0,0,1,0,0,0,0,0,1,0,0,3,5,17,0,2,0,0,0,4,0,0,10,2,0,0,1,0,0,0,6,0,0
CR04,1,1,0,0,1,0,0,0,0,0,0,0,0,0,0,0,0,0,0,0,3,3,4,4,0,0,0,0,0,0,0,0,1,0,0,0,0,0,0,0,0,0
CR05,1,0,0,0,0,0,0,0,1,0,0,0,0,0,0,0,0,0,0,0,6,10,31,0,4,1,0,1,0,0,0,9,11,1,0,0,0,1,0,8,1,0
CR06,1,0,0,0,0,0,0,0,0,0,0,0,0,0,2,0,0,0,0,0,2,7,11,9,0,0,0,11,1,0,0,5,13,10,0,0,0,0,0,2,0,0
CR07,0,0,0,0,0,0,0,0,1,0,0,0,0,0,1,1,0,0,0,0,6,5,6,2,0,0,0,0,0,0,0,5,9,0,0,1,0,0,0,1,1,0
CR08,1,0,0,0,0,0,0,0,0,0,0,0,0,0,1,0,0,0,0,0,3,3,3,0,0,0,0,0,0,0,0,0,3,0,0,1,0,0,0,0,0,0
CR09,0,0,0,0,0,0,0,0,1,0,1,0,0,0,0,0,0,0,0,0,1,10,12,3,1,0,0,0,1,0,0,5,8,0,1,1,0,0,0,7,0,0
CR10,1,0,0,0,0,0,0,0,0,0,1,0,0,0,0,0,0,0,0,0,1,10,5,3,0,0,0,1,1,0,0,4,12,0,0,0,0,0,0,2,0,0
CR11,0,0,0,0,0,0,0,0,0,0,0,0,0,0,0,0,0,0,0,0,2,6,3,4,0,0,2,1,0,0,0,2,3,0,0,0,0,0,0,2,0,0
CR12,0,0,0,0,0,0,0,0,0,0,0,0,0,0,0,0,0,0,0,0,2,6,4,2,0,0,0,0,0,0,0,1,10,0,0,0,0,0,0,0,0,0
CR13,0,0,0,0,2,0,0,0,0,0,0,0,0,0,0,0,0,0,0,0,0,3,4,4,0,0,0,0,0,0,0,0,2,0,1,1,0,0,0,0,0,0
CR14,0,0,0,0,1,1,0,0,1,0,2,0,0,0,0,0,0,0,0,0,3,6,5,1,0,0,0,0,0,0,0,5,5,0,0,0,0,0,0,1,0,0
CR16,0,0,0,0,0,0,0,0,2,0,0,0,0,0,0,0,0,0,0,0,13,11,46,3,1,0,1,0,0,0,0,4,3,0,0,1,0,0,0,1,2,0
CR17,0,0,0,0,1,0,0,0,0,0,0,0,0,0,0,0,0,0,0,0,10,8,67,4,0,0,1,1,0,0,0,11,14,1,1,2,0,0,0,2,3,1
CR18,0,0,0,0,0,0,0,0,1,0,0,0,0,0,0,0,0,0,0,1,3,7,7,1,2,0,0,1,0,1,0,10,16,0,0,1,0,3,0,2,0,0
OG28,2,0,0,0,0,0,0,0,0,0,0,0,0,0,4,0,0,0,0,0,3,2,5,3,2,0,1,1,1,0,1,4,5,0,0,0,0,1,0,1,2,0
OG37,0,0,0,0,1,0,0,0,0,0,0,0,0,0,0,0,0,0,0,0,4,3,6,2,0,0,1,2,0,0,0,2,8,0,0,0,0,0,0,1,0,0
OG38,0,0,0,0,1,0,0,1,0,0,0,0,0,0,0,0,0,0,0,0,4,1,3,2,1,0,0,1,1,0,0,0,2,0,0,1,0,0,0,2,0,0
OG39,2,0,0,0,0,0,0,1,0,0,0,0,0,0,0,1,0,0,0,0,1,2,7,4,0,0,2,1,1,0,1,6,15,0,0,0,0,0,0,2,2,1
OG40,0,0,0,0,0,0,0,2,0,0,2,0,0,0,3,1,0,0,0,1,1,0,7,2,0,0,4,6,1,0,0,8,5,0,0,0,0,0,0,7,1,0
OG41,0,0,0,0,0,0,0,0,1,0,0,0,0,0,0,0,0,0,0,0,0,2,6,5,0,0,0,0,0,0,0,3,16,0,0,1,0,0,0,4,1,0
OG42,5,0,0,0,0,0,0,1,0,0,0,0,0,0,0,2,0,0,0,0,4,8,38,2,1,0,12,1,0,0,1,5,10,0,0,0,0,0,1,8,7,0
OG43,0,0,0,0,0,0,0,0,1,0,0,0,1,0,2,0,0,0,0,0,1,2,12,2,0,0,0,1,0,0,1,2,4,0,0,2,0,0,0,1,6,1
OG44,0,0,0,0,0,0,0,0,0,0,1,0,0,0,0,0,0,0,0,0,1,2,1,0,0,0,0,0,0,0,0,0,1,0,0,0,0,0,0,0,0,0
OG45,0,0,0,0,0,0,0,1,0,0,1,0,0,0,0,0,0,0,0,0,1,0,3,1,0,0,0,0,0,0,0,1,1,0,0,0,0,0,0,2,1,0
OG46,0,0,0,0,0,0,0,0,0,0,0,0,0,0,0,0,0,0,0,0,0,0,0,5,0,0,0,0,0,0,0,0,2,0,0,0,0,0,0,0,0,0
OG47,0,0,0,0,0,0,0,1,0,0,0,0,0,0,0,0,0,0,1,0,2,3,5,2,0,0,0,0,0,0,1,0,5,0,0,0,0,0,0,0,1,0
OG48,0,0,0,0,1,0,0,1,0,0,2,0,0,1,0,0,0,0,0,0,2,4,4,4,2,0,4,1,1,0,0,0,6,0,0,0,0,0,0,3,2,0
OG49,1,0,0,0,0,0,0,0,0,0,0,0,0,1,1,1,1,0,0,0,4,0,8,0,0,0,7,0,0,0,0,2,1,0,1,0,0,0,0,5,1,1
OG50,0,0,0,0,0,0,1,0,0,0,0,0,0,0,1,0,0,0,0,0,2,1,5,3,0,0,0,0,0,0,0,0,1,0,0,1,0,0,0,1,0,0
OG51,0,0,0,0,0,0,0,2,0,0,0,0,0,0,1,0,1,0,0,0,0,3,12,2,0,0,17,20,0,0,0,3,1,0,0,0,0,0,0,3,0,0
OG52,0,0,0,0,0,0,0,0,1,0,0,0,0,0,0,0,0,0,0,0,0,2,13,2,0,0,18,14,0,0,0,9,3,0,0,4,0,0,1,0,5,0
PA53,0,0,0,0,0,0,0,0,0,0,0,0,0,0,0,0,0,0,0,0,0,1,1,0,0,0,0,0,0,0,0,0,0,0,0,0,0,0,0,1,4,0
PA54,0,0,2,0,0,0,0,0,0,0,0,0,0,0,0,0,0,0,0,0,5,0,9,0,4,0,3,0,3,0,0,5,0,0,0,0,0,0,1,1,0,0
PA55,0,0,0,0,0,0,0,0,0,0,0,0,0,0,0,0,0,0,0,0,0,0,2,0,1,0,0,2,0,0,0,21,4,0,0,0,0,0,1,0,0,0
PA56,0,0,0,0,0,0,0,0,0,0,0,0,0,0,0,0,0,0,0,0,1,2,5,0,2,0,0,0,0,0,0,8,1,0,0,0,0,0,1,2,1,0
PA57,0,0,0,0,0,0,0,0,0,1,0,0,0,0,0,0,0,0,0,0,0,3,15,2,36,0,0,0,1,0,0,23,2,0,0,0,0,0,36,0,3,0
PA58,0,0,0,0,0,0,0,0,0,0,0,0,0,0,0,0,0,0,0,0,0,1,3,0,3,0,2,0,0,0,0,7,0,0,0,0,1,0,0,0,0,0
PR19,0,0,0,0,0,0,0,0,0,0,0,0,0,0,0,0,0,0,0,0,2,4,10,0,3,0,1,1,0,1,9,7,1,1,0,0,1,0,5,1,0,0
PR21,1,0,0,1,0,0,0,1,0,0,0,0,0,0,1,0,0,0,0,0,6,4,7,1,0,0,0,0,0,0,0,2,12,0,0,0,0,0,0,2,0,0
PR20,0,0,0,0,0,0,0,0,0,0,0,0,0,0,0,0,0,0,0,0,0,1,0,0,0,0,0,0,0,0,0,0,0,0,0,0,0,0,0,0,0,0
PR22,0,0,0,0,0,0,0,0,0,0,0,0,0,0,0,0,0,0,0,0,5,3,20,4,1,0,0,1,0,0,0,3,4,0,0,0,0,1,0,0,0,0
PR23,1,0,0,0,0,0,0,0,2,0,0,0,0,0,0,0,0,0,0,0,4,10,7,1,2,0,0,0,2,0,2,17,11,0,0,0,0,0,0,0,0,0
PR24,1,0,0,0,0,0,0,0,4,0,0,0,0,0,0,1,0,0,0,0,4,12,10,2,0,1,0,0,0,0,0,21,24,0,0,2,0,0,0,0,3,0
PR25,0,0,0,1,0,0,0,0,1,0,0,0,0,0,0,0,0,0,0,0,4,1,9,0,0,0,0,0,0,0,0,2,0,0,0,1,0,0,0,0,0,0
PR26,1,0,0,0,0,0,0,2,1,0,0,0,0,0,1,0,0,0,0,1,4,5,3,1,0,0,0,0,1,0,0,2,8,0,0,1,1,0,0,0,1,0
PR27,0,0,0,0,0,0,0,0,0,0,0,0,0,0,0,0,0,0,0,0,1,0,5,0,0,0,0,0,0,0,0,1,5,0,0,1,0,0,0,1,1,0
PR29,0,0,0,0,0,0,0,0,0,0,0,0,0,0,0,0,0,0,0,0,0,10,8,3,0,0,0,0,0,0,0,3,11,0,1,0,0,0,0,0,0,0
PR30,0,0,0,0,0,0,0,0,0,0,0,0,0,0,0,0,0,0,0,0,1,4,4,0,0,0,0,0,0,0,0,2,8,0,0,1,0,0,0,0,1,0
PR31,0,0,0,0,0,0,0,0,1,0,0,0,0,0,0,0,0,0,0,0,0,3,4,3,0,0,0,0,0,0,0,1,3,0,0,0,0,0,0,0,0,0
PR32,3,0,0,0,0,0,0,0,0,0,0,0,0,0,0,0,0,0,0,0,4,7,6,3,0,0,0,0,1,0,0,2,38,0,0,0,0,0,0,0,0,0
PR33,0,0,0,1,0,0,0,0,0,0,0,0,0,0,0,0,0,0,0,0,0,5,5,0,3,1,0,0,0,0,0,2,2,0,1,0,0,0,0,0,0,0
PR34,0,0,0,0,1,0,0,0,0,0,0,0,0,0,0,0,0,0,0,1,2,6,9,3,0,0,0,0,0,0,0,2,6,0,0,0,0,0,0,1,0,0
PR36,0,0,0,0,0,0,0,0,0,0,0,0,0,0,0,0,0,0,0,0,8,14,53,1,2,0,2,3,0,1,0,0,4,1,0,1,0,0,0,0,6,0
