Plot_ID,individual_ID_primary,individual_ID_secondary,type,unit,value,uncertainty,comment,interaction_ID,taxon,animal_species,timeStart,timeEnd,plant_species,PREX,Matrix,Latitude,Longitude,Elevation,Treatment,Treatment2,Regeneration_year,RegTime,method,Legacy
CA59,SP04-ARL_230413_CA59_0190-p0359,SP04-ARL_230411_CA59_0223-r0157,Dropped,seed,8,NA,,SP04-ARL_230411_CA59_0223-r0157-I0172,Didelphimorphia,Didelphis_marsupialis,02:21,02:29,Theobroma_cacao,NA,NA,0.55730998,-79.179868,165,active cacao,active cacao,NA,0,camera_trap,cacao
CA59,SP04-ARL_230413_CA59_0190-p0359,SP04-ARL_230412_CA59_0224-r0159,Dropped,seed,2,NA,,SP04-ARL_230412_CA59_0224-r0159-I0174,Didelphimorphia,Didelphis_marsupialis,00:48,00:52,Theobroma_cacao,NA,NA,0.55730998,-79.179868,165,active cacao,active cacao,NA,0,camera_trap,cacao
CA59,SP04-ARL_230413_CA59_0190-p0359,SP04-ARL_230412_CA59_0224-r0160,Dropped,seed,2,NA,,SP04-ARL_230412_CA59_0224-r0160-I0175,Didelphimorphia,Didelphis_marsupialis,01:01,01:02,Theobroma_cacao,NA,NA,0.55730998,-79.179868,165,active cacao,active cacao,NA,0,camera_trap,cacao
CA59,SP04-ARL_230413_CA59_0190-p0359,SP04-ARL_230411_CA59_0223-r0158,Dropped,seed,7,NA,,SP04-ARL_230411_CA59_0223-r0158-I0173,Didelphimorphia,Didelphis_marsupialis,02:37,02:38,Theobroma_cacao,NA,NA,0.55730998,-79.179868,165,active cacao,active cacao,NA,0,camera_trap,cacao
CA61,SP04-ARL_221012_CA61_0106-p0268,SP04-ARL_000100_CA61_0106-r0074,Bitten,seed,1,NA,,SP04-ARL_000100_CA61_0106-r0074-I0086,Didelphimorphia,Didelphis_marsupialis,21:38,21:40,Theobroma_cacao,NA,NA,0.53400099,-79.18769603,324,active cacao,active cacao,NA,0,camera_trap,cacao
CA61,SP04-ARL_221012_CA61_0106-p0268,SP04-ARL_221012_CA61_0106-r0072,Bitten,seed,1,NA,,SP04-ARL_221012_CA61_0106-r0072-I0084,Didelphimorphia,Didelphis_marsupialis,01:57,01:58,Theobroma_cacao,NA,NA,0.53400099,-79.18769603,324,active cacao,active cacao,NA,0,camera_trap,cacao
CA61,SP04-ARL_221012_CA61_0106-p0268,SP04-ARL_000100_CA61_0106-r0073,Bitten,seed,1,NA,,SP04-ARL_000100_CA61_0106-r0073-I0085,Didelphimorphia,Didelphis_marsupialis,03:12,03:14,Theobroma_cacao,NA,NA,0.53400099,-79.18769603,324,active cacao,active cacao,NA,0,camera_trap,cacao
CA62,SP04-ARL_220417_CA62_0026-p0019,SP04-ARL_220413_CA62_0034-r0008,Bitten,fruit,1,NA,,SP04-ARL_220413_CA62_0034-r0008-I0011,Rodentia,Dasyprocta_punctata,07:06,07:07,Artocarpus_heterophyllus,PREX,NA,0.511049,-79.212168,372,active cacao,active cacao,NA,0,camera_trap,cacao
CA62,SP04-ARL_220417_CA62_0026-p0019,SP04-ARL_220414_CA62_0035-r0012,Bitten,seed,2,NA,,SP04-ARL_220414_CA62_0035-r0012-I0015,Rodentia,Dasyprocta_punctata,08:21,08:21,Artocarpus_heterophyllus,PREX,NA,0.511049,-79.212168,372,active cacao,active cacao,NA,0,camera_trap,cacao
CA62,SP04-ARL_220417_CA62_0026-p0019,SP04-ARL_220409_CA62_0032-r0005,Bitten,fruit,1,NA,,SP04-ARL_220409_CA62_0032-r0005-I0008,Didelphimorphia,Didelphis_marsupialis,06:29,06:30,Artocarpus_heterophyllus,PREX,NA,0.511049,-79.212168,372,active cacao,active cacao,NA,0,camera_trap,cacao
CA62,SP04-ARL_220417_CA62_0026-p0019,SP04-ARL_220410_CA62_0033-r0006,Bitten,seed,1,NA,,SP04-ARL_220410_CA62_0033-r0006-I0009,Rodentia,Proechimys_semispinosus,09:09,09:10,Artocarpus_heterophyllus,PREX,NA,0.511049,-79.212168,372,active cacao,active cacao,NA,0,camera_trap,cacao
CA62,SP04-ARL_220417_CA62_0026-p0019,SP04-ARL_220413_CA62_0034-r0007,Bitten,seed,1,NA,,SP04-ARL_220413_CA62_0034-r0007-I0010,Rodentia,Dasyprocta_punctata,06:58,06:59,Artocarpus_heterophyllus,PREX,NA,0.511049,-79.212168,372,active cacao,active cacao,NA,0,camera_trap,cacao
CA62,SP04-ARL_220417_CA62_0026-p0019,SP04-ARL_220413_CA62_0034-r0011,Bitten,seed,1,NA,,SP04-ARL_220413_CA62_0034-r0011-I0014,Rodentia,Dasyprocta_punctata,07:27,07:28,Artocarpus_heterophyllus,PREX,NA,0.511049,-79.212168,372,active cacao,active cacao,NA,0,camera_trap,cacao
CA62,SP04-ARL_220417_CA62_0026-p0021,SP04-ARL_220413_CA62_0034-r0009,Bitten,fruit,1,NA,,SP04-ARL_220413_CA62_0034-r0009-I0012,Rodentia,Dasyprocta_punctata,07:13,07:13,Persea_americana,PREX,NA,0.511049,-79.212168,372,active cacao,active cacao,NA,0,camera_trap,cacao
CA62,SP04-ARL_220417_CA62_0026-p0022,SP04-ARL_220413_CA62_0034-r0010,Bitten,seed,9,NA,,SP04-ARL_220413_CA62_0034-r0010-I0013,Rodentia,Dasyprocta_punctata,07:15,07:18,Theobroma_cacao,PREX,NA,0.511049,-79.212168,372,active cacao,active cacao,NA,0,camera_trap,cacao
CA63,SP04-ARL_231009_CA63_0268-p0603,SP04-ARL_231009_CA63_0268-r0184,Swallowed,fruit,1,NA,,SP04-ARL_231009_CA63_0268-r0184-I0204,Carnivora,Eira_barbara,08:10,08:11,Theobroma_cacao,PREX,NA,0.54401822,-79.14532595,240,active cacao,active cacao,NA,0,camera_trap,cacao
CA63,SP04-ARL_231009_CA63_0268-p0603,SP04-ARL_231009_CA63_0268-r0184,Swallowed,fruit,14,NA,,SP04-ARL_231009_CA63_0268-r0184-I0205,Carnivora,Eira_barbara,08:10,08:11,Theobroma_cacao,PREX,NA,0.54401822,-79.14532595,240,active cacao,active cacao,NA,0,camera_trap,cacao
CA63,SP04-ARL_231009_CA63_0268-p0603,SP04-ARL_231009_CA63_0268-r0185,Bitten,fruit,1,NA,,SP04-ARL_231009_CA63_0268-r0185-I0206,Didelphimorphia,Metachirus_sp,17:54,17:54,Theobroma_cacao,PREX,NA,0.54401822,-79.14532595,240,active cacao,active cacao,NA,0,camera_trap,cacao
CA63,SP04-ARL_231009_CA63_0268-p0603,SP04-ARL_231012_CA63_0269-r0186,Pecked,fruit,1,NA,,SP04-ARL_231012_CA63_0269-r0186-I0207,Birds,Crypturellus_soui,04:32,04:33,Theobroma_cacao,PREX,NA,0.54401822,-79.14532595,240,active cacao,active cacao,NA,0,camera_trap,cacao
CA64,SP04-ARL_220517_CA64_0062-p0116,SP04-ARL_220518_CA64_0073-r0043,Bitten,seed,6,NA,,SP04-ARL_220518_CA64_0073-r0043-I0058,Rodentia,Proechimys_semispinosus,07:25,07:30,Theobroma_cacao,PREX,NA,0.54348119,-79.15456,256,active cacao,active cacao,NA,0,camera_trap,cacao
CA64,SP04-ARL_220517_CA64_0062-p0116,SP04-ARL_220518_CA64_0073-r0040,Bitten,seed,1,NA,,SP04-ARL_220518_CA64_0073-r0040-I0055,Rodentia,Proechimys_semispinosus,02:35,02:35,Theobroma_cacao,PREX,NA,0.54348119,-79.15456,256,active cacao,active cacao,NA,0,camera_trap,cacao
CA64,SP04-ARL_220517_CA64_0062-p0116,SP04-ARL_220517_CA64_0062-r0038,Bitten,seed,14,NA,,SP04-ARL_220517_CA64_0062-r0038-I0053,Rodentia,Proechimys_semispinosus,20:40,21:01,Theobroma_cacao,PREX,NA,0.54348119,-79.15456,256,active cacao,active cacao,NA,0,camera_trap,cacao
CA64,SP04-ARL_220517_CA64_0062-p0116,SP04-ARL_220518_CA64_0073-r0042,Bitten,fruit,1,NA,,SP04-ARL_220518_CA64_0073-r0042-I0057,Rodentia,Proechimys_semispinosus,05:11,05:11,Theobroma_cacao,PREX,NA,0.54348119,-79.15456,256,active cacao,active cacao,NA,0,camera_trap,cacao
CA64,SP04-ARL_220517_CA64_0062-p0116,SP04-ARL_220518_CA64_0073-r0041,Bitten,seed,1,NA,,SP04-ARL_220518_CA64_0073-r0041-I0056,Rodentia,Proechimys_semispinosus,03:01,03:01,Theobroma_cacao,PREX,NA,0.54348119,-79.15456,256,active cacao,active cacao,NA,0,camera_trap,cacao
CA64,SP04-ARL_220517_CA64_0062-p0116,SP04-ARL_220519_CA64_0074-r0044,Bitten,seed,1,NA,,SP04-ARL_220519_CA64_0074-r0044-I0059,Rodentia,Proechimys_semispinosus,05:08,05:08,Theobroma_cacao,PREX,NA,0.54348119,-79.15456,256,active cacao,active cacao,NA,0,camera_trap,cacao
CA64,SP04-ARL_220517_CA64_0062-p0116,SP04-ARL_220520_CA64_0075-r0046,Bitten,seed,1,NA,,SP04-ARL_220520_CA64_0075-r0046-I0061,Rodentia,Proechimys_semispinosus,11:59,11:59,Theobroma_cacao,PREX,NA,0.54348119,-79.15456,256,active cacao,active cacao,NA,0,camera_trap,cacao
CA64,SP04-ARL_220517_CA64_0062-p0116,SP04-ARL_220518_CA64_0073-r0039,Bitten,fruit,1,NA,,SP04-ARL_220518_CA64_0073-r0039-I0054,Rodentia,Proechimys_semispinosus,01:51,01:52,Theobroma_cacao,PREX,NA,0.54348119,-79.15456,256,active cacao,active cacao,NA,0,camera_trap,cacao
CA64,SP04-ARL_220517_CA64_0062-p0116,SP04-ARL_220522_CA64_0077-r0048,Bitten,seed,1,NA,,SP04-ARL_220522_CA64_0077-r0048-I0063,Rodentia,Proechimys_semispinosus,04:06,04:06,Theobroma_cacao,PREX,NA,0.54348119,-79.15456,256,active cacao,active cacao,NA,0,camera_trap,cacao
CA64,SP04-ARL_220517_CA64_0062-p0116,SP04-ARL_220521_CA64_0076-r0047,Bitten,seed,1,NA,,SP04-ARL_220521_CA64_0076-r0047-I0062,Rodentia,Proechimys_semispinosus,10:34,10:34,Theobroma_cacao,PREX,NA,0.54348119,-79.15456,256,active cacao,active cacao,NA,0,camera_trap,cacao
CA64,SP04-ARL_220517_CA64_0062-p0117,SP04-ARL_220520_CA64_0075-r0045,Bitten,fruit,1,NA,,SP04-ARL_220520_CA64_0075-r0045-I0060,Rodentia,Proechimys_semispinosus,07:14,07:15,Borojoa sp.,PREX,NA,0.54348119,-79.15456,256,active cacao,active cacao,NA,0,camera_trap,cacao
CR04,SP04-ARL_220425_CR04_0042-p0052,SP04-ARL_220504_CR04_0053-r0026,Dropped,fruit,1,NA,,SP04-ARL_220504_CR04_0053-r0026-I0035,Birds,Geotrygon_purpurata,06:25,06:25,Miconia_'peciolo rojo',PREX,NA,0.51167917,-79.18947658,560,cacao regeneration,cacao regeneration late,2002,21,camera_trap,cacao
CR04,SP04-ARL_220425_CR04_0042-p0052,SP04-ARL_220504_CR04_0052-r0025,Dropped,fruit,3,NA,,SP04-ARL_220504_CR04_0052-r0025-I0032,Birds,Geotrygon_purpurata,06:51,06:51,Miconia_'peciolo rojo',PREX,NA,0.51167917,-79.18947658,560,cacao regeneration,cacao regeneration late,2002,21,camera_trap,cacao
CR04,SP04-ARL_220425_CR04_0042-p0052,SP04-ARL_220504_CR04_0053-r0031,Swallowed,fruit,3,NA,,SP04-ARL_220504_CR04_0053-r0031-I0043,Birds,Geotrygon_purpurata,18:00,18:05,Miconia_'peciolo rojo',PREX,NA,0.51167917,-79.18947658,560,cacao regeneration,cacao regeneration late,2002,21,camera_trap,cacao
CR04,SP04-ARL_220425_CR04_0042-p0052,SP04-ARL_220504_CR04_0053-r0031,Dropped,fruit,8,NA,,SP04-ARL_220504_CR04_0053-r0031-I0042,Birds,Geotrygon_purpurata,18:00,18:05,Miconia_'peciolo rojo',PREX,NA,0.51167917,-79.18947658,560,cacao regeneration,cacao regeneration late,2002,21,camera_trap,cacao
CR04,SP04-ARL_220425_CR04_0042-p0052,SP04-ARL_220508_CR04_0054-r0032,Dropped,fruit,4,NA,,SP04-ARL_220508_CR04_0054-r0032-I0045,Birds,Geotrygon_purpurata,10:47,10:47,Miconia_'peciolo rojo',PREX,NA,0.51167917,-79.18947658,560,cacao regeneration,cacao regeneration late,2002,21,camera_trap,cacao
CR04,SP04-ARL_220425_CR04_0042-p0052,SP04-ARL_220504_CR04_0053-r0028,Dropped,fruit,2,NA,,SP04-ARL_220504_CR04_0053-r0028-I0037,Birds,Geotrygon_purpurata,09:33,09:33,Miconia_'peciolo rojo',PREX,NA,0.51167917,-79.18947658,560,cacao regeneration,cacao regeneration late,2002,21,camera_trap,cacao
CR04,SP04-ARL_220425_CR04_0042-p0052,SP04-ARL_220509_CR04_0055-r0034,Swallowed,fruit,1,NA,,SP04-ARL_220509_CR04_0055-r0034-I0048,Birds,Geotrygon_purpurata,10:59,11:01,Miconia_'peciolo rojo',PREX,NA,0.51167917,-79.18947658,560,cacao regeneration,cacao regeneration late,2002,21,camera_trap,cacao
CR04,SP04-ARL_220425_CR04_0042-p0052,SP04-ARL_220504_CR04_0053-r0029,Dropped,fruit,4,NA,,SP04-ARL_220504_CR04_0053-r0029-I0039,Birds,Geotrygon_purpurata,11:23,11:23,Miconia_'peciolo rojo',PREX,NA,0.51167917,-79.18947658,560,cacao regeneration,cacao regeneration late,2002,21,camera_trap,cacao
CR04,SP04-ARL_220425_CR04_0042-p0052,SP04-ARL_220504_CR04_0053-r0027,Bitten,fruit,1,NA,,SP04-ARL_220504_CR04_0053-r0027-I0036,Rodentia,Heteromys_australis,06:43,06:43,Miconia_'peciolo rojo',PREX,NA,0.51167917,-79.18947658,560,cacao regeneration,cacao regeneration late,2002,21,camera_trap,cacao
CR04,SP04-ARL_220425_CR04_0042-p0052,SP04-ARL_220504_CR04_0053-r0030,Dropped,fruit,1,NA,,SP04-ARL_220504_CR04_0053-r0030-I0041,Birds,Geotrygon_purpurata,17:19,17:19,Miconia_'peciolo rojo',PREX,NA,0.51167917,-79.18947658,560,cacao regeneration,cacao regeneration late,2002,21,camera_trap,cacao
CR04,SP04-ARL_220425_CR04_0042-p0052,SP04-ARL_220504_CR04_0052-r0025,Swallowed,fruit,2,NA,,SP04-ARL_220504_CR04_0052-r0025-I0033,Birds,Geotrygon_purpurata,06:51,06:51,Miconia_'peciolo rojo',PREX,NA,0.51167917,-79.18947658,560,cacao regeneration,cacao regeneration late,2002,21,camera_trap,cacao
CR04,SP04-ARL_220425_CR04_0042-p0052,SP04-ARL_220504_CR04_0052-r0024,Dropped,fruit,1,NA,,SP04-ARL_220504_CR04_0052-r0024-I0031,Birds,Geotrygon_purpurata,11:20,11:20,Miconia_'peciolo rojo',PREX,NA,0.51167917,-79.18947658,560,cacao regeneration,cacao regeneration late,2002,21,camera_trap,cacao
CR04,SP04-ARL_220425_CR04_0042-p0052,SP04-ARL_220504_CR04_0053-r0029,Pecked,fruit,3,NA,,SP04-ARL_220504_CR04_0053-r0029-I0040,Birds,Geotrygon_purpurata,11:23,11:23,Miconia_'peciolo rojo',PREX,NA,0.51167917,-79.18947658,560,cacao regeneration,cacao regeneration late,2002,21,camera_trap,cacao
CR04,SP04-ARL_220425_CR04_0042-p0052,SP04-ARL_220509_CR04_0055-r0034,Dropped,fruit,9,NA,,SP04-ARL_220509_CR04_0055-r0034-I0047,Birds,Geotrygon_purpurata,10:59,11:01,Miconia_'peciolo rojo',PREX,NA,0.51167917,-79.18947658,560,cacao regeneration,cacao regeneration late,2002,21,camera_trap,cacao
CR04,SP04-ARL_220425_CR04_0042-p0052,SP04-ARL_220504_CR04_0053-r0028,Swallowed,fruit,1,NA,,SP04-ARL_220504_CR04_0053-r0028-I0038,Birds,Geotrygon_purpurata,09:33,09:33,Miconia_'peciolo rojo',PREX,NA,0.51167917,-79.18947658,560,cacao regeneration,cacao regeneration late,2002,21,camera_trap,cacao
CR04,SP04-ARL_220425_CR04_0042-p0053,SP04-ARL_220504_CR04_0052-r0022,Swallowed,fruit,2,NA,,SP04-ARL_220504_CR04_0052-r0022-I0029,Rodentia,Dasyprocta_punctata,08:19,08:20,Nectandra_purpurea_cf.,PREX,NA,0.51167917,-79.18947658,560,cacao regeneration,cacao regeneration late,2002,21,camera_trap,cacao
CR04,SP04-ARL_220425_CR04_0042-p0053,SP04-ARL_220504_CR04_0053-r0026,Dropped,fruit,3,NA,,SP04-ARL_220504_CR04_0053-r0026-I0034,Birds,Geotrygon_purpurata,06:25,06:25,Nectandra_purpurea_cf.,PREX,NA,0.51167917,-79.18947658,560,cacao regeneration,cacao regeneration late,2002,21,camera_trap,cacao
CR04,SP04-ARL_220425_CR04_0042-p0053,SP04-ARL_220509_CR04_0055-r0034,Dropped,fruit,6,NA,,SP04-ARL_220509_CR04_0055-r0034-I0049,Birds,Geotrygon_purpurata,10:59,11:01,Nectandra_purpurea_cf.,PREX,NA,0.51167917,-79.18947658,560,cacao regeneration,cacao regeneration late,2002,21,camera_trap,cacao
CR04,SP04-ARL_220425_CR04_0042-p0053,SP04-ARL_220504_CR04_0052-r0024,Dropped,fruit,2,NA,,SP04-ARL_220504_CR04_0052-r0024-I0030,Birds,Geotrygon_purpurata,11:20,11:20,Nectandra_purpurea_cf.,PREX,NA,0.51167917,-79.18947658,560,cacao regeneration,cacao regeneration late,2002,21,camera_trap,cacao
CR04,SP04-ARL_220425_CR04_0042-p0053,SP04-ARL_220504_CR04_0053-r0031,Dropped,fruit,1,NA,,SP04-ARL_220504_CR04_0053-r0031-I0044,Birds,Geotrygon_purpurata,18:00,18:05,Nectandra_purpurea_cf.,PREX,NA,0.51167917,-79.18947658,560,cacao regeneration,cacao regeneration late,2002,21,camera_trap,cacao
CR04,SP04-ARL_220425_CR04_0042-p0054,SP04-ARL_220508_CR04_0054-r0033,Dropped,fruit,2,NA,,SP04-ARL_220508_CR04_0054-r0033-I0046,Birds,Geotrygon_purpurata,11:12,11:12,Pentagonia_macrophylla,PREX,NA,0.51167917,-79.18947658,560,cacao regeneration,cacao regeneration late,2002,21,camera_trap,cacao
CR04,SP04-ARL_220425_CR04_0042-p0054,SP04-ARL_220504_CR04_0052-r0023,Dropped,fruit,2,NA,,SP04-ARL_220504_CR04_0052-r0023-I0028,Birds,Tinamus_major,06:31,06:31,Pentagonia_macrophylla,PREX,NA,0.51167917,-79.18947658,560,cacao regeneration,cacao regeneration late,2002,21,camera_trap,cacao
CR05,SP04-ARL_230326_CR05_0178-p0286,SP04-ARL_230325_CR05_0209-r0136,Pecked,fruit,1,NA,,SP04-ARL_230325_CR05_0209-r0136-I0148,Birds,Arremon_aurantiirostris,17:22,17:22,OG38-85,PREX,NA,0.51178371,-79.20359237,377,cacao regeneration,cacao regeneration early,2011,12,camera_trap,cacao
CR05,SP04-ARL_230326_CR05_0178-p0288,SP04-ARL_230326_CR05_0210-r0137,CarriedAway,fruit,1,NA,,SP04-ARL_230326_CR05_0210-r0137-I0150,Chiroptera,,05:52,05:52,Vismia_baccifera,PREX,NA,0.51178371,-79.20359237,377,cacao regeneration,cacao regeneration early,2011,12,camera_trap,cacao
CR05,SP04-ARL_230326_CR05_0178-p0289,SP04-ARL_230328_CR05_0212-r0141,Dropped,fruit,1,NA,,SP04-ARL_230328_CR05_0212-r0141-I0154,Birds,Baryphthengus_martii,17:57,17:57,Vismia_baccifera,PREX,NA,0.51178371,-79.20359237,377,cacao regeneration,cacao regeneration early,2011,12,camera_trap,cacao
CR05,SP04-ARL_230326_CR05_0178-p0297,SP04-ARL_230327_CR05_0211-r0138,Bitten,fruit,1,NA,,SP04-ARL_230327_CR05_0211-r0138-I0151,Rodentia,Proechimys_semispinosus,02:15,02:15,Psidium_guajava,PREX,NA,0.51178371,-79.20359237,377,cacao regeneration,cacao regeneration early,2011,12,camera_trap,cacao
CR07,SP04-ARL_230507_CR07_0237-p0469,SP04-ARL_230506_CR07_0322-r0217,Swallowed,seed,16,NA,,SP04-ARL_230506_CR07_0322-r0217-I0244,Rodentia,Dasyprocta_punctata,06:52,06:54,Theobroma_cacao,NA,NA,0.45898553,-79.20876011,168,cacao regeneration,cacao regeneration late,2000,23,camera_trap,cacao
CR07,SP04-ARL_230507_CR07_0237-p0470,SP04-ARL_230510_CR07_0323-r0218,Bitten,fruit,4,NA,,SP04-ARL_230510_CR07_0323-r0218-I0245,Rodentia,Dasyprocta_punctata,07:17,07:17,Theobroma_cacao,NA,NA,0.45898553,-79.20876011,168,cacao regeneration,cacao regeneration late,2000,23,camera_trap,cacao
CR08,SP04-ARL_230510_CR08_0240-p0468,SP04-ARL_230506_CR08_0244-r0173,Dropped,fruit,4,NA,,SP04-ARL_230506_CR08_0244-r0173-I0193,Birds,Geotrygon_montana,08:21,08:21,Ficus_'matapalo',NA,NA,0.4592528,-79.21039418,172,cacao regeneration,cacao regeneration late,1996,27,camera_trap,cacao
CR08,SP04-ARL_230510_CR08_0240-p0468,SP04-ARL_230508_CR08_0246-r0175,Swallowed,fruit,4,NA,,SP04-ARL_230508_CR08_0246-r0175-I0195,Rodentia,Dasyprocta_punctata,09:45,09:45,Ficus_'matapalo',NA,NA,0.4592528,-79.21039418,172,cacao regeneration,cacao regeneration late,1996,27,camera_trap,cacao
CR08,SP04-ARL_230510_CR08_0240-p0468,SP04-ARL_230509_CR08_0247-r0176,Dropped,fruit,2,NA,,SP04-ARL_230509_CR08_0247-r0176-I0196,Birds,Geotrygon_montana,14:27,14:28,Ficus_'matapalo',NA,NA,0.4592528,-79.21039418,172,cacao regeneration,cacao regeneration late,1996,27,camera_trap,cacao
CR08,SP04-ARL_230510_CR08_0240-p0468,SP04-ARL_230507_CR08_0245-r0174,Dropped,fruit,1,NA,,SP04-ARL_230507_CR08_0245-r0174-I0194,Birds,Geotrygon_montana,10:15,10:15,Ficus_'matapalo',NA,NA,0.4592528,-79.21039418,172,cacao regeneration,cacao regeneration late,1996,27,camera_trap,cacao
CR10,SP04-ARL_231112_CR10_0308-p0684,SP04-ARL_231110_CR10_0313-r0214,Dropped,fruit,1,NA,,SP04-ARL_231110_CR10_0313-r0214-I0241,Birds,Tinamus_major,16:37,16:37,Bactris_setulosa,PREX,NA,0.4771745,-79.1995872,347,cacao regeneration,cacao regeneration late,1999,24,camera_trap,cacao
CR10,SP04-ARL_231112_CR10_0308-p0684,SP04-ARL_231110_CR10_0313-r0215,Swallowed,fruit,3,NA,,SP04-ARL_231110_CR10_0313-r0215-I0242,Didelphimorphia,Didelphis_marsupialis,20:47,20:51,Bactris_setulosa,PREX,NA,0.4771745,-79.1995872,347,cacao regeneration,cacao regeneration late,1999,24,camera_trap,cacao
CR10,SP04-ARL_231112_CR10_0308-p0684,SP04-ARL_231113_CR10_0314-r0216,CarriedAway,fruit,1,NA,,SP04-ARL_231113_CR10_0314-r0216-I0243,Rodentia,Notosciurus_granatensis,06:31,06:31,Bactris_setulosa,PREX,NA,0.4771745,-79.1995872,347,cacao regeneration,cacao regeneration late,1999,24,camera_trap,cacao
CR14,SP04-ARL_221108_CR14_0117-p0190,SP04-ARL_221105_CR14_0144-r0109,Dropped,fruit,1,NA,,SP04-ARL_221105_CR14_0144-r0109-I0121,Birds,Geotrygon_purpurata,13:13,13:13,Guatteria_pittieri,PREX,NA,0.49816025,-79.13850116,529,cacao regeneration,cacao regeneration late,1985,38,camera_trap,cacao
CR14,SP04-ARL_221108_CR14_0117-p0191,SP04-ARL_221106_CR14_0145-r0110,Dropped,fruit,1,NA,,SP04-ARL_221106_CR14_0145-r0110-I0122,Birds,Odontophorus_erythrops,07:30,07:30,Turpinia_occidentalis,PREX,NA,0.49816025,-79.13850116,529,cacao regeneration,cacao regeneration late,1985,38,camera_trap,cacao
CR14,SP04-ARL_221108_CR14_0117-p0191,SP04-ARL_221106_CR14_0145-r0111,Dropped,fruit,1,NA,,SP04-ARL_221106_CR14_0145-r0111-I0123,Birds,Odontophorus_erythrops,08:27,08:29,Turpinia_occidentalis,PREX,NA,0.49816025,-79.13850116,529,cacao regeneration,cacao regeneration late,1985,38,camera_trap,cacao
CR14,SP04-ARL_221108_CR14_0117-p0191,SP04-ARL_221107_CR14_0146-r0112,Dropped,fruit,1,NA,,SP04-ARL_221107_CR14_0146-r0112-I0124,Birds,Odontophorus_erythrops,07:39,07:41,Turpinia_occidentalis,PREX,NA,0.49816025,-79.13850116,529,cacao regeneration,cacao regeneration late,1985,38,camera_trap,cacao
CR17,SP04-ARL_230423_CR17_0199-p0392,SP04-ARL_230426_CR17_0233-r0172,Swallowed,fruit,2,NA,,SP04-ARL_230426_CR17_0233-r0172-I0192,Birds,Leptotrygon_veraguensis,07:31,07:31,Miconia_sp5,NA,NA,0.51478038,-79.14413909,450,cacao regeneration,cacao regeneration early,2014,9,camera_trap,cacao
CR17,SP04-ARL_230423_CR17_0199-p0399,SP04-ARL_230421_CR17_0229-r0164,CarriedAway,seed,1,NA,,SP04-ARL_230421_CR17_0229-r0164-I0182,Rodentia,Dasyprocta_punctata,13:57,14:21,Theobroma_cacao,NA,NA,0.51478038,-79.14413909,450,cacao regeneration,cacao regeneration early,2014,9,camera_trap,cacao
CR17,SP04-ARL_230423_CR17_0199-p0399,SP04-ARL_230421_CR17_0229-r0164,Bitten,fruit,64,NA,,SP04-ARL_230421_CR17_0229-r0164-I0179,Rodentia,Dasyprocta_punctata,13:57,14:21,Theobroma_cacao,NA,NA,0.51478038,-79.14413909,450,cacao regeneration,cacao regeneration early,2014,9,camera_trap,cacao
CR17,SP04-ARL_230423_CR17_0199-p0399,SP04-ARL_230421_CR17_0229-r0164,Bitten,seed,4,NA,,SP04-ARL_230421_CR17_0229-r0164-I0180,Rodentia,Dasyprocta_punctata,13:57,14:21,Theobroma_cacao,NA,NA,0.51478038,-79.14413909,450,cacao regeneration,cacao regeneration early,2014,9,camera_trap,cacao
CR17,SP04-ARL_230423_CR17_0199-p0399,SP04-ARL_230422_CR17_0230-r0165,Bitten,fruit,26,NA,,SP04-ARL_230422_CR17_0230-r0165-I0183,Rodentia,Proechimys_semispinosus,18:55,19:12,Theobroma_cacao,NA,NA,0.51478038,-79.14413909,450,cacao regeneration,cacao regeneration early,2014,9,camera_trap,cacao
CR17,SP04-ARL_230423_CR17_0199-p0399,SP04-ARL_230422_CR17_0230-r0165,Bitten,seed,2,NA,,SP04-ARL_230422_CR17_0230-r0165-I0184,Rodentia,Proechimys_semispinosus,18:55,19:12,Theobroma_cacao,NA,NA,0.51478038,-79.14413909,450,cacao regeneration,cacao regeneration early,2014,9,camera_trap,cacao
CR17,SP04-ARL_230423_CR17_0199-p0399,SP04-ARL_230422_CR17_0230-r0166,CarriedAway,seed,1,NA,,SP04-ARL_230422_CR17_0230-r0166-I0185,Rodentia,Dasyprocta_punctata,13:32,13:32,Theobroma_cacao,NA,NA,0.51478038,-79.14413909,450,cacao regeneration,cacao regeneration early,2014,9,camera_trap,cacao
CR17,SP04-ARL_230423_CR17_0199-p0399,SP04-ARL_230423_CR17_0231-r0167,Swallowed,seed,1,NA,,SP04-ARL_230423_CR17_0231-r0167-I0186,Rodentia,Dasyprocta_punctata,20:01,20:01,Theobroma_cacao,NA,NA,0.51478038,-79.14413909,450,cacao regeneration,cacao regeneration early,2014,9,camera_trap,cacao
CR17,SP04-ARL_230423_CR17_0199-p0399,SP04-ARL_230425_CR17_0232-r0168,Bitten,fruit,1,NA,,SP04-ARL_230425_CR17_0232-r0168-I0187,Rodentia,Dasyprocta_punctata,10:40,10:41,Theobroma_cacao,NA,NA,0.51478038,-79.14413909,450,cacao regeneration,cacao regeneration early,2014,9,camera_trap,cacao
CR17,SP04-ARL_230423_CR17_0199-p0399,SP04-ARL_230425_CR17_0232-r0169,Bitten,fruit,5,NA,,SP04-ARL_230425_CR17_0232-r0169-I0188,Rodentia,Dasyprocta_punctata,18:12,18:15,Theobroma_cacao,NA,NA,0.51478038,-79.14413909,450,cacao regeneration,cacao regeneration early,2014,9,camera_trap,cacao
CR17,SP04-ARL_230423_CR17_0199-p0399,SP04-ARL_230425_CR17_0232-r0169,Bitten,seed,7,NA,,SP04-ARL_230425_CR17_0232-r0169-I0189,Rodentia,Dasyprocta_punctata,18:12,18:15,Theobroma_cacao,NA,NA,0.51478038,-79.14413909,450,cacao regeneration,cacao regeneration early,2014,9,camera_trap,cacao
CR17,SP04-ARL_230423_CR17_0199-p0399,SP04-ARL_230425_CR17_0232-r0170,Bitten,seed,5,NA,,SP04-ARL_230425_CR17_0232-r0170-I0191,Rodentia,Dasyprocta_punctata,18:29,18:33,Theobroma_cacao,NA,NA,0.51478038,-79.14413909,450,cacao regeneration,cacao regeneration early,2014,9,camera_trap,cacao
CR17,SP04-ARL_230423_CR17_0199-p0399,SP04-ARL_230425_CR17_0232-r0170,Bitten,fruit,4,NA,,SP04-ARL_230425_CR17_0232-r0170-I0190,Rodentia,Dasyprocta_punctata,18:29,18:33,Theobroma_cacao,NA,NA,0.51478038,-79.14413909,450,cacao regeneration,cacao regeneration early,2014,9,camera_trap,cacao
CR17,SP04-ARL_230423_CR17_0199-p0399,SP04-ARL_230421_CR17_0229-r0164,Buried,seed,1,NA,,SP04-ARL_230421_CR17_0229-r0164-I0181,Rodentia,Dasyprocta_punctata,13:57,14:21,Theobroma_cacao,NA,NA,0.51478038,-79.14413909,450,cacao regeneration,cacao regeneration early,2014,9,camera_trap,cacao
CR18,SP04-ARL_221028_CR18_0110-p0173,SP04-ARL_221027_CR18_0137-r0098,CarriedAway,fruit,1,NA,,SP04-ARL_221027_CR18_0137-r0098-I0110,Didelphimorphia,Metachirus_sp,04:06,04:06,A-PA5603,NA,NA,0.53991814,-79.14419755,331,cacao regeneration,cacao regeneration early,2013,10,camera_trap,cacao
CR18,SP04-ARL_221028_CR18_0110-p0173,SP04-ARL_221028_CR18_0138-r0105,Swallowed,fruit,1,NA,,SP04-ARL_221028_CR18_0138-r0105-I0117,Didelphimorphia,Metachirus_sp,05:38,05:38,A-PA5603,NA,NA,0.53991814,-79.14419755,331,cacao regeneration,cacao regeneration early,2013,10,camera_trap,cacao
CR18,SP04-ARL_221028_CR18_0110-p0173,SP04-ARL_221025_CR18_0136-r0090,Swallowed,fruit,1,NA,,SP04-ARL_221025_CR18_0136-r0090-I0102,Rodentia,Proechimys_semispinosus,02:33,02:34,A-PA5603,NA,NA,0.53991814,-79.14419755,331,cacao regeneration,cacao regeneration early,2013,10,camera_trap,cacao
CR18,SP04-ARL_221028_CR18_0110-p0173,SP04-ARL_221027_CR18_0137-r0100,Swallowed,fruit,1,NA,,SP04-ARL_221027_CR18_0137-r0100-I0112,Didelphimorphia,Metachirus_sp,04:53,04:53,A-PA5603,NA,NA,0.53991814,-79.14419755,331,cacao regeneration,cacao regeneration early,2013,10,camera_trap,cacao
CR18,SP04-ARL_221028_CR18_0110-p0173,SP04-ARL_221027_CR18_0137-r0097,Swallowed,fruit,1,NA,,SP04-ARL_221027_CR18_0137-r0097-I0109,Didelphimorphia,Metachirus_sp,02:58,02:58,A-PA5603,NA,NA,0.53991814,-79.14419755,331,cacao regeneration,cacao regeneration early,2013,10,camera_trap,cacao
CR18,SP04-ARL_221028_CR18_0110-p0173,SP04-ARL_221027_CR18_0137-r0102,Swallowed,fruit,1,NA,,SP04-ARL_221027_CR18_0137-r0102-I0114,Rodentia,Trasandinomys_sp,05:32,05:32,A-PA5603,NA,NA,0.53991814,-79.14419755,331,cacao regeneration,cacao regeneration early,2013,10,camera_trap,cacao
CR18,SP04-ARL_221028_CR18_0110-p0173,SP04-ARL_221027_CR18_0137-r0096,CarriedAway,fruit,1,NA,,SP04-ARL_221027_CR18_0137-r0096-I0108,Rodentia,Heteromys_australis,01:54,01:54,A-PA5603,NA,NA,0.53991814,-79.14419755,331,cacao regeneration,cacao regeneration early,2013,10,camera_trap,cacao
CR18,SP04-ARL_221028_CR18_0110-p0173,SP04-ARL_221028_CR18_0138-r0104,Swallowed,fruit,1,NA,,SP04-ARL_221028_CR18_0138-r0104-I0116,Didelphimorphia,Metachirus_sp,00:47,00:47,A-PA5603,NA,NA,0.53991814,-79.14419755,331,cacao regeneration,cacao regeneration early,2013,10,camera_trap,cacao
CR18,SP04-ARL_221028_CR18_0110-p0173,SP04-ARL_221027_CR18_0137-r0101,Swallowed,fruit,1,NA,,SP04-ARL_221027_CR18_0137-r0101-I0113,Didelphimorphia,Metachirus_sp,05:13,05:13,A-PA5603,NA,NA,0.53991814,-79.14419755,331,cacao regeneration,cacao regeneration early,2013,10,camera_trap,cacao
CR18,SP04-ARL_221028_CR18_0110-p0173,SP04-ARL_221027_CR18_0137-r0099,CarriedAway,fruit,1,NA,,SP04-ARL_221027_CR18_0137-r0099-I0111,Rodentia,Trasandinomys_sp,04:39,04:39,A-PA5603,NA,NA,0.53991814,-79.14419755,331,cacao regeneration,cacao regeneration early,2013,10,camera_trap,cacao
CR18,SP04-ARL_221028_CR18_0110-p0173,SP04-ARL_221027_CR18_0137-r0103,Swallowed,fruit,1,NA,,SP04-ARL_221027_CR18_0137-r0103-I0115,Didelphimorphia,Metachirus_sp,05:47,05:47,A-PA5603,NA,NA,0.53991814,-79.14419755,331,cacao regeneration,cacao regeneration early,2013,10,camera_trap,cacao
CR18,SP04-ARL_221028_CR18_0110-p0174,SP04-ARL_221025_CR18_0136-r0091,Bitten,seed,1,NA,,SP04-ARL_221025_CR18_0136-r0091-I0103,Didelphimorphia,Marmosa_ishtmica,03:00,03:23,Theobroma_cacao,NA,NA,0.53991814,-79.14419755,331,cacao regeneration,cacao regeneration early,2013,10,camera_trap,cacao
CR18,SP04-ARL_221028_CR18_0110-p0174,SP04-ARL_221024_CR18_0135-r0087,Bitten,seed,1,NA,,SP04-ARL_221024_CR18_0135-r0087-I0099,Didelphimorphia,Metachirus_sp,22:22,22:51,Theobroma_cacao,NA,NA,0.53991814,-79.14419755,331,cacao regeneration,cacao regeneration early,2013,10,camera_trap,cacao
CR18,SP04-ARL_221028_CR18_0110-p0174,SP04-ARL_221024_CR18_0135-r0088,Bitten,seed,1,NA,,SP04-ARL_221024_CR18_0135-r0088-I0100,Didelphimorphia,Metachirus_sp,22:41,01:16,Theobroma_cacao,NA,NA,0.53991814,-79.14419755,331,cacao regeneration,cacao regeneration early,2013,10,camera_trap,cacao
CR18,SP04-ARL_221028_CR18_0110-p0174,SP04-ARL_221024_CR18_0135-r0085,Bitten,seed,1,NA,,SP04-ARL_221024_CR18_0135-r0085-I0097,Didelphimorphia,Didelphis_marsupialis,21:39,22:21,Theobroma_cacao,NA,NA,0.53991814,-79.14419755,331,cacao regeneration,cacao regeneration early,2013,10,camera_trap,cacao
CR18,SP04-ARL_221028_CR18_0110-p0174,SP04-ARL_221025_CR18_0136-r0095,Bitten,seed,1,NA,,SP04-ARL_221025_CR18_0136-r0095-I0107,Didelphimorphia,Didelphis_marsupialis,22:38,22:38,Theobroma_cacao,NA,NA,0.53991814,-79.14419755,331,cacao regeneration,cacao regeneration early,2013,10,camera_trap,cacao
CR18,SP04-ARL_221028_CR18_0110-p0174,SP04-ARL_221024_CR18_0135-r0086,Bitten,seed,1,NA,,SP04-ARL_221024_CR18_0135-r0086-I0098,Rodentia,Proechimys_semispinosus,21:59,22:16,Theobroma_cacao,NA,NA,0.53991814,-79.14419755,331,cacao regeneration,cacao regeneration early,2013,10,camera_trap,cacao
CR18,SP04-ARL_221028_CR18_0110-p0174,SP04-ARL_221030_CR18_0140-r0107,Bitten,seed,1,NA,,SP04-ARL_221030_CR18_0140-r0107-I0119,Rodentia,Cuniculus_paca,03:10,03:10,Theobroma_cacao,NA,NA,0.53991814,-79.14419755,331,cacao regeneration,cacao regeneration early,2013,10,camera_trap,cacao
CR18,SP04-ARL_221028_CR18_0110-p0174,SP04-ARL_221030_CR18_0140-r0108,Bitten,seed,1,NA,,SP04-ARL_221030_CR18_0140-r0108-I0120,Rodentia,Proechimys_semispinosus,23:54,23:54,Theobroma_cacao,NA,NA,0.53991814,-79.14419755,331,cacao regeneration,cacao regeneration early,2013,10,camera_trap,cacao
CR18,SP04-ARL_221028_CR18_0110-p0174,SP04-ARL_221025_CR18_0136-r0092,Bitten,seed,1,NA,,SP04-ARL_221025_CR18_0136-r0092-I0104,Didelphimorphia,Metachirus_sp,04:22,04:24,Theobroma_cacao,NA,NA,0.53991814,-79.14419755,331,cacao regeneration,cacao regeneration early,2013,10,camera_trap,cacao
CR18,SP04-ARL_221028_CR18_0110-p0174,SP04-ARL_221025_CR18_0136-r0089,Bitten,seed,1,NA,,SP04-ARL_221025_CR18_0136-r0089-I0101,Didelphimorphia,Didelphis_marsupialis,01:27,01:31,Theobroma_cacao,NA,NA,0.53991814,-79.14419755,331,cacao regeneration,cacao regeneration early,2013,10,camera_trap,cacao
CR18,SP04-ARL_221028_CR18_0110-p0174,SP04-ARL_221025_CR18_0136-r0094,Bitten,seed,1,NA,,SP04-ARL_221025_CR18_0136-r0094-I0106,Didelphimorphia,Metachirus_sp,04:45,04:47,Theobroma_cacao,NA,NA,0.53991814,-79.14419755,331,cacao regeneration,cacao regeneration early,2013,10,camera_trap,cacao
CR18,SP04-ARL_221028_CR18_0110-p0174,SP04-ARL_221025_CR18_0136-r0093,Bitten,seed,1,NA,,SP04-ARL_221025_CR18_0136-r0093-I0105,Rodentia,Proechimys_semispinosus,04:36,04:38,Theobroma_cacao,NA,NA,0.53991814,-79.14419755,331,cacao regeneration,cacao regeneration early,2013,10,camera_trap,cacao
CR18,SP04-ARL_221028_CR18_0110-p0174,SP04-ARL_221028_CR18_0138-r0106,Bitten,seed,1,NA,,SP04-ARL_221028_CR18_0138-r0106-I0118,Rodentia,Proechimys_semispinosus,08:51,08:52,Theobroma_cacao,NA,NA,0.53991814,-79.14419755,331,cacao regeneration,cacao regeneration early,2013,10,camera_trap,cacao
OG28,SP04-ARL_230520_PR28_0251-p0501,SP04-ARL_230519_PR28_0255-r0178,Swallowed,fruit,1,NA,,SP04-ARL_230519_PR28_0255-r0178-I0198,Birds,Geotrygon_montana,16:56,16:56,Miconia_oraria,NA,NA,0.46440563,-79.21261431,224,old-growth forest,old-growth forest,NA,55,camera_trap,old-growth
OG28,SP04-ARL_230520_PR28_0251-p0501,SP04-ARL_230517_PR28_0254-r0177,Swallowed,fruit,3,NA,,SP04-ARL_230517_PR28_0254-r0177-I0197,Birds,Geotrygon_montana,11:56,11:56,Miconia_oraria,NA,NA,0.46440563,-79.21261431,224,old-growth forest,old-growth forest,NA,55,camera_trap,old-growth
OG37,SP04-ARL_231023_OG37_0280-p0606,SP04-ARL_231026_OG37_0296-r0209,CarriedAway,fruit,1,NA,,SP04-ARL_231026_OG37_0296-r0209-I0236,Rodentia,Heteromys_australis,15:31,15:31,Socratea_exorrhiza,NA,NA,0.49819185,-79.17924819,550,old-growth forest,old-growth forest,NA,55,camera_trap,old-growth
OG37,SP04-ARL_231023_OG37_0280-p0606,SP04-ARL_231028_OG37_0297-r0210,CarriedAway,fruit,2,NA,,SP04-ARL_231028_OG37_0297-r0210-I0237,Rodentia,Dasyprocta_punctata,17:46,17:47,Socratea_exorrhiza,NA,NA,0.49819185,-79.17924819,550,old-growth forest,old-growth forest,NA,55,camera_trap,old-growth
OG37,SP04-ARL_231023_OG37_0280-p0607,SP04-ARL_231026_OG37_0296-r0208,CarriedAway,fruit,2,NA,,SP04-ARL_231026_OG37_0296-r0208-I0235,Rodentia,Heteromys_australis,15:06,15:06,Bactris_setulosa,NA,NA,0.49819185,-79.17924819,550,old-growth forest,old-growth forest,NA,55,camera_trap,old-growth
OG39,SP04-ARL_220420_OG39_0037-p0032,SP04-ARL_220419_OG39_0040-r0015,Bitten,seed,1,NA,,SP04-ARL_220419_OG39_0040-r0015-I0020,Rodentia,Dasyprocta_punctata,09:01,09:01,Carapa_guianensis,PREX,NA,0.52155163,-79.19538539,576,old-growth forest,old-growth forest,NA,55,camera_trap,old-growth
OG39,SP04-ARL_220420_OG39_0037-p0032,SP04-ARL_220419_OG39_0040-r0013,Pecked,seed,1,NA,,SP04-ARL_220419_OG39_0040-r0013-I0016,Birds,Rhynchortyx_cinctus,09:20,09:26,Carapa_guianensis,PREX,NA,0.52155163,-79.19538539,576,old-growth forest,old-growth forest,NA,55,camera_trap,old-growth
OG39,SP04-ARL_220420_OG39_0037-p0032,SP04-ARL_220419_OG39_0040-r0016,Bitten,seed,1,NA,,SP04-ARL_220419_OG39_0040-r0016-I0021,Rodentia,Dasyprocta_punctata,16:28,16:28,Carapa_guianensis,PREX,NA,0.52155163,-79.19538539,576,old-growth forest,old-growth forest,NA,55,camera_trap,old-growth
OG39,SP04-ARL_220420_OG39_0037-p0032,SP04-ARL_220419_OG39_0040-r0014,Pecked,seed,1,NA,,SP04-ARL_220419_OG39_0040-r0014-I0017,Birds,Rhynchortyx_cinctus,09:20,09:26,Carapa_guianensis,PREX,NA,0.52155163,-79.19538539,576,old-growth forest,old-growth forest,NA,55,camera_trap,old-growth
OG40,SP04-ARL_230405_OG40_0184-p0338,SP04-ARL_230406_OG40_0215-r0145,Pecked,fruit,3,NA,,SP04-ARL_230406_OG40_0215-r0145-I0158,Birds,Geotrygon_purpurata,07:35,07:56,Palicourea_paratinctoria,NA,NA,0.52772307,-79.1724196,531,old-growth forest,old-growth forest,NA,55,camera_trap,old-growth
OG40,SP04-ARL_230405_OG40_0184-p0338,SP04-ARL_230406_OG40_0215-r0145,Swallowed,fruit,1,NA,,SP04-ARL_230406_OG40_0215-r0145-I0159,Birds,Geotrygon_purpurata,07:35,07:56,Palicourea_paratinctoria,NA,NA,0.52772307,-79.1724196,531,old-growth forest,old-growth forest,NA,55,camera_trap,old-growth
OG40,SP04-ARL_230405_OG40_0184-p0340,SP04-ARL_230409_OG40_0217-r0148,Pecked,fruit,87,NA,,SP04-ARL_230409_OG40_0217-r0148-I0162,Birds,Geotrygon_purpurata,09:39,09:46,Hortia_brasiliana,NA,NA,0.52772307,-79.1724196,531,old-growth forest,old-growth forest,NA,55,camera_trap,old-growth
OG40,SP04-ARL_230405_OG40_0184-p0340,SP04-ARL_230408_OG40_0216-r0147,CarriedAway,fruit,1,NA,,SP04-ARL_230408_OG40_0216-r0147-I0161,Rodentia,Notosciurus_granatensis,16:05,16:05,Hortia_brasiliana,NA,NA,0.52772307,-79.1724196,531,old-growth forest,old-growth forest,NA,55,camera_trap,old-growth
OG40,SP04-ARL_230405_OG40_0184-p0350,SP04-ARL_230408_OG40_0216-r0146,CarriedAway,fruit,1,NA,,SP04-ARL_230408_OG40_0216-r0146-I0160,Rodentia,Trasandinomys_sp,07:17,07:17,A-PR2101,NA,NA,0.52772307,-79.1724196,531,old-growth forest,old-growth forest,NA,55,camera_trap,old-growth
OG40,SP04-ARL_230405_OG40_0184-p0350,SP04-ARL_230410_OG40_0218-r0149,Swallowed,fruit,1,NA,,SP04-ARL_230410_OG40_0218-r0149-I0163,Artiodactyla,Tayassu_pecari,12:30,12:30,A-PR2101,NA,NA,0.52772307,-79.1724196,531,old-growth forest,old-growth forest,NA,55,camera_trap,old-growth
OG40,SP04-ARL_230405_OG40_0184-p0351,SP04-ARL_230411_OG40_0219-r0150,Swallowed,fruit,1,NA,,SP04-ARL_230411_OG40_0219-r0150-I0164,Artiodactyla,Tayassu_pecari,10:31,10:31,Miconia_sp3,NA,NA,0.52772307,-79.1724196,531,old-growth forest,old-growth forest,NA,55,camera_trap,old-growth
OG41,SP04-ARL_221012_OG41_0095-p0140,SP04-ARL_221014_OG41_0098-r0069,Bitten,seed,1,NA,,SP04-ARL_221014_OG41_0098-r0069-I0081,Rodentia,Dasyprocta_punctata,16:38,16:50,dormilon,PREX,NA,0.52981297,-79.18850563,389,old-growth forest,old-growth forest,NA,55,camera_trap,old-growth
OG41,SP04-ARL_221012_OG41_0095-p0141,SP04-ARL_221015_OG41_0099-r0070,Bitten,seed,1,NA,,SP04-ARL_221015_OG41_0099-r0070-I0082,Rodentia,Proechimys_semispinosus,01:34,01:43,dormilon,PREX,NA,0.52981297,-79.18850563,389,old-growth forest,old-growth forest,NA,55,camera_trap,old-growth
OG41,SP04-ARL_221012_OG41_0095-p0142,SP04-ARL_221015_OG41_0099-r0071,Bitten,seed,1,NA,,SP04-ARL_221015_OG41_0099-r0071-I0083,Rodentia,Proechimys_semispinosus,03:11,03:11,dormilon,PREX,NA,0.52981297,-79.18850563,389,old-growth forest,old-growth forest,NA,55,camera_trap,old-growth
OG42,SP04-ARL_230410_OG42_0187-p0348,SP04-ARL_230405_OG42_0225-r0163,Bitten,fruit,1,NA,,SP04-ARL_230405_OG42_0225-r0163-I0178,Rodentia,Dasyprocta_punctata,17:27,17:27,Brosimum_utile,PREX,NA,0.53843029,-79.17462078,356,old-growth forest,old-growth forest,NA,55,camera_trap,old-growth
OG42,SP04-ARL_230410_OG42_0187-p0390,SP04-ARL_230405_OG42_0225-r0161,Dropped,seed,3,NA,,SP04-ARL_230405_OG42_0225-r0161-I0176,Birds,Tinamus_major,20:18,20:18,Wettinia_quinaria,PREX,NA,0.53843029,-79.17462078,356,old-growth forest,old-growth forest,NA,55,camera_trap,old-growth
OG42,SP04-ARL_230410_OG42_0187-p0390,SP04-ARL_230405_OG42_0225-r0162,Bitten,seed,4,NA,,SP04-ARL_230405_OG42_0225-r0162-I0177,Rodentia,Trasandinomys_sp,01:21,01:21,Wettinia_quinaria,PREX,NA,0.53843029,-79.17462078,356,old-growth forest,old-growth forest,NA,55,camera_trap,old-growth
OG43,SP04-ARL_230517_OG43_0248-p0480,SP04-ARL_230517_OG43_0256-r0179,Swallowed,fruit,1,NA,,SP04-ARL_230517_OG43_0256-r0179-I0199,Birds,Geotrygon_montana,10:47,10:47,Miconia_oraria,NA,NA,0.46447835,-79.21007388,238,old-growth forest,old-growth forest,NA,55,camera_trap,old-growth
OG43,SP04-ARL_230517_OG43_0248-p0480,SP04-ARL_230521_OG43_0258-r0182,Dropped,fruit,3,NA,,SP04-ARL_230521_OG43_0258-r0182-I0202,Birds,Geotrygon_montana,11:37,11:38,Miconia_oraria,NA,NA,0.46447835,-79.21007388,238,old-growth forest,old-growth forest,NA,55,camera_trap,old-growth
OG43,SP04-ARL_230517_OG43_0248-p0480,SP04-ARL_230519_OG43_0257-r0180,Swallowed,fruit,1,NA,,SP04-ARL_230519_OG43_0257-r0180-I0200,Birds,Geotrygon_montana,14:27,14:27,Miconia_oraria,NA,NA,0.46447835,-79.21007388,238,old-growth forest,old-growth forest,NA,55,camera_trap,old-growth
OG43,SP04-ARL_230517_OG43_0248-p0483,SP04-ARL_230521_OG43_0258-r0181,Swallowed,fruit,1,NA,,SP04-ARL_230521_OG43_0258-r0181-I0201,Artiodactyla,Tayassu_pecari,13:35,13:35,Myrcia_cf._aliena,NA,NA,0.46447835,-79.21007388,238,old-growth forest,old-growth forest,NA,55,camera_trap,old-growth
OG43,SP04-ARL_230517_OG43_0248-p0483,SP04-ARL_230521_OG43_0258-r0183,Pecked,fruit,2,NA,,SP04-ARL_230521_OG43_0258-r0183-I0203,Birds,Odontophorus_erythrops,10:19,10:19,Myrcia_cf._aliena,NA,NA,0.46447835,-79.21007388,238,old-growth forest,old-growth forest,NA,55,camera_trap,old-growth
OG46,SP04-ARL_221130_OG46_0169-p0283,SP04-ARL_221203_OG46_0175-r0132,Pecked,fruit,1,NA,,SP04-ARL_221203_OG46_0175-r0132-I0144,Birds,Odontophorus_erythrops,08:33,08:38,Protium_ecuadorense,PREX,NA,0.47797846,-79.19469459,288,old-growth forest,old-growth forest,NA,55,camera_trap,old-growth
OG47,SP04-ARL_221122_OG47_0126-p0264,SP04-ARL_221128_OG47_0167-r0131,Pecked,fruit,1,NA,,SP04-ARL_221128_OG47_0167-r0131-I0143,Birds,Odontophorus_erythrops,08:27,08:28,Protium_ecuadorense,NA,NA,0.48465799,-79.21398287,355,old-growth forest,old-growth forest,NA,55,camera_trap,old-growth
OG47,SP04-ARL_221122_OG47_0126-p0264,SP04-ARL_221124_OG47_0163-r0127,Bitten,fruit,1,NA,,SP04-ARL_221124_OG47_0163-r0127-I0139,Rodentia,Heteromys_australis,02:03,02:03,Protium_ecuadorense,NA,NA,0.48465799,-79.21398287,355,old-growth forest,old-growth forest,NA,55,camera_trap,old-growth
OG47,SP04-ARL_221122_OG47_0126-p0264,SP04-ARL_221128_OG47_0167-r0125,Dropped,fruit,1,NA,,SP04-ARL_221128_OG47_0167-r0125-I0137,Birds,Crypturellus_cinereus,22:35,22:35,Protium_ecuadorense,NA,NA,0.48465799,-79.21398287,355,old-growth forest,old-growth forest,NA,55,camera_trap,old-growth
OG47,SP04-ARL_221122_OG47_0126-p0264,SP04-ARL_221127_OG47_0166-r0130,Swallowed,fruit,1,NA,,SP04-ARL_221127_OG47_0166-r0130-I0142,Rodentia,Cuniculus_paca,21:38,21:38,Protium_ecuadorense,NA,NA,0.48465799,-79.21398287,355,old-growth forest,old-growth forest,NA,55,camera_trap,old-growth
OG47,SP04-ARL_221122_OG47_0126-p0265,SP04-ARL_221126_OG47_0165-r0128,CarriedAway,seed,1,NA,,SP04-ARL_221126_OG47_0165-r0128-I0140,Rodentia,Heteromys_australis,04:27,04:27,Protium_colombianum,NA,NA,0.48465799,-79.21398287,355,old-growth forest,old-growth forest,NA,55,camera_trap,old-growth
OG47,SP04-ARL_221122_OG47_0126-p0267,SP04-ARL_221129_OG47_0168-r0126,Bitten,fruit,1,NA,,SP04-ARL_221129_OG47_0168-r0126-I0138,Rodentia,Dasyprocta_punctata,10:46,10:50,A-OG4701,NA,NA,0.48465799,-79.21398287,355,old-growth forest,old-growth forest,NA,55,camera_trap,old-growth
OG47,SP04-ARL_221122_OG47_0126-p0267,SP04-ARL_221127_OG47_0166-r0129,CarriedAway,fruit,1,NA,,SP04-ARL_221127_OG47_0166-r0129-I0141,Rodentia,Dasyprocta_punctata,14:24,14:24,A-OG4701,NA,NA,0.48465799,-79.21398287,355,old-growth forest,old-growth forest,NA,55,camera_trap,old-growth
OG47,SP04-ARL_221122_OG47_0126-p0267,SP04-ARL_221125_OG47_0164-r0124,CarriedAway,fruit,1,NA,,SP04-ARL_221125_OG47_0164-r0124-I0136,Rodentia,Dasyprocta_punctata,19:04,19:04,A-OG4701,NA,NA,0.48465799,-79.21398287,355,old-growth forest,old-growth forest,NA,55,camera_trap,old-growth
OG48,SP04-ARL_220523_OG48_0063-p0103,SP04-ARL_220526_OG48_0078-r0049,Bitten,seed,2,NA,,SP04-ARL_220526_OG48_0078-r0049-I0064,Rodentia,Trasandinomys_sp,02:55,02:55,Prestoea_ensiformis,NA,NA,0.53088989,-79.14462944,299,old-growth forest,old-growth forest,NA,55,camera_trap,old-growth
OG49,SP04-ARL_221025_OG49_0108-p0162,SP04-ARL_221024_OG49_0129-r0076,Bitten,fruit,1,NA,,SP04-ARL_221024_OG49_0129-r0076-I0088,Rodentia,Trasandinomys_sp,23:18,23:19,Pourouma_guianensis,PREX,NA,0.5315347,-79.14780642,310,old-growth forest,old-growth forest,NA,55,camera_trap,old-growth
OG49,SP04-ARL_221025_OG49_0108-p0162,SP04-ARL_221025_OG49_0130-r0077,Bitten,fruit,1,NA,,SP04-ARL_221025_OG49_0130-r0077-I0089,Rodentia,Trasandinomys_sp,21:38,21:41,Pourouma_guianensis,PREX,NA,0.5315347,-79.14780642,310,old-growth forest,old-growth forest,NA,55,camera_trap,old-growth
OG49,SP04-ARL_221025_OG49_0108-p0162,SP04-ARL_221026_OG49_0131-r0079,Bitten,fruit,1,NA,,SP04-ARL_221026_OG49_0131-r0079-I0091,Rodentia,Trasandinomys_sp,21:40,21:41,Pourouma_guianensis,PREX,NA,0.5315347,-79.14780642,310,old-growth forest,old-growth forest,NA,55,camera_trap,old-growth
OG49,SP04-ARL_221025_OG49_0108-p0162,SP04-ARL_221024_OG49_0129-r0075,Bitten,fruit,1,NA,,SP04-ARL_221024_OG49_0129-r0075-I0087,Rodentia,Trasandinomys_sp,21:49,21:52,Pourouma_guianensis,PREX,NA,0.5315347,-79.14780642,310,old-growth forest,old-growth forest,NA,55,camera_trap,old-growth
OG49,SP04-ARL_221025_OG49_0108-p0162,SP04-ARL_221026_OG49_0131-r0078,Bitten,fruit,1,NA,,SP04-ARL_221026_OG49_0131-r0078-I0090,Rodentia,Trasandinomys_sp,04:42,04:46,Pourouma_guianensis,PREX,NA,0.5315347,-79.14780642,310,old-growth forest,old-growth forest,NA,55,camera_trap,old-growth
OG49,SP04-ARL_221025_OG49_0108-p0163,SP04-ARL_221030_OG49_0133-r0083,CarriedAway,fruit,1,NA,,SP04-ARL_221030_OG49_0133-r0083-I0095,Rodentia,Trasandinomys_sp,02:32,02:33,Iriartea_deltoidea,PREX,NA,0.5315347,-79.14780642,310,old-growth forest,old-growth forest,NA,55,camera_trap,old-growth
OG49,SP04-ARL_221025_OG49_0108-p0163,SP04-ARL_221030_OG49_0133-r0082,Bitten,fruit,1,NA,,SP04-ARL_221030_OG49_0133-r0082-I0094,Rodentia,Heteromys_australis,06:02,06:03,Iriartea_deltoidea,PREX,NA,0.5315347,-79.14780642,310,old-growth forest,old-growth forest,NA,55,camera_trap,old-growth
OG50,SP04-ARL_220526_OG50_0066-p0129,SP04-ARL_220524_OG50_0080-r0052,Bitten,seed,1,NA,,SP04-ARL_220524_OG50_0080-r0052-I0067,Rodentia,Hoplomys_gymnurus,07:31,07:31,Wettinia_quinaria,NA,NA,0.53403036,-79.14419137,316,old-growth forest,old-growth forest,NA,55,camera_trap,old-growth
OG50,SP04-ARL_220526_OG50_0066-p0129,SP04-ARL_220525_OG50_0081-r0056,CarriedAway,seed,1,NA,,SP04-ARL_220525_OG50_0081-r0056-I0071,Rodentia,Hoplomys_gymnurus,22:22,22:22,Wettinia_quinaria,NA,NA,0.53403036,-79.14419137,316,old-growth forest,old-growth forest,NA,55,camera_trap,old-growth
OG50,SP04-ARL_220526_OG50_0066-p0129,SP04-ARL_220524_OG50_0080-r0053,Bitten,seed,1,NA,,SP04-ARL_220524_OG50_0080-r0053-I0068,Rodentia,Hoplomys_gymnurus,20:56,20:56,Wettinia_quinaria,NA,NA,0.53403036,-79.14419137,316,old-growth forest,old-growth forest,NA,55,camera_trap,old-growth
OG50,SP04-ARL_220526_OG50_0066-p0129,SP04-ARL_220525_OG50_0081-r0058,CarriedAway,seed,3,NA,,SP04-ARL_220525_OG50_0081-r0058-I0073,Rodentia,Hoplomys_gymnurus,23:44,23:46,Wettinia_quinaria,NA,NA,0.53403036,-79.14419137,316,old-growth forest,old-growth forest,NA,55,camera_trap,old-growth
OG50,SP04-ARL_220526_OG50_0066-p0129,SP04-ARL_220523_OG50_0079-r0050,Pecked,seed,1,NA,,SP04-ARL_220523_OG50_0079-r0050-I0065,Birds,Rhynchortyx_cinctus,19:21,19:21,Wettinia_quinaria,NA,NA,0.53403036,-79.14419137,316,old-growth forest,old-growth forest,NA,55,camera_trap,old-growth
OG50,SP04-ARL_220526_OG50_0066-p0129,SP04-ARL_220525_OG50_0081-r0057,CarriedAway,seed,1,NA,,SP04-ARL_220525_OG50_0081-r0057-I0072,Rodentia,Hoplomys_gymnurus,22:47,22:47,Wettinia_quinaria,NA,NA,0.53403036,-79.14419137,316,old-growth forest,old-growth forest,NA,55,camera_trap,old-growth
OG50,SP04-ARL_220526_OG50_0066-p0129,SP04-ARL_220525_OG50_0081-r0055,Bitten,seed,1,NA,,SP04-ARL_220525_OG50_0081-r0055-I0070,Rodentia,Hoplomys_gymnurus,12:48,12:48,Wettinia_quinaria,NA,NA,0.53403036,-79.14419137,316,old-growth forest,old-growth forest,NA,55,camera_trap,old-growth
OG50,SP04-ARL_220526_OG50_0066-p0129,SP04-ARL_220527_OG50_0082-r0059,CarriedAway,seed,1,NA,,SP04-ARL_220527_OG50_0082-r0059-I0074,Rodentia,Hoplomys_gymnurus,02:57,02:57,Wettinia_quinaria,NA,NA,0.53403036,-79.14419137,316,old-growth forest,old-growth forest,NA,55,camera_trap,old-growth
OG50,SP04-ARL_220526_OG50_0066-p0129,SP04-ARL_220527_OG50_0082-r0060,CarriedAway,seed,1,NA,,SP04-ARL_220527_OG50_0082-r0060-I0075,Rodentia,Hoplomys_gymnurus,04:15,04:15,Wettinia_quinaria,NA,NA,0.53403036,-79.14419137,316,old-growth forest,old-growth forest,NA,55,camera_trap,old-growth
OG50,SP04-ARL_220526_OG50_0066-p0129,SP04-ARL_220524_OG50_0080-r0054,Bitten,seed,1,NA,,SP04-ARL_220524_OG50_0080-r0054-I0069,Rodentia,Hoplomys_gymnurus,21:04,21:04,Wettinia_quinaria,NA,NA,0.53403036,-79.14419137,316,old-growth forest,old-growth forest,NA,55,camera_trap,old-growth
OG50,SP04-ARL_220526_OG50_0066-p0130,SP04-ARL_220523_OG50_0079-r0051,Bitten,seed,2,NA,,SP04-ARL_220523_OG50_0079-r0051-I0066,Rodentia,Trasandinomys_sp,22:36,22:36,Prestoea_ensiformis,NA,NA,0.53403036,-79.14419137,316,old-growth forest,old-growth forest,NA,55,camera_trap,old-growth
OG51,SP04-ARL_231010_OG51_0259-p0507,SP04-ARL_231011_OG51_0272-r0190,Bitten,fruit,1,NA,,SP04-ARL_231011_OG51_0272-r0190-I0211,Rodentia,Proechimys_semispinosus,19:29,19:29,Apeiba_membranacea,NA,NA,0.55223173,-79.1374752,228,old-growth forest,old-growth forest,NA,55,camera_trap,old-growth
OG51,SP04-ARL_231010_OG51_0259-p0513,SP04-ARL_231009_OG51_0271-r0188,Swallowed,fruit,1,NA,,SP04-ARL_231009_OG51_0271-r0188-I0209,Rodentia,Cuniculus_paca,15:10,15:10,Brosimum_utile,NA,NA,0.55223173,-79.1374752,228,old-growth forest,old-growth forest,NA,55,camera_trap,old-growth
OG51,SP04-ARL_231010_OG51_0259-p0513,SP04-ARL_231011_OG51_0272-r0189,CarriedAway,fruit,1,NA,,SP04-ARL_231011_OG51_0272-r0189-I0210,Rodentia,Proechimys_semispinosus,17:19,17:19,Brosimum_utile,NA,NA,0.55223173,-79.1374752,228,old-growth forest,old-growth forest,NA,55,camera_trap,old-growth
OG52,SP04-ARL_231013_OG52_0262-p0566,SP04-ARL_231009_OG52_0273-r0192,CarriedAway,fruit,1,NA,,SP04-ARL_231009_OG52_0273-r0192-I0213,Rodentia,Proechimys_semispinosus,02:44,02:44,Brosimum_utile,PREX,NA,0.54567888,-79.13756064,225,old-growth forest,old-growth forest,NA,55,camera_trap,old-growth
OG52,SP04-ARL_231013_OG52_0262-p0566,SP04-ARL_231009_OG52_0273-r0191,CarriedAway,fruit,2,NA,,SP04-ARL_231009_OG52_0273-r0191-I0212,Rodentia,Heteromys_australis,02:39,03:10,Brosimum_utile,PREX,NA,0.54567888,-79.13756064,225,old-growth forest,old-growth forest,NA,55,camera_trap,old-growth
OG52,SP04-ARL_231013_OG52_0262-p0566,SP04-ARL_231010_OG52_0274-r0195,Bitten,fruit,1,NA,,SP04-ARL_231010_OG52_0274-r0195-I0218,Rodentia,Dasyprocta_punctata,16:13,16:13,Brosimum_utile,PREX,NA,0.54567888,-79.13756064,225,old-growth forest,old-growth forest,NA,55,camera_trap,old-growth
OG52,SP04-ARL_231013_OG52_0262-p0566,SP04-ARL_231010_OG52_0274-r0193,Bitten,fruit,1,NA,,SP04-ARL_231010_OG52_0274-r0193-I0214,Rodentia,Proechimys_semispinosus,09:09,09:09,Brosimum_utile,PREX,NA,0.54567888,-79.13756064,225,old-growth forest,old-growth forest,NA,55,camera_trap,old-growth
OG52,SP04-ARL_231013_OG52_0262-p0566,SP04-ARL_231010_OG52_0274-r0193,CarriedAway,fruit,1,NA,,SP04-ARL_231010_OG52_0274-r0193-I0215,Rodentia,Proechimys_semispinosus,09:09,09:09,Brosimum_utile,PREX,NA,0.54567888,-79.13756064,225,old-growth forest,old-growth forest,NA,55,camera_trap,old-growth
OG52,SP04-ARL_231013_OG52_0262-p0566,SP04-ARL_231010_OG52_0274-r0194,Bitten,fruit,5,NA,,SP04-ARL_231010_OG52_0274-r0194-I0216,Rodentia,Proechimys_semispinosus,11:02,11:02,Brosimum_utile,PREX,NA,0.54567888,-79.13756064,225,old-growth forest,old-growth forest,NA,55,camera_trap,old-growth
OG52,SP04-ARL_231013_OG52_0262-p0566,SP04-ARL_231010_OG52_0274-r0197,CarriedAway,fruit,1,NA,,SP04-ARL_231010_OG52_0274-r0197-I0221,Rodentia,Proechimys_semispinosus,21:52,21:52,Brosimum_utile,PREX,NA,0.54567888,-79.13756064,225,old-growth forest,old-growth forest,NA,55,camera_trap,old-growth
OG52,SP04-ARL_231013_OG52_0262-p0566,SP04-ARL_231010_OG52_0274-r0195,Buried,fruit,1,NA,,SP04-ARL_231010_OG52_0274-r0195-I0217,Rodentia,Dasyprocta_punctata,16:13,16:13,Brosimum_utile,PREX,NA,0.54567888,-79.13756064,225,old-growth forest,old-growth forest,NA,55,camera_trap,old-growth
OG52,SP04-ARL_231013_OG52_0262-p0566,SP04-ARL_231013_OG52_0277-r0206,Bitten,fruit,6,NA,,SP04-ARL_231013_OG52_0277-r0206-I0233,Rodentia,Proechimys_semispinosus,01:47,01:47,Brosimum_utile,PREX,NA,0.54567888,-79.13756064,225,old-growth forest,old-growth forest,NA,55,camera_trap,old-growth
OG52,SP04-ARL_231013_OG52_0262-p0566,SP04-ARL_231010_OG52_0274-r0196,CarriedAway,fruit,2,NA,,SP04-ARL_231010_OG52_0274-r0196-I0220,Rodentia,Dasyprocta_punctata,08:37,08:37,Brosimum_utile,PREX,NA,0.54567888,-79.13756064,225,old-growth forest,old-growth forest,NA,55,camera_trap,old-growth
OG52,SP04-ARL_231013_OG52_0262-p0566,SP04-ARL_231011_OG52_0275-r0199,CarriedAway,fruit,1,NA,,SP04-ARL_231011_OG52_0275-r0199-I0223,Rodentia,Proechimys_semispinosus,03:30,03:30,Brosimum_utile,PREX,NA,0.54567888,-79.13756064,225,old-growth forest,old-growth forest,NA,55,camera_trap,old-growth
OG52,SP04-ARL_231013_OG52_0262-p0566,SP04-ARL_231011_OG52_0275-r0200,Bitten,fruit,1,NA,,SP04-ARL_231011_OG52_0275-r0200-I0224,Rodentia,Dasyprocta_punctata,09:53,09:53,Brosimum_utile,PREX,NA,0.54567888,-79.13756064,225,old-growth forest,old-growth forest,NA,55,camera_trap,old-growth
OG52,SP04-ARL_231013_OG52_0262-p0566,SP04-ARL_231011_OG52_0275-r0201,Dropped,fruit,1,NA,,SP04-ARL_231011_OG52_0275-r0201-I0226,Birds,Rhynchortyx_cinctus,08:13,08:15,Brosimum_utile,PREX,NA,0.54567888,-79.13756064,225,old-growth forest,old-growth forest,NA,55,camera_trap,old-growth
OG52,SP04-ARL_231013_OG52_0262-p0566,SP04-ARL_231011_OG52_0275-r0201,Pecked,fruit,13,NA,,SP04-ARL_231011_OG52_0275-r0201-I0225,Birds,Rhynchortyx_cinctus,08:13,08:15,Brosimum_utile,PREX,NA,0.54567888,-79.13756064,225,old-growth forest,old-growth forest,NA,55,camera_trap,old-growth
OG52,SP04-ARL_231013_OG52_0262-p0566,SP04-ARL_231011_OG52_0275-r0201,CarriedAway,fruit,1,NA,,SP04-ARL_231011_OG52_0275-r0201-I0227,Birds,Rhynchortyx_cinctus,08:13,08:15,Brosimum_utile,PREX,NA,0.54567888,-79.13756064,225,old-growth forest,old-growth forest,NA,55,camera_trap,old-growth
OG52,SP04-ARL_231013_OG52_0262-p0566,SP04-ARL_231011_OG52_0275-r0202,Pecked,fruit,13,NA,,SP04-ARL_231011_OG52_0275-r0202-I0228,Birds,Rhynchortyx_cinctus,08:13,08:15,Brosimum_utile,PREX,NA,0.54567888,-79.13756064,225,old-growth forest,old-growth forest,NA,55,camera_trap,old-growth
OG52,SP04-ARL_231013_OG52_0262-p0566,SP04-ARL_231011_OG52_0275-r0202,Pecked,fruit,6,NA,,SP04-ARL_231011_OG52_0275-r0202-I0229,Birds,Rhynchortyx_cinctus,08:13,08:15,Brosimum_utile,PREX,NA,0.54567888,-79.13756064,225,old-growth forest,old-growth forest,NA,55,camera_trap,old-growth
OG52,SP04-ARL_231013_OG52_0262-p0566,SP04-ARL_231010_OG52_0274-r0195,CarriedAway,fruit,1,NA,,SP04-ARL_231010_OG52_0274-r0195-I0219,Rodentia,Dasyprocta_punctata,16:13,16:13,Brosimum_utile,PREX,NA,0.54567888,-79.13756064,225,old-growth forest,old-growth forest,NA,55,camera_trap,old-growth
OG52,SP04-ARL_231013_OG52_0262-p0566,SP04-ARL_231012_OG52_0276-r0203,Bitten,fruit,5,NA,,SP04-ARL_231012_OG52_0276-r0203-I0230,Rodentia,Dasyprocta_punctata,17:46,17:47,Brosimum_utile,PREX,NA,0.54567888,-79.13756064,225,old-growth forest,old-growth forest,NA,55,camera_trap,old-growth
OG52,SP04-ARL_231013_OG52_0262-p0566,SP04-ARL_231012_OG52_0276-r0204,Bitten,fruit,2,NA,,SP04-ARL_231012_OG52_0276-r0204-I0231,Rodentia,Proechimys_semispinosus,00:26,00:26,Brosimum_utile,PREX,NA,0.54567888,-79.13756064,225,old-growth forest,old-growth forest,NA,55,camera_trap,old-growth
OG52,SP04-ARL_231013_OG52_0262-p0566,SP04-ARL_231012_OG52_0276-r0205,CarriedAway,fruit,1,NA,,SP04-ARL_231012_OG52_0276-r0205-I0232,Rodentia,Proechimys_semispinosus,02:11,02:12,Brosimum_utile,PREX,NA,0.54567888,-79.13756064,225,old-growth forest,old-growth forest,NA,55,camera_trap,old-growth
OG52,SP04-ARL_231013_OG52_0262-p0566,SP04-ARL_231011_OG52_0275-r0198,CarriedAway,fruit,2,NA,,SP04-ARL_231011_OG52_0275-r0198-I0222,Rodentia,Proechimys_semispinosus,10:31,10:39,Brosimum_utile,PREX,NA,0.54567888,-79.13756064,225,old-growth forest,old-growth forest,NA,55,camera_trap,old-growth
OG52,SP04-ARL_231013_OG52_0262-p0566,SP04-ARL_231015_OG52_0278-r0207,Dropped,fruit,2,NA,,SP04-ARL_231015_OG52_0278-r0207-I0234,Rodentia,Trasandinomys_sp,00:47,00:47,Brosimum_utile,PREX,NA,0.54567888,-79.13756064,225,old-growth forest,old-growth forest,NA,55,camera_trap,old-growth
PA57,SP04-JRN_220417_PA57_0029-p0023,SP04-ARL_220421_PA57_0036-r0036,Swallowed,seed,4,NA,seed stocked in the cheeks,SP04-ARL_220421_PA57_0036-r0036-I0051,Rodentia,Heteromys_australis,04:36,04:37,Wettinia_quinaria,PREX,NA,0.51139197,-79.20887752,375,active pasture,active pasture,NA,0,camera_trap,pasture
PA57,SP04-JRN_220417_PA57_0029-p0023,SP04-ARL_220421_PA57_0036-r0035,Swallowed,seed,3,NA,seed stocked in the cheeks,SP04-ARL_220421_PA57_0036-r0035-I0050,Rodentia,Heteromys_australis,03:56,03:57,Wettinia_quinaria,PREX,NA,0.51139197,-79.20887752,375,active pasture,active pasture,NA,0,camera_trap,pasture
PA57,SP04-JRN_220417_PA57_0029-p0023,SP04-ARL_220421_PA57_0036-r0037,Swallowed,seed,3,NA,seed stocked in the cheeks,SP04-ARL_220421_PA57_0036-r0037-I0052,Rodentia,Heteromys_australis,04:46,04:47,Wettinia_quinaria,PREX,NA,0.51139197,-79.20887752,375,active pasture,active pasture,NA,0,camera_trap,pasture
PR19,SP04-ARL_230413_PR19_0193-p0354,SP04-ARL_230410_PR19_0220-r0151,Swallowed,fruit,1,NA,,SP04-ARL_230410_PR19_0220-r0151-I0166,Rodentia,Proechimys_semispinosus,01:38,01:38,Conostegia_superba,PREX,NA,0.55271929,-79.17482117,177,pasture regeneration,pasture regeneration early,2017,6,camera_trap,pasture
PR19,SP04-ARL_230413_PR19_0193-p0354,SP04-ARL_230410_PR19_0220-r0153,Swallowed,fruit,11,NA,,SP04-ARL_230410_PR19_0220-r0153-I0168,Rodentia,Proechimys_semispinosus,06:19,06:22,Conostegia_superba,PREX,NA,0.55271929,-79.17482117,177,pasture regeneration,pasture regeneration early,2017,6,camera_trap,pasture
PR19,SP04-ARL_230413_PR19_0193-p0354,SP04-ARL_230410_PR19_0220-r0154,Swallowed,fruit,2,NA,,SP04-ARL_230410_PR19_0220-r0154-I0169,Rodentia,Proechimys_semispinosus,01:38,01:38,Conostegia_superba,PREX,NA,0.55271929,-79.17482117,177,pasture regeneration,pasture regeneration early,2017,6,camera_trap,pasture
PR19,SP04-ARL_230413_PR19_0193-p0354,SP04-ARL_230414_PR19_0221-r0155,Dropped,fruit,2,NA,,SP04-ARL_230414_PR19_0221-r0155-I0170,Birds,Arremon_aurantiirostris,08:37,08:37,Conostegia_superba,PREX,NA,0.55271929,-79.17482117,177,pasture regeneration,pasture regeneration early,2017,6,camera_trap,pasture
PR19,SP04-ARL_230413_PR19_0193-p0354,SP04-ARL_230415_PR19_0222-r0156,Swallowed,fruit,1,NA,,SP04-ARL_230415_PR19_0222-r0156-I0171,Rodentia,Trasandinomys_sp,03:52,03:52,Conostegia_superba,PREX,NA,0.55271929,-79.17482117,177,pasture regeneration,pasture regeneration early,2017,6,camera_trap,pasture
PR19,SP04-ARL_230413_PR19_0193-p0354,SP04-ARL_230410_PR19_0220-r0152,Swallowed,fruit,5,NA,,SP04-ARL_230410_PR19_0220-r0152-I0167,Rodentia,Proechimys_semispinosus,03:30,03:31,Conostegia_superba,PREX,NA,0.55271929,-79.17482117,177,pasture regeneration,pasture regeneration early,2017,6,camera_trap,pasture
PR21,SP04-ARL_220504_PR21_0045-p0059,SP04-ARL_220427_PR21_0041-r0020,Bitten,seed,2,NA,,SP04-ARL_220427_PR21_0041-r0020-I0026,Artiodactyla,Tayassu_pecari,12:10,12:10,Wettinia_quinaria,PREX,NA,0.50802424,-79.18995397,560,pasture regeneration,pasture regeneration late,1987,36,camera_trap,pasture
PR21,SP04-ARL_220504_PR21_0045-p0059,SP04-ARL_220427_PR21_0041-r0017,Bitten,seed,7,NA,,SP04-ARL_220427_PR21_0041-r0017-I0022,Artiodactyla,Tayassu_pecari,09:26,09:26,Wettinia_quinaria,PREX,NA,0.50802424,-79.18995397,560,pasture regeneration,pasture regeneration late,1987,36,camera_trap,pasture
PR21,SP04-ARL_220504_PR21_0045-p0059,SP04-ARL_220427_PR21_0041-r0021,Pecked,seed,2,NA,,SP04-ARL_220427_PR21_0041-r0021-I0027,Birds,Odontophorus_erythrops,08:35,08:35,Wettinia_quinaria,PREX,NA,0.50802424,-79.18995397,560,pasture regeneration,pasture regeneration late,1987,36,camera_trap,pasture
PR21,SP04-ARL_220504_PR21_0045-p0059,SP04-ARL_220427_PR21_0041-r0019,Bitten,seed,4,NA,,SP04-ARL_220427_PR21_0041-r0019-I0025,Artiodactyla,Tayassu_pecari,09:40,09:40,Wettinia_quinaria,PREX,NA,0.50802424,-79.18995397,560,pasture regeneration,pasture regeneration late,1987,36,camera_trap,pasture
PR21,SP04-ARL_220504_PR21_0045-p0063,SP04-ARL_220427_PR21_0041-r0017,Swallowed,fruit,1,NA,,SP04-ARL_220427_PR21_0041-r0017-I0023,Artiodactyla,Tayassu_pecari,09:26,09:26,A-PR2101,PREX,NA,0.50802424,-79.18995397,560,pasture regeneration,pasture regeneration late,1987,36,camera_trap,pasture
PR21,SP04-ARL_220504_PR21_0045-p0063,SP04-ARL_220427_PR21_0041-r0018,Swallowed,fruit,2,NA,,SP04-ARL_220427_PR21_0041-r0018-I0024,Artiodactyla,Tayassu_pecari,09:26,09:26,A-PR2101,PREX,NA,0.50802424,-79.18995397,560,pasture regeneration,pasture regeneration late,1987,36,camera_trap,pasture
PR24,SP04-ARL_220403_PR24_0009-p0009,SP04-ARL_220411_PR24_0012-r0001,Bitten,fruit,1,NA,,SP04-ARL_220411_PR24_0012-r0001-I0001,Rodentia,Hoplomys_gymnurus,04:31,04:32,Meliosma_cf._herbertii,NA,NA,0.52082042,-79.21365335,381,pasture regeneration,pasture regeneration late,2002,21,camera_trap,pasture
PR24,SP04-ARL_220403_PR24_0009-p0013,SP04-ARL_220412_PR24_0013-r0003,Bitten,fruit,1,NA,,SP04-ARL_220412_PR24_0013-r0003-I0005,Rodentia,Hoplomys_gymnurus,,,Allophylus_angustatus,NA,NA,0.52082042,-79.21365335,381,pasture regeneration,pasture regeneration late,2002,21,camera_trap,pasture
PR24,SP04-ARL_220403_PR24_0009-p0014,SP04-ARL_220412_PR24_0013-r0002,Bitten,seed,1,NA,,SP04-ARL_220412_PR24_0013-r0002-I0002,Rodentia,Hoplomys_gymnurus,03:10,03:11,Wettinia_quinaria,NA,NA,0.52082042,-79.21365335,381,pasture regeneration,pasture regeneration late,2002,21,camera_trap,pasture
PR26,SP04-ARL_220531_PR26_0070-p0124,SP04-ARL_220511_PR26_0083-r0061,Swallowed,fruit,3,NA,,SP04-ARL_220511_PR26_0083-r0061-I0076,Birds,Geotrygon_montana,19:47,19:47,Isertia_pittieri,PREX,NA,0.52646596,-79.20464664,325,pasture regeneration,pasture regeneration late,1995,28,camera_trap,pasture
PR26,SP04-ARL_220531_PR26_0070-p0124,SP04-ARL_220511_PR26_0083-r0061,Dropped,fruit,1,NA,,SP04-ARL_220511_PR26_0083-r0061-I0077,Birds,Geotrygon_montana,19:47,19:47,Isertia_pittieri,PREX,NA,0.52646596,-79.20464664,325,pasture regeneration,pasture regeneration late,1995,28,camera_trap,pasture
PR26,SP04-ARL_220531_PR26_0070-p0124,SP04-ARL_220512_PR26_0084-r0062,Swallowed,fruit,1,NA,,SP04-ARL_220512_PR26_0084-r0062-I0078,Birds,Crypturellus_berlepschi,18:44,18:44,Isertia_pittieri,PREX,NA,0.52646596,-79.20464664,325,pasture regeneration,pasture regeneration late,1995,28,camera_trap,pasture
PR26,SP04-ARL_220531_PR26_0070-p0125,SP04-ARL_220516_PR26_0085-r0063,Dropped,fruit,1,NA,,SP04-ARL_220516_PR26_0085-r0063-I0080,Birds,Patagioenas_goodsoni,13:10,13:10,Palicourea_paratinctoria,PREX,NA,0.52646596,-79.20464664,325,pasture regeneration,pasture regeneration late,1995,28,camera_trap,pasture
PR26,SP04-ARL_220531_PR26_0070-p0125,SP04-ARL_220516_PR26_0085-r0063,Swallowed,fruit,3,NA,,SP04-ARL_220516_PR26_0085-r0063-I0079,Birds,Patagioenas_goodsoni,13:10,13:10,Palicourea_paratinctoria,PREX,NA,0.52646596,-79.20464664,325,pasture regeneration,pasture regeneration late,1995,28,camera_trap,pasture
PR29,SP04-ARL_231122_PR29_0319-p0724,SP04-ARL_231119_PR29_0325-r0219,Swallowed,fruit,1,NA,,SP04-ARL_231119_PR29_0325-r0219-I0246,Birds,Leptotila_verreauxi,10:53,10:58,Miconia_oraria,NA,NA,0.47292046,-79.23064005,173,pasture regeneration,pasture regeneration early,2017,6,camera_trap,pasture
PR31,SP04-ARL_231110_PR31_0305-p0679,SP04-ARL_231111_PR31_0311-r0211,CarriedAway,fruit,1,NA,,SP04-ARL_231111_PR31_0311-r0211-I0238,Rodentia,Proechimys_semispinosus,23:52,23:52,Ficus_sp.,PREX,NA,0.47902624,-79.21005517,316,pasture regeneration,pasture regeneration late,2007,16,camera_trap,pasture
PR31,SP04-ARL_231110_PR31_0305-p0679,SP04-ARL_231112_PR31_0312-r0212,CarriedAway,fruit,1,NA,,SP04-ARL_231112_PR31_0312-r0212-I0239,Rodentia,Proechimys_semispinosus,00:50,00:50,Ficus_sp.,PREX,NA,0.47902624,-79.21005517,316,pasture regeneration,pasture regeneration late,2007,16,camera_trap,pasture
PR31,SP04-ARL_231110_PR31_0305-p0680,SP04-ARL_231112_PR31_0312-r0213,Dropped,fruit,1,NA,,SP04-ARL_231112_PR31_0312-r0213-I0240,Birds,Crypturellus_berlepschi,07:03,07:03,Bactris_setulosa,PREX,NA,0.47902624,-79.21005517,316,pasture regeneration,pasture regeneration late,2007,16,camera_trap,pasture
PR32,SP04-ARL_221118_PR32_0123-p0204,SP04-ARL_221115_PR32_0158-r0117,Dropped,fruit,5,NA,,SP04-ARL_221115_PR32_0158-r0117-I0129,Birds,Crypturellus_berlepschi,13:17,13:17,Bactris_setulosa,NA,NA,0.47927521,-79.21729879,339,pasture regeneration,pasture regeneration late,2007,16,camera_trap,pasture
PR32,SP04-ARL_221118_PR32_0123-p0204,SP04-ARL_221116_PR32_0159-r0118,Dropped,fruit,1,NA,,SP04-ARL_221116_PR32_0159-r0118-I0130,Birds,Crypturellus_berlepschi,07:15,07:15,Bactris_setulosa,NA,NA,0.47927521,-79.21729879,339,pasture regeneration,pasture regeneration late,2007,16,camera_trap,pasture
PR32,SP04-ARL_221118_PR32_0123-p0204,SP04-ARL_221116_PR32_0159-r0119,Dropped,fruit,1,NA,,SP04-ARL_221116_PR32_0159-r0119-I0131,Birds,Crypturellus_berlepschi,17:43,17:43,Bactris_setulosa,NA,NA,0.47927521,-79.21729879,339,pasture regeneration,pasture regeneration late,2007,16,camera_trap,pasture
PR32,SP04-ARL_221118_PR32_0123-p0208,SP04-ARL_221117_PR32_0160-r0122,Swallowed,fruit,1,NA,,SP04-ARL_221117_PR32_0160-r0122-I0134,Birds,Crypturellus_berlepschi,18:01,18:01,A-PR3201,NA,NA,0.47927521,-79.21729879,339,pasture regeneration,pasture regeneration late,2007,16,camera_trap,pasture
PR32,SP04-ARL_221118_PR32_0123-p0208,SP04-ARL_221117_PR32_0160-r0121,Swallowed,fruit,1,NA,,SP04-ARL_221117_PR32_0160-r0121-I0133,Birds,Crypturellus_berlepschi,18:01,18:01,A-PR3201,NA,NA,0.47927521,-79.21729879,339,pasture regeneration,pasture regeneration late,2007,16,camera_trap,pasture
PR32,SP04-ARL_221118_PR32_0123-p0208,SP04-ARL_221117_PR32_0160-r0120,Dropped,fruit,1,NA,,SP04-ARL_221117_PR32_0160-r0120-I0132,Birds,Crypturellus_berlepschi,10:59,10:59,A-PR3201,NA,NA,0.47927521,-79.21729879,339,pasture regeneration,pasture regeneration late,2007,16,camera_trap,pasture
PR34,SP04-ARL_221105_PR34_0114-p0185,SP04-ARL_221104_PR34_0141-r0115,Dropped,fruit,1,NA,,SP04-ARL_221104_PR34_0141-r0115-I0127,Birds,Geotrygon_montana,14:28,14:28,Plinia_'longifolia',PREX,NA,0.49350932,-79.13794296,615,pasture regeneration,pasture regeneration late,1985,38,camera_trap,pasture
PR34,SP04-ARL_221105_PR34_0114-p0185,SP04-ARL_221106_PR34_0142-r0113,Bitten,fruit,1,NA,,SP04-ARL_221106_PR34_0142-r0113-I0125,Rodentia,Notosciurus_granatensis,13:24,13:34,Plinia_'longifolia',PREX,NA,0.49350932,-79.13794296,615,pasture regeneration,pasture regeneration late,1985,38,camera_trap,pasture
PR34,SP04-ARL_221105_PR34_0114-p0186,SP04-ARL_221107_PR34_0143-r0114,Swallowed,fruit,1,NA,,SP04-ARL_221107_PR34_0143-r0114-I0126,Birds,Geotrygon_montana,10:55,10:55,Conostegia_'rosada',PREX,NA,0.49350932,-79.13794296,615,pasture regeneration,pasture regeneration late,1985,38,camera_trap,pasture
