Plot_ID,Latitude,Longitude,Reassembly,Elevation,Treatment,Treatment2,Regeneration_year,elev_30m_dem,slope,aspect,solar_annual,TWI,TPI,TRI,conv.ind,Forest_1km,Forest_500m,Forest_100m,Forest_1km_JRC_TMF,Distance_forest,Distance_edge,Patch_ha,Cacao_1km,Cacao_Reg1_1km,Cacao_Reg2_1km,Pasture_1km,Pasture_Reg1_1km,Pasture_Reg2_1km,Oil_Palm_1km
CA180,0.54739997,-79.16572002,0,246,active cacao,active cacao,NA,236.076889,5.222620734,217.4620443,1816837.375,4.100858688,-0.956340029,2.725627097,-36.3161654,0.379348322,0.291440087,0,0.706880717,165.8895066,0,219.7857578,0,0,0,0.428157577,0.065776707,0.126892657,0
CA181,0.54063804,-79.14442898,0,274,active cacao,active cacao,NA,313.9109497,13.79051912,236.8901798,1794053.625,1.917815804,1.938335301,5.900401433,-39.55622612,0.844433433,0.595919319,0.439559765,0.912942301,15.37501375,0,18.95084253,0.031114045,0.000878625,0,0.06324351,0.060330387,0,0
CA182,0.55604397,-79.17790798,0,169,active cacao,active cacao,NA,163.6336365,7.204336718,112.6929112,1798905.375,2.773099661,0.780630673,3.672176366,-34.81841079,0.360224579,0.133098139,0.000842635,0.57969536,67.09693241,0,18.47497618,0.070291721,0,0,0.314476059,0.02086769,0.297557576,0
CA183,0.55407599,-79.18765697,0,147,active cacao,active cacao,NA,145.3806305,3.752791179,150.668962,1805691.25,8.27545166,-1.201713576,1.732009797,-33.71675477,0.429829337,0.547698099,0.425158724,0.62070836,0,0.184551118,41.37763591,0.155919515,0,0,0.271123651,0.069758798,0.089295591,0
CA184,0.47076196,-79.23226504,0,149,active cacao,active cacao,NA,143.9603882,2.192381865,242.8577377,1807793.25,5.406649113,-0.675876406,1.151223594,-12.45849635,0.218488347,0.150187018,0,0.685932831,203.5960457,0,3.447099022,0.07186419,0.003403374,0,0.191382904,0.322557363,0.207407141,0
CA185,0.46492,-79.214,0,172,active cacao,active cacao,NA,170.612793,18.1109383,322.9040857,1717064,2.347031355,-0.8352,7.8924,-19.15145466,0.667611769,0.407171139,0.156910044,0.846594072,43.94883343,0,77.80630788,0.009676876,0,0.030121228,0.224592427,0,0.064464878,0.003532819
CA186,0.53855,-79.18964,0,186,active cacao,active cacao,NA,213.0844879,7.418424206,202.133997,1793887.25,7.152952671,-2.644,4.10152,-32.92899882,0.738143074,0.618411502,0,0.821679508,123.5080173,0,6.197411051,0.086327452,0,0,0.040707575,0.118054456,0.016778032,0
CA187,0.46565,-79.214167,0,160,active cacao,active cacao,NA,147.6388245,9.661765442,327.9871189,1769866.5,10.42459583,-2.623983,4.277999,-19.14055767,0.675010409,0.374134704,0.018840679,0.855631128,80.98897139,0,77.80630788,0.00591747,0,0.028674417,0.227670834,0,0.061976033,0.000750836
CA59,0.55730998,-79.179868,1,165,active cacao,active cacao,NA,169.7193298,6.447839738,249.7454729,1804235.625,2.425754309,2.037376601,3.836659398,-34.62488565,0.334744548,0.248889287,0.042631574,0.542148116,66.69161594,0,18.47497618,0.104455453,0,0,0.364565424,0.02086769,0.238789131,0
CA60,0.510266,-79.2272,1,440,active cacao,active cacao,NA,442.9050293,6.482589649,176.8047875,1861138,2.821350813,-0.609808,2.71228,-16.42552216,0.719369501,0.593923654,0.133244033,0.826210558,17.96248297,0,2.371523785,0.093563555,0.002687054,0,0.068888324,0.047721523,0.030848394,0.037130307
CA61,0.53400099,-79.18769603,1,324,active cacao,active cacao,NA,323.7951965,12.47711786,315.2265254,1801402.75,1.715382218,1.135114651,5.37027255,-33.07671431,0.797493026,0.57519646,0.072310924,0.858823099,54.99200716,0,3.916493022,0.037159297,0,0,0.040809053,0.118054456,0.006492066,0
CA62,0.511049,-79.212168,1,372,active cacao,active cacao,NA,371.1590271,8.649337629,224.7033694,1824538.125,20.10771179,-1.39718104,3.89457592,-22.85633466,0.27522591,0.235225913,0,0.669023483,131.6154019,0,14.87673703,0.173076976,0.011717153,0,0.325901994,0.074895191,0.140092262,0
CA63,0.54401822,-79.14532595,1,240,active cacao,active cacao,NA,262.6989746,23.78643145,113.9886162,1684612,1.529049158,0.217325447,11.06790196,-39.17752686,0.831878546,0.563946651,0,0.907165749,143.8804478,0,0.843781839,0.035950858,0.000878625,0,0.070961582,0.060330387,0,0
CA64,0.54348119,-79.15456,1,256,active cacao,active cacao,NA,270.5091553,7.348731547,115.5100899,1817144.375,2.166043997,2.192108664,4.383326056,-37.94425683,0.675527478,0.582582413,0.160620653,0.810451028,35.0712228,0,5.376492331,0.043216191,0,0,0.094795001,0.092206374,0.094350404,0
CAZ01,0.412866,-79.259515,0,150,active cacao,active cacao,NA,156.4738617,3.731327434,212.9439268,1812213.5,4.717746258,-0.7347746,1.772569,-0.456237826,0.086226422,0.037737876,0,0.974151201,101.6922938,0,2010.536813,0,0,0,0,0,0,0
CAZ05,0.426547,-79.24618,0,160,active cacao,active cacao,NA,152,1.237323901,207.907092,1814635.75,17.40653229,-0.6915144,0.6915144,-5.343804257,0,0,0,0.959110999,-1,0,2010.536813,0,0,0,0,0,0,0
CAZ07,0.399314,-79.25305,0,170,active cacao,active cacao,NA,167.5002136,6.929332699,296.8030569,1805488.625,2.183904409,1.237256,3.169004,-2.285706721,0.059084143,0.098965485,0,0.9653212,184.4537451,0,2010.536813,0,0,0,0,0,0,0
CAZ12,0.421661,-79.235676,0,167,active cacao,active cacao,NA,158.3443146,0.790242242,116.5675844,1813731.125,6.300569057,-1.16558976,2.29210336,-8.694465298,0.016696598,0,0,0.964725767,812.219839,0,2010.536813,0,0,0,0,0,0,0
CAZ14,0.41128,-79.265714,0,148,active cacao,active cacao,NA,152.2888031,5.237993494,286.9070783,1806596,3.764713526,0.1208504,2.4199544,1.599818727,0.0613539,0.045001812,0,0.983745899,352.8156002,0,2010.536813,0,0,0,0,0,0,0
CAZ17,0.407272,-79.2509,0,163,active cacao,active cacao,NA,161.5271606,5.637875662,295.1187296,1807480.375,3.44098115,-1.073432,2.872808,-3.10747006,0.036490629,0.027454226,0,0.955570565,286.5132051,0,2010.536813,0,0,0,0,0,0,0
CR01,0.49654763,-79.17820655,1,560,cacao regeneration,cacao regeneration early,2017,561.6000366,11.49235454,116.3447168,1861005.375,2.300090551,0.180866219,4.993902,-34.06527258,0.768249859,0.535918125,0.234387792,0.884990015,31.84108761,0,0.492452608,0,0.001567733,0,0,0.168387719,0.061794687,0
CR02,0.50150484,-79.22593494,1,400,cacao regeneration,cacao regeneration early,2015,412.6946106,4.733615416,41.07171897,1855229.5,3.07948041,0.102347,2.783909245,-16.72419507,0.895991028,0.893265233,0.560552882,0.93226602,36.42346323,0,0.946003025,0.007981536,0.00301162,0,0.042462581,0.028721234,0.002383766,0.01948174
CR03,0.50821205,-79.23688265,1,274,cacao regeneration,cacao regeneration early,2018,281.9302979,23.96872778,316.6451033,1689518.625,1.68912077,0.976506796,9.880930825,-12.25421575,0.737336434,0.768260698,0.53068171,0.864195881,33.08483423,0,1.458779104,0.006078268,0.004644053,0,0.039310394,0.135164401,0.040375475,0.037130307
CR04,0.51167917,-79.18947658,1,560,cacao regeneration,cacao regeneration late,2002,547.6621704,9.063493528,154.0786068,1863017.75,14.09181976,-1.775767744,3.9151537,-31.98379819,0.971251414,0.962725896,0.546549509,0.978277648,29.41603101,0,1.8619993,0,0,0.005927712,0.002791237,0.01664005,0.00338958,0
CR05,0.51178371,-79.20359237,1,377,cacao regeneration,cacao regeneration early,2011,372.6736755,9.080525145,205.0839222,1819982.375,17.57983398,-0.889603087,3.995365936,-26.54075622,0.411590463,0.13657452,0.10174733,0.727826401,65.63923036,0,4.790450875,0.10310471,0.015250496,0,0.284014096,0.10158618,0.084656763,0
CR06,0.5206616,-79.21083174,1,397,cacao regeneration,cacao regeneration late,1990,398.4765015,7.426419853,11.06230926,1839557,3.847537756,-1.887704331,3.741537775,-23.75645332,0.411259258,0.366151373,0.343482894,0.770017777,28.96937446,0,0.643334078,0.155208943,0.017342591,0.002048067,0.208487335,0.025756147,0.180407902,0
CR07,0.45898553,-79.20876011,1,168,cacao regeneration,cacao regeneration late,2000,147.6782379,3.662457736,132.6782435,1807021.5,4.036029339,-1.033374696,2.577635419,-20.69414968,0.553770075,0.571264137,0,0.880106463,114.9120538,0,3.755440367,0.036956712,0,0.030121228,0.06369419,0.023651661,0.052334115,0.239472025
CR08,0.4592528,-79.21039418,1,172,cacao regeneration,cacao regeneration late,1996,156.4985809,11.96590177,182.7402341,1779496.25,1.916287422,1.936689774,5.932142,-20.09854277,0.532030468,0.658700718,0.138152328,0.868955827,49.99140008,0,5.706170442,0.036956712,0,0.030121228,0.106187601,0.003784236,0.057978616,0.232941141
CR09,0.47247446,-79.229619,1,159,cacao regeneration,cacao regeneration early,2017,150.9345093,9.692370064,145.9433489,1777458.625,2.803013802,-1.742440823,4.314916408,-13.58596733,0.324256687,0.439749031,0.513991744,0.72512387,39.94555503,0,1.069060008,0.082497909,0.003403374,0,0.112242727,0.288381125,0.20498487,0
CR10,0.4771745,-79.1995872,1,347,cacao regeneration,cacao regeneration late,1999,349.6871948,9.04504811,332.9112257,1823148.125,2.829983473,-0.331284296,3.921758568,-25.76331025,0.966420308,0.918538672,0.515854004,0.985771525,25.04409463,0,1.550152411,0,0,0.009881687,0.006952204,0,0.016745801,0
CR100,0.51851,-79.15507,0,355,cacao regeneration,cacao regeneration early,2014,377.9920044,11.04343186,267.9928214,1796464.125,5.04766655,-3.397058,5.17099,-39.10703183,0.996529316,0.999999954,0.999999829,0.987248137,0,815.6037605,17.17435393,0,0,0,6.54E-06,0,0.003464148,0
CR101,0.47446,-79.23122,0,156,cacao regeneration,cacao regeneration late,2010,147.8919067,8.515810774,168.9384651,1784162.125,4.240327835,-2.573864,4.565256,-13.06697135,0.324881475,0.278532918,0.732553893,0.687588413,0,1.43011176,5.068008497,0.097886204,0.003403374,0,0.121322742,0.302407207,0.165223177,0
CR102,0.52555203,-79.20633797,0,315,cacao regeneration,cacao regeneration late,2009,306.118866,14.29714696,290.5560902,1787085.25,3.388819695,-1.430864092,6.123583454,-25.87062011,0.781883271,0.84255967,0.356036093,0.923766599,33.1329581,0,18.56457458,0.093074233,0.017342591,0.002048067,0.000999044,0,0.104652795,0
CR103,0.53609,-79.18956,0,204,cacao regeneration,cacao regeneration late,2010,220.7735291,14.13188508,24.70297058,1763555.875,4.098613262,-2.4613,6.19974,-32.85171823,0.791772601,0.531115458,0.676607254,0.857908368,0,10.83396832,10.67252448,0.042568075,0,0,0.040707575,0.118054456,0.006905418,0
CR104,0.54322,-79.13206,0,331,cacao regeneration,cacao regeneration early,2015,341.6646423,18.11418915,298.3070348,1763519.25,1.714219809,4.047208,8.20132,-41.07340003,0.939153292,0.977688037,1,0.949992832,0,391.6888068,8.812444222,0,0,0,0.03279211,0.028054593,0,0
CR105,0.518383,-79.155067,0,367,cacao regeneration,cacao regeneration early,2014,378.0351868,10.41837411,299.2222169,1801658.875,5.891483307,-3.58066934,5.1768877,-39.11390361,0.99609437,0.999999959,0.999999849,0.987148686,0,805.6148662,17.17435393,0,0,0,0.000128103,0,0.003777536,0
CR106,0.52463497,-79.212787,0,339,cacao regeneration,cacao regeneration early,2009,339.0951538,15.47949864,67.43639919,1765327.125,7.571960926,-5.731932247,8.640064705,-23.04705337,0.646229558,0.677824983,0.002512809,0.870117807,97.3336533,0,5.44761464,0.11117683,0.017342591,0.002048067,0.08782278,0.012721008,0.122715145,0
CR11,0.47789256,-79.20507128,1,372,cacao regeneration,cacao regeneration late,2000,365.6281738,10.06383343,333.2657326,1821649,2.03890419,2.122716024,5.479306734,-23.64710571,0.899698718,0.913218376,0.631031913,0.956593103,36.46924161,0,1.55386041,0,0,0.013630359,0,0,0.086670923,0
CR12,0.48018456,-79.21406337,1,324,cacao regeneration,cacao regeneration late,2008,323.5441589,14.80518375,259.024507,1776737.75,15.7035675,-3.127711598,6.982633787,-20.24009526,0.747679483,0.195127888,0,0.836388297,157.6304012,0,4.283622553,0.001597113,0,0.013736117,0,0,0.236987282,0
CR13,0.48892263,-79.22616164,1,366,cacao regeneration,cacao regeneration early,2022,384.3261414,18.36476891,297.0329719,1760085.875,2.389018536,-1.199020213,8.176091697,-15.92440551,0.779537585,0.821256337,0.525443333,0.903714711,38.53006813,0,3.211387969,0.044442379,0.010223518,0,0.03206935,0.010248044,0.130339051,0
CR14,0.49816025,-79.13850116,1,529,cacao regeneration,cacao regeneration late,1985,533.4515381,18.97874069,273.2968537,1790354.125,1.518868804,2.502914951,8.224361049,-44.0504408,0.986181829,0.962890433,0.832189237,0.946726044,22.71858891,0,0.526504932,0,0,0.001676139,0.001738635,0,0.0104034,0
CR15,0.504488312,-79.15719613,1,400,cacao regeneration,cacao regeneration early,2015,399.868988,8.352990296,243.9868691,1832773.125,15.18905449,1.149015043,4.026190326,-39.30042271,0.819900672,0.739611974,0.184901003,0.90147176,57.5004941,0,13.32525015,0,0,0,0.180099323,0,0,0
CR16,0.51074639,-79.14442928,1,479,cacao regeneration,cacao regeneration early,2015,474.4798889,25.38626929,39.79712827,1684893.375,2.764676094,-7.171919386,12.50454008,-41.82232927,0.845492002,0.659104745,0.290004195,0.893199881,43.87424496,0,0.818761022,0,0.006736194,0,0.035813381,0,0.111958406,0
CR17,0.51478038,-79.14413909,1,450,cacao regeneration,cacao regeneration early,2014,459.5580444,28.43547829,59.14043584,1666328.25,0.982932448,-0.046664087,12.4654817,-41.57719203,0.861843995,0.599264901,0.242390779,0.919542757,49.1178021,0,1.297196727,0,0.006736194,0,0.011357024,0,0.120062786,0
CR18,0.53991814,-79.14419755,1,331,cacao regeneration,cacao regeneration early,2013,334.4264832,12.99814097,347.2215332,1804282.625,1.603412509,3.327040705,6.312806651,-39.64475154,0.850360304,0.666614535,0.746372597,0.917394201,25.59525606,0,0.275991643,0.031114045,0.000878625,0,0.057316643,0.060330387,0,0
OG140,0.53842899,-79.14398097,0,347,old-growth forest,old-growth forest,NA,380.5452881,20.60908632,336.8126889,1750459.25,2.012453794,0.317421233,9.221722156,-39.79107489,0.854208857,0.821330483,0.999999776,0.923066397,0,139.5622402,0,0.031114045,0.000878625,0,0.05346809,0.060330387,0,0
OG141,0.53516499,-79.14297396,0,310,old-growth forest,old-growth forest,NA,315.807312,18.5413567,126.9123644,1751519.375,3.166747093,2.175503118,7.963494139,-40.20176558,0.910522691,0.999999967,0.999999966,0.954358833,0,512.8649427,0,0.020880542,0.000878625,0,0.021206122,0.046512029,0,0
OG142,0.54492597,-79.13648201,0,205,old-growth forest,old-growth forest,NA,208.0041504,10.62849093,131.2780003,1766584.25,7.102067947,-2.773743305,6.607830771,-40.29800598,0.891639389,0.928980917,0.999999877,0.936518924,0,201.9131515,0,0.001555648,6.68E-05,0,0.037016311,0.069721824,0,0
OG143,0.544846,-79.14174702,0,221,old-growth forest,old-growth forest,NA,239.1601715,16.33516807,149.1866029,1752973.375,1.841780901,0.735981359,7.205885252,-39.59778782,0.855122717,0.801154432,0.993682493,0.922670374,0,92.10088373,0,0.025908103,0.000878625,0,0.04097745,0.077113114,0,0
OG144,0.53309399,-79.17252302,0,499,old-growth forest,old-growth forest,NA,506.5849304,31.81832699,345.3359453,1622557.875,3.33725071,0.620379254,14.81127463,-35.53088673,0.92940284,0.975554193,0.999999669,0.939254858,0,351.9689742,0,0.006132332,0,0,0.034206884,0.028735872,0.001522076,0
OG145,0.52878804,-79.17346003,0,528,old-growth forest,old-growth forest,NA,540.7618408,6.641816374,202.947067,1877519.125,2.674257755,2.030477347,3.141230466,-35.39347765,0.970555051,0.999999966,0.999999828,0.983601584,0,564.3423222,0,0,0,0,0.0083977,0.021047239,0,0
OG146,0.52631697,-79.16819301,0,507,old-growth forest,old-growth forest,NA,517.0875244,7.003247023,182.6797323,1871512.75,2.162627935,5.142074502,5.813710751,-36.35317173,0.999999996,0.99999998,0.999999832,0.99631473,0,-1,0,0,0,0,0,0,0,0
OG147,0.46402,-79.2135,0,238,old-growth forest,old-growth forest,NA,196.3600006,9.421316005,216.5025375,1790996.25,2.128491163,-1.0812,4.9876,-19.27702399,0.644421661,0.49314429,0.564569847,0.827702399,0,0.19635181,0,0.021802842,0,0.030121228,0.225070124,0,0.064502731,0.014081417
OG148,0.488081,-79.218927,0,514,old-growth forest,old-growth forest,NA,528.7298584,8.236481006,170.980869,1872223,1.936624289,3.47872008,4.26359188,-18.82917373,0.799067167,0.97978722,0.999999827,0.873936535,0,370.2799265,0,0.007550013,0.010223518,0.005816315,0.019209009,0.007073094,0.157002824,0
OG149,0.54076192,-79.13480303,0,450,old-growth forest,old-growth forest,NA,203.1040497,23.16119756,190.9852783,1641913.625,2.376061201,0.355197726,10.58268934,-40.9386615,0.957081685,0.999999953,0.999999717,0.950260155,0,657.6258503,0,0,0,0,0.000104706,0.042813616,0,0
OG150,0.521667,-79.200717,0,519,old-growth forest,old-growth forest,NA,522.255127,7.765844072,253.3536599,1870276.125,2.089490652,2.9751551,4.70324486,-28.1533413,0.783397964,0.94922467,0.999999742,0.908069485,0,299.9251659,0,0.075025674,0,0,0.054613804,0,0.087018947,0
OG151,0.52195,-79.19735,0,566,old-growth forest,old-growth forest,NA,575.7091675,12.96324381,10.58349064,1852377.375,1.572632074,4.9578,6.1747,-29.61695578,0.921695071,0.999999974,0.999999703,0.953136937,0,597.953313,0,0.038623748,0,0,0.012012276,0,0.027725297,0
OG152,0.5199,-79.194417,0,547,old-growth forest,old-growth forest,NA,543.4936523,14.58242463,245.9428388,1830477.25,2.221596956,-1.501822,6.43993,-30.79639957,0.955419709,0.999999955,0.999999865,0.96129095,0,726.5596006,0,0.012841996,0,0,0.007389433,0.002665134,0.021686747,0
OG153,0.52370399,-79.16548499,0,520,old-growth forest,old-growth forest,NA,521.2855835,14.29611209,233.5436485,1833841.875,1.769457579,2.340767794,6.888500301,-36.90332375,1,0.999999973,0.999999751,0.99008848,0,-1,0,0,0,0,0,0,0,0
OG154,0.47132,-79.19949,0,328,old-growth forest,old-growth forest,NA,348.594696,6.237424834,236.5003143,1840102.375,2.664714813,1.640016,3.35416,-25.28292431,0.935679437,0.939226834,0.999999846,0.954629385,0,273.5066997,0,0,0,0.009061745,0.038513012,0,0.016745801,0
OG28,0.46440563,-79.21261431,1,224,old-growth forest,old-growth forest,NA,215.8428497,13.23545366,319.8594547,1773760.75,1.974348187,0.004537989,6.043654965,-19.64451995,0.649580102,0.539588986,0.988279875,0.830225498,0,85.202771,0,0.027738251,0,0.030121228,0.221008357,0,0.064502731,0.007049329
OG37,0.49819185,-79.17924819,1,550,old-growth forest,old-growth forest,NA,564.9036865,3.136233007,265.9476432,1892670.625,3.568228006,0.3266395,1.469427715,-33.9341579,0.750131575,0.668065308,0.999999851,0.887656757,0,122.8745811,0,0,0.001567733,0,0,0.168527039,0.079773657,0
OG38,0.51305713,-79.19321874,1,535,old-growth forest,old-growth forest,NA,554.5657959,11.76278261,41.63516376,1849073.75,2.243943691,-2.550096389,5.552835754,-31.02173078,0.87414055,0.969796705,0.999999791,0.934109558,0,403.353897,0,0,0,0.005927712,0.052793664,0.036097582,0.031096883,0
OG39,0.52155163,-79.19538539,1,576,old-growth forest,old-growth forest,NA,580.2055664,15.44952215,234.5699152,1837149.625,2.066028833,0.474480213,6.656029,-30.44800352,0.966609861,0.99999996,0.999999759,0.97000243,0,780.6851713,0,0.017780689,0,0,0.001702774,0,0.013906684,0
OG40,0.52772307,-79.1724196,1,531,old-growth forest,old-growth forest,NA,543.3282471,10.40058,215.1675412,1862701.25,1.903126836,4.430751157,6.416416315,-35.58155142,0.988580058,0.999999965,0.999999888,0.993647058,0,723.9292806,0,0,0,0,0.00262418,0.008795758,0,0
OG41,0.52981297,-79.18850563,1,389,old-growth forest,old-growth forest,NA,413.8276367,8.130929549,305.5056335,1829601.75,4.767007828,-2.033165148,3.762800297,-32.80501821,0.863130262,0.946224536,0.999999865,0.924732264,0,214.004796,0,0.018177366,0,0,0.027217904,0.08604252,0.005431951,0
OG42,0.53843029,-79.17462078,1,356,old-growth forest,old-growth forest,NA,343.7264404,8.117757828,284.5764448,1822728.75,3.547323942,-2.332199169,5.249092615,-35.18326639,0.763387608,0.837017918,0.999999775,0.844056537,0,188.464507,0,0.033413827,0,0,0.113222574,0.048567408,0.041469765,0
OG43,0.46447835,-79.21007388,1,238,old-growth forest,old-growth forest,NA,229.2407684,19.33341183,234.5257415,1720909.25,2.156609535,0.171983142,8.987991061,-20.62290714,0.686117013,0.787678455,0.99999976,0.849993832,0,147.8222148,0,0.036124784,0,0.030121228,0.17619078,0,0.064340911,0.007105282
OG44,0.47434948,-79.19810902,1,339,old-growth forest,old-growth forest,NA,360.6438904,14.24655904,329.8993952,1794721.375,1.78726685,1.209076819,6.706743347,-26.09508062,0.934859506,0.977351942,0.999999602,0.969266445,0,302.6795587,0,0,0,0.009881687,0.038513012,0,0.016745801,0
OG45,0.47786124,-79.20347555,1,362,old-growth forest,old-growth forest,NA,374.7332458,3.802649339,231.2003472,1850572.75,2.815466166,0.451090276,1.862660945,-24.27872515,0.931709312,0.895027054,0.725035937,0.971953747,0,35.81111942,0,0,0,0.009881687,0,0,0.058409002,0
OG46,0.47797846,-79.19469459,1,288,old-growth forest,old-growth forest,NA,295.4145508,4.082702358,65.23476672,1823139,10.56953239,-2.564299451,3.789914,-27.77962731,0.980935664,0.996507925,0.999999768,0.979291612,0,463.8968601,0,0,0,0.004934941,0.001570218,0,0.012559178,0
OG47,0.48465799,-79.21398287,1,355,old-growth forest,old-growth forest,NA,359.2892456,10.07538311,180.2253064,1825076,2.781635523,-0.088932673,4.470556865,-20.59883815,0.748877899,0.653391803,0.955818599,0.837604978,0,82.05557206,0,0.001597113,0,0.013636998,0,0,0.235887987,0
OG48,0.53088989,-79.14462944,1,299,old-growth forest,old-growth forest,NA,309.8608398,11.911593,56.45122849,1788089.75,3.045748949,-3.838876107,6.362462113,-40.26135983,0.998221121,1,0.999999758,0.997985413,0,942.6326571,0,0.000612661,0.000438851,0,0.000727372,0,0,0
OG49,0.5315347,-79.14780642,1,310,old-growth forest,old-growth forest,NA,300.4064636,10.54826787,81.45635558,1800846,1.730674386,1.763612429,4.914398796,-39.68061326,0.98936996,0.999999946,0.999999656,0.991137415,0,858.3926876,0,0.004224704,0.000236995,0,0.006167703,6.38E-07,0,0
OG50,0.53403036,-79.14419137,1,316,old-growth forest,old-growth forest,NA,307.6442566,19.33320207,167.2594758,1737525.25,1.323209047,3.27320511,8.595206068,-40.0955022,0.932094539,0.999999961,0.99999985,0.965853942,0,607.9661746,0,0.01923022,0.000878625,0,0.017137059,0.030659553,0,0
OG51,0.55223173,-79.1374752,1,228,old-growth forest,old-growth forest,NA,241.2322998,9.232222156,169.8616873,1805743.25,3.917193174,-1.233822295,4.098183047,-39.48460573,0.828437335,0.969384032,0.999999722,0.921385123,0,413.9921516,0,0,0,0,0.101275302,0.028061313,0.042226049,0
OG52,0.54567888,-79.13756064,1,225,old-growth forest,old-growth forest,NA,238.126358,13.27820485,233.1341987,1779359.625,2.369433165,0.190778979,5.605486984,-40.08327685,0.875339898,0.946068453,0.999999755,0.936372357,0,221.0000864,0,0.003657724,0.000830739,0,0.038544299,0.081627348,0,0
OGZ04,0.409508,-79.253342,0,160,old-growth forest,old-growth forest,NA,166.5183411,4.361375086,311.1738707,1812758,2.933170319,-0.45032304,1.68650768,-2.374105886,0.051897325,0.043667623,0.58071709,0.967716519,0,40.1636898,0,0,0,0,0,0,0,0
OGZ09,0.395029,-79.25339,0,170,old-growth forest,old-growth forest,NA,163.6963959,3.746144762,231.5866814,1814556.625,4.627221584,0.2183976,1.7379732,-2.115326613,0.056305936,0.083028067,0.461245542,0.972630296,0,27.67623797,0,0,0,0,0,0,0,0
OGZ10,0.433639,-79.235779,0,165,old-growth forest,old-growth forest,NA,164.6336365,3.915267393,121.8712812,1813615.75,3.045895576,0.35971434,1.71885698,-9.252336891,0.061134186,0.232597155,0.804106405,0.815298474,0,49.89580764,0,0,0,0,0,0,0,0
OGZ13,0.423632,-79.261471,0,145,old-growth forest,old-growth forest,NA,165.2806244,3.980238677,294.5743296,1813759.375,2.75150919,1.51986456,2.21295,-0.050111882,0.076005538,0.127776242,0.772355092,0.988143981,0,46.75951374,0,0,0,0,0,0,0,0
OGZ20,0.461047,-79.1438,0,172,old-growth forest,old-growth forest,NA,151.5478516,7.017388256,233.7432165,1794327.875,13.70512867,-0.254548,3.070032,-41.5812784,0.336543548,0.429653141,0.988696499,0.75351227,0,87.5034653,0,0,0,0,0,0,0,0
OGZ21,0.377547,-79.155161,0,170,old-growth forest,old-growth forest,NA,219.9900055,4.702392703,162.238007,1819205.375,4.80666256,-1.59965124,2.48281708,-29.79156454,0.184204364,0.503812187,0.977228652,0.920201695,0,82.95593416,0,0,0,0,0,0,0,0
OGZ22,0.466516,-79.098848,0,180,old-growth forest,old-growth forest,NA,213.4463959,21.97661782,300.2077718,1695432.75,0.951327622,3.70226272,10.11962144,-45.37470468,0.438433483,0.411249617,0,0.658438937,129.9909254,0,0,0,0,0,0,0,0,0
OGZ23,0.456369,-79.114619,0,180,old-growth forest,old-growth forest,NA,172.5431976,5.289074248,18.03427681,1802317.75,3.159728527,-0.84514344,2.51509836,-49.97489061,0.415352799,0.392367765,0.787398485,0.639577834,0,61.32225868,0,0,0,0,0,0,0,0
OGZ25,0.456803,-79.13897,0,180,old-growth forest,old-growth forest,NA,183.5901031,7.592284813,246.6316759,1804648.875,2.288827658,1.4680352,3.8376784,-42.91867373,0.336370144,0.218448601,0.404179338,0.699586773,0,30.61904786,0,0,0,0,0,0,0,0
PA160,0.50638304,-79.14550002,0,454,active pasture,active pasture,NA,472.4818726,12.97324693,223.7178835,1830841.5,1.491685152,4.167879265,7.038891685,-41.90686356,0.850138083,0.85800753,0.729278243,0.88410339,7.339663718,0,8.753018094,0,0.006736194,0,0.068231327,0,0.074894385,0
PA161,0.55567299,-79.18341103,0,141,active pasture,active pasture,NA,131.5582581,7.172412213,263.8585713,1793187.125,2.147806644,2.0035434,3.686895218,-34.22382485,0.401287163,0.358297055,0.590033397,0.5939805,4.323759049,0,203.0317556,0.172983333,0,0,0.305877942,0.02787507,0.155024002,0
PA162,0.55133401,-79.194739,0,139,active pasture,active pasture,NA,133.1645966,8.521262763,22.16466116,1778953.5,4.411978722,-4.325610052,5.928726649,-31.97025712,0.444392191,0.381191239,0,0.664396756,105.6351954,0,13.57411008,0.133059486,0,0,0.214720972,0.100404066,0.108713808,0
PA163,0.47615,-79.23189,0,131,active pasture,active pasture,NA,134.9176788,7.09797621,136.2154149,1782129.375,8.560510635,-0.74644,3.69052,-12.89384584,0.362768609,0.227761213,0.244850459,0.660282684,35.07543111,0,11.52106665,0.106866393,0.003403374,0,0.129476832,0.260747018,0.153905195,0
PA164,0.46414,-79.21372,0,201,active pasture,active pasture,NA,197.6465302,7.175899528,279.1184958,1800420.375,2.183714867,2.364224,5.075552,-19.20166768,0.650559486,0.46948713,0.39970936,0.831420388,27.5054699,0,77.80630788,0.018253329,0,0.030121228,0.224810822,0,0.064502731,0.011752407
PA165,0.55091,-79.20149,0,127,active pasture,active pasture,NA,143.1510773,8.465757571,52.7994667,1791371.375,2.403870583,1.572978,4.087718,-28.95029477,0.295693648,0.3818975,0.203915702,0.591858019,33.87525155,0,7.054647125,0.027079525,0,0,0.438888362,0.105750101,0.132628011,0
PA166,0.54190404,-79.14888304,0,266,active pasture,active pasture,NA,281.5357056,15.44973263,269.0921589,1773154.875,1.418276429,3.974997005,7.414657717,-38.82886617,0.783262096,0.527859564,0,0.875824656,177.8492657,0,8.018610423,0.048230216,0.000878625,0,0.0891433,0.076547985,0.001939072,0
PA167,0.54056704,-79.14665597,0,277,active pasture,active pasture,NA,296.7588501,9.798849522,62.33045475,1810888.875,1.920002937,-0.675952056,3.908165925,-39.23852773,0.818982413,0.524764352,0.120732401,0.891306653,54.65830946,0,24.17892694,0.041957279,0.000878625,0,0.077851287,0.060330387,0,0
PA168,0.4642,-79.2137,0,209,active pasture,active pasture,NA,197.1840057,7.962451107,290.7202137,1793922.875,2.144657612,2.0954,5.2934,-19.21371841,0.651734238,0.468157652,0.407961567,0.831979281,27.98435002,0,77.80630788,0.017956308,0,0.030121228,0.224924273,0,0.064502731,0.010761224
PA169,0.550917,-79.2015,0,127,active pasture,active pasture,NA,143.1542358,8.370696583,51.45955553,1791737.875,2.502099991,1.51176,4.03946,-28.94611818,0.295386359,0.381423923,0.204018736,0.591940956,34.34333278,0,7.054647125,0.026833343,0,0,0.439268036,0.105754415,0.132797497,0
PA53,0.49585202,-79.20737699,1,510,active pasture,active pasture,NA,521.4147949,11.28805837,198.9532286,1852647.5,1.70547843,1.214985116,5.129296268,-24.16968931,0.87277555,0.818932111,0.089739764,0.921264874,71.47299121,0,0.102569074,0,0,0,0.050994152,0.056935699,0.019294605,0
PA54,0.53626858,-79.18830126,1,207,active pasture,active pasture,NA,223.8381958,5.863157111,167.1903507,1800094.5,3.307730675,-0.367555991,3.347152,-33.05425232,0.773821047,0.425785345,0.005742252,0.847416705,92.24954068,0,10.67252448,0.051746455,0,0,0.040707575,0.118137042,0.015598571,0
PA55,0.4976111,-79.22452241,1,426,active pasture,active pasture,NA,419.7436218,12.29270697,199.2321848,1827169.625,2.447202206,0.600335327,5.586378087,-17.13086347,0.919572136,0.893147786,0.44915516,0.941088497,8.4853781,0,4.690220063,0,0.011051037,0,0.05122526,0.017930244,0.000221318,0
PA56,0.511023,-79.228523,1,430,active pasture,active pasture,NA,434.2572632,15.44142085,312.019525,1808234.625,1.924556971,1.16169034,6.79301114,-15.8817216,0.742455793,0.538037565,0.013130901,0.82593251,85.73178347,0,3.038454723,0.084260567,0.003435431,0,0.062802509,0.047893439,0.022138018,0.037130307
PA57,0.51139197,-79.20887752,1,375,active pasture,active pasture,NA,380.022644,4.320190171,159.3688252,1847302.5,19.59191895,-0.617257267,1.89529376,-24.27152076,0.244258979,0.217018436,0.246129544,0.657037161,16.37455007,0,11.95958147,0.176088717,0.015250496,0.00015894,0.357476023,0.058229229,0.149087175,0
PA58,0.543056,-79.153322,1,243,active pasture,active pasture,NA,252.1630096,1.37251613,296.880718,1824290.875,6.212661266,-2.52896528,2.92118576,-38.13774018,0.690245313,0.604625866,0.06850847,0.828162748,40.25523651,0,24.17892694,0.04726932,0,0,0.094795341,0.104371815,0.063413652,0
PAZ03,0.405142,-79.253342,0,180,active pasture,active pasture,NA,157.0600586,5.087190372,204.7198848,1804830.625,9.539451599,-2.34607472,3.24448736,-2.295833441,0.066515768,0.071715615,0,0.968157213,268.6414717,0,2010.536813,0,0,0,0,0,0,0
PAZ07,0.390332,-79.254313,0,172,active pasture,active pasture,NA,174.0767059,4.275280157,74.73754371,1814934.125,2.783974171,0.5923216,2.10560784,-1.790438702,0.037399986,0.005104474,0,0.969344744,451.3269895,0,2010.536813,0,0,0,0,0,0,0
PAZ11,0.427912,-79.236187,0,166,active pasture,active pasture,NA,159.8679962,1.476839186,108.5063888,1815934.625,5.689675331,0.40698464,0.92940512,-8.828859828,0.057201074,0.106191679,0,0.906030841,119.7732251,0,2010.536813,0,0,0,0,0,0,0
PAZ15,0.405708,-79.265578,0,160,active pasture,active pasture,NA,159.6689148,4.595430923,282.2766651,1810740.625,3.879067898,1.04038544,2.01652848,1.529787721,0.068037465,0.170004403,0,0.991552131,144.1356513,0,2010.536813,0,0,0,0,0,0,0
PAZ18,0.417119,-79.216108,0,173,active pasture,active pasture,NA,173.0294342,5.629601623,284.3002821,1810571.375,2.364835024,0.89835952,2.3826,-14.96341301,0.027077538,0.027784392,0,0.970851078,227.5285241,0,305.6121639,0,0,0,0,0,0,0
PR120,0.51878,-79.15507,0,368,pasture regeneration,pasture regeneration early,2014,381.4819031,16.89558344,233.4372279,1751373.875,3.410846472,-2.795648,7.081608,-39.0936993,0.997066105,0.999999971,0.999999799,0.98759309,0,836.7318566,17.17435393,0,0,0,0,0,0.002933888,0
PR121,0.51194502,-79.14422404,0,458,pasture regeneration,pasture regeneration early,2017,467.4768982,18.43763838,81.21361659,1762418.5,2.247918367,-3.083886123,8.063720143,-41.7758263,0.838027728,0.630625845,0,0.893172116,140.3903786,0,17.17435393,0,0.006736194,0,0.035813381,0,0.119422692,0
PR122,0.51316,-79.14328,0,461,pasture regeneration,pasture regeneration early,2017,455.1443787,5.82598908,116.828733,1846304.25,5.493670464,-2.854592,2.980928,-41.88432471,0.849476007,0.651023716,0,0.90504738,138.7943564,0,17.17435393,0,0.006736194,0,0.023725008,0,0.120062786,0
PR123,0.55137299,-79.17388097,0,191,pasture regeneration,pasture regeneration early,2017,197.5097809,7.83504728,323.6469218,1805503.375,3.35734272,-1.974036275,3.351020014,-35.26019655,0.358336624,0.478509324,0.615684805,0.684391672,5.272909089,0,6.554910916,0.043793032,0,0,0.295049423,0.02086769,0.325809427,0
PR124,0.46305,-79.20812,0,259,pasture regeneration,pasture regeneration late,1996,225.3147278,12.87483949,175.4328424,1790890.625,2.221036673,-0.24856,5.36472,-21.25792868,0.698107297,0.731349776,0.359162262,0.852462737,25.87017552,0,5.226999851,0.036956712,0,0.030121228,0.123798611,0.01634364,0.047210052,0.047462464
PR125,0.47777,-79.20862,0,347,pasture regeneration,pasture regeneration late,1999,344.1480103,9.815968382,37.9652542,1821362.875,2.262322187,2.530052,4.989828,-22.2269264,0.802367352,0.804127253,0.999999798,0.902992825,0,115.6928615,27.54875073,0,0,0.020721842,0.001798823,0,0.175111978,0
PR126,0.47457498,-79.23269503,0,143,pasture regeneration,pasture regeneration late,2008,140.4998016,6.343363235,232.2631572,1795951.75,4.732410908,-0.601326651,2.956263026,-12.49222145,0.298981328,0.150361338,0.471436552,0.654789028,5.632396959,0,16.9823324,0.093481755,0.003403374,0,0.144911916,0.323672394,0.150599986,0
PR127,0.52508902,-79.21145,0,344,pasture regeneration,pasture regeneration late,2006,336.4276123,6.430789445,114.5178889,1833038.75,2.413622618,1.31213804,3.04045608,-23.64097787,0.695292839,0.701088175,0.00087663,0.885493687,97.05519095,0,5.44761464,0.106463481,0.017342591,0.002048067,0.053808696,0.007187484,0.117856846,0
PR128,0.502809,-79.187005,0,563,pasture regeneration,pasture regeneration late,1987,548.2003174,3.924587898,224.2351322,1886124.625,4.007880211,-0.7587935,1.8104613,-32.25407037,0.953421657,0.99999997,0.999999796,0.977400019,0,526.2544856,12.01997172,0,0,0.004245117,0,0,0.042333225,0
PR129,0.47849,-79.20133,0,318,pasture regeneration,pasture regeneration early,NA,325.4408569,12.25258622,135.5359049,1775219.375,13.8668232,-5.932312,6.870744,-25.18593737,0.968551291,0.893476005,0.999999815,0.986845098,0,105.3112051,5.260152382,0,0,0.009881687,0,0,0.021567026,0
PR19,0.55271929,-79.17482117,1,177,pasture regeneration,pasture regeneration early,2017,179.1917572,5.665023811,182.9417489,1807731.125,4.772380829,1.804572705,3.207839713,-35.14860817,0.371361597,0.337802595,0.178512813,0.665040859,56.77059961,0,6.554910916,0.059119232,0,0,0.251722004,0.02086769,0.36033114,0
PR20,0.49670321,-79.1716609,1,540,pasture regeneration,pasture regeneration early,2019,557.2561035,11.74850205,200.4722143,1859545.5,2.18260026,-0.91279192,5.046041715,-35.71571359,0.734857309,0.465423654,0,0.868389096,142.7084767,0,22.17155777,0,0.001567733,0,0,0.224346859,0.039228098,0
PR21,0.50802424,-79.18995397,1,560,pasture regeneration,pasture regeneration late,1987,571.2067871,3.963197865,300.9433721,1890987.875,2.717209101,0.4773361,2.029540157,-31.74404834,0.956612227,0.962725915,0.722134285,0.976006691,21.16521729,0,1.064727193,0,0,0.005927712,0.00127244,0.024087734,0.012099878,0
PR22,0.50939341,-79.20450746,1,400,pasture regeneration,pasture regeneration early,2011,392.186615,9.494806142,301.8541508,1831014.25,2.319013119,2.884455861,5.697969368,-26.06116329,0.423040809,0.368217653,0,0.741008726,105.8188659,0,7.753099362,0.078278608,0.015250496,0,0.308309303,0.10432912,0.070994375,0
PR23,0.5107801,-79.23206464,1,415,pasture regeneration,pasture regeneration early,2022,409.8858337,7.394169503,263.0362258,1849943,2.519136667,2.094504241,3.36852703,-14.36559548,0.768312353,0.620545339,0.288554239,0.858275493,30.92214386,0,1.687798405,0.027136288,0.004644053,0,0.047443414,0.090107916,0.02526499,0.037130307
PR24,0.52082042,-79.21365335,1,381,pasture regeneration,pasture regeneration late,2002,400.3435364,4.902686736,63.45553416,1846299.375,3.514075041,0.716017621,2.149842379,-22.54608889,0.38765685,0.374291755,0.430168123,0.758320636,22.19631397,0,5.074807528,0.15513196,0.017342591,0.002048067,0.192559022,0.07548174,0.170480309,0
PR25,0.49555762,-79.17642012,1,544,pasture regeneration,pasture regeneration early,2017,530.9290771,14.03804482,316.5912057,1815541.125,8.104856491,-2.349310618,5.96339549,-34.43840273,0.782270019,0.362215293,0,0.883828032,201.5191044,0,25.51887169,0,0.001567733,0,0,0.168986605,0.047175639,0
PR26,0.52646596,-79.20464664,1,325,pasture regeneration,pasture regeneration late,1995,303.1965942,5.01378328,243.0769091,1826538.625,2.472843647,0.607880497,2.237852832,-26.63708476,0.843189672,0.900683371,0.75521198,0.952103958,25.02999277,0,0.780134236,0.04515698,0.015810397,0.002045598,0,0,0.093797355,0
PR27,0.46185094,-79.2093188,1,214,pasture regeneration,pasture regeneration late,1996,190.0994873,9.287088382,213.0171024,1798583,1.804326534,3.311544731,5.197666045,-20.70707851,0.645287042,0.672588293,0.386886346,0.847061885,50.1979161,0,5.226999851,0.036956712,0,0.030121228,0.139738476,0.008782214,0.05769322,0.081421096
PR29,0.47292046,-79.23064005,1,173,pasture regeneration,pasture regeneration early,2017,170.0584106,9.040707991,155.444012,1790955,2.19596386,2.698444516,4.923048133,-13.21063581,0.299628418,0.335889899,0.29465127,0.710309538,36.9171662,0,1.237950927,0.087205141,0.003403374,0,0.115018223,0.317954042,0.191841557,0
PR30,0.47500835,-79.22913433,1,219,pasture regeneration,pasture regeneration late,2008,211.035141,24.57379773,256.3863968,1677682.875,0.836213529,4.45650187,11.03832985,-13.91930319,0.419289019,0.491746605,0.194061557,0.723252938,41.53222265,0,5.068008497,0.105784488,0.003403374,0,0.100790965,0.219224609,0.172857043,0
PR31,0.47902624,-79.21005517,1,316,pasture regeneration,pasture regeneration late,2007,318.1575012,10.0267714,148.8652475,1806650.125,14.49587154,-1.491988036,4.537616343,-21.75370134,0.754393011,0.666884165,0.30622901,0.860530819,39.34879655,0,27.54875073,0,0,0.018583744,0,0,0.22702324,0
PR32,0.47927521,-79.21729879,1,339,pasture regeneration,pasture regeneration late,2007,335.5726929,6.525956013,174.3554461,1828100.875,14.67919922,0.597914053,3.45980892,-18.88297107,0.691699237,0.336430602,0,0.816369894,174.449303,0,46.70697643,0.009443676,0,0.013636998,0,0,0.292095382,0
PR33,0.48924515,-79.22841178,1,311,pasture regeneration,pasture regeneration early,2022,321.662262,23.91483996,237.7728633,1701631.875,1.481042147,2.695258389,11.08525372,-15.02176431,0.699933313,0.735311297,0.561268028,0.87407746,23.11585947,0,1.212158041,0.045158373,0.010223518,0,0.06855042,0.010248044,0.17072379,0
PR34,0.49350932,-79.13794296,1,615,pasture regeneration,pasture regeneration late,1985,628.8861694,18.06219629,291.0531218,1820226,3.473931551,1.339651944,7.839127435,-44.08132959,0.888001936,0.957518656,0.587868477,0.925798256,24.54013944,0,3.267871484,0,0,0.001676139,0.045529234,0,0.064792691,0
PR35,0.5037611,-79.1579992,1,411,pasture regeneration,pasture regeneration early,2016,389.8954163,5.308407854,83.65988042,1833239.875,19.41701126,-3.363725987,3.930915674,-39.14256255,0.816401626,0.76802764,0.110883494,0.898983353,75.4405276,0,1.338683347,0,0,0,0.183598371,0,0,0
PR36,0.5165012,-79.14308334,1,380,pasture regeneration,pasture regeneration early,2014,391.2470703,19.70406434,78.17490385,1724663.625,3.895411491,-6.88815875,10.03989421,-41.66176986,0.865253042,0.661281216,0.324368277,0.931185132,35.06537855,0,20.53949221,0,0.006736194,0,0.007947972,0,0.120062786,0
