sp_ageF,sp_ageF_b,toughness_N,thickness_mm,SLA,LDMC,coment
Aegiphila_alba_young_CR,Aegiphila_sp_young_CR,1.222777778,0.174416667,30.31779438,166.7690055,
Alchornea_sp_old_CR,Alchorneopsis_floribunda_old_CR,2.885,0.123,34.79630579,241.4736165,
Alchornea_sp_young_CR,Alchorneopsis_floribunda_young_CR,2.548472222,0.131145833,33.56274704,246.329599,
Azufre_OG_&_Brosimum_sp2_OG,Brosimum_guianense_OG,3.049222223,0.173304167,26.40697372,329.2053681,
Azufre_old_CR,Brosimum_guianense_old_CR,3.133888889,0.216083333,24.10147179,253.6700525,
Bahuinia_pichinchensis_young_CR,Bahuinia_pichinchensis_young_CR,1.715833333,0.116125,34.14492402,306.8476242,
Bahuinia_sp2_young_PR,Bahuinia_sp2_young_PR,1.29,0.1145,49.36142035,358.015744,
Banara_guianensis_old_CR,Banara_guianensis_old_CR,1.396666667,0.127,32.50624658,182.2953114,
Banara_guianensis_young_CR,Banara_guianensis_young_CR,2.158333333,0.10975,34.18067531,218.7964269,
Banara_riparia_young_CR,cf._Banara_young_CR,1.974444444,0.158291667,32.73084064,232.4876056,
Banara_riparia_young_PR,cf._Banara_young_PR,1.867407407,0.144915278,33.31944527,251.1535902,
Brosimum_sp2_young_CR,Brosimum_guianense_young_CR,2.137777778,0.107666667,29.18625055,307.4548297,
Brosimum_utile_AC,Brosimum_sp1_AC,2.535240741,0.145252778,24.75642005,303.7580325,
Brosimum_utile_OG,Brosimum_sp1_OG,2.471444444,0.165583333,23.7878712,319.8410824,
Brosimum_utile_old_CR,Brosimum_sp1_old_CR,2.9325,0.177875,27.95813149,271.9332746,
Brosimum_utile_old_PR,Brosimum_sp1_old_PR,2.5175,0.1078125,26.79606823,300.5742167,
Brosimum_utile_young_CR,Brosimum_sp1_young_CR,2.325333333,0.1595,21.50491146,322.2913029,
Carapa_sp1_OG,Carapa_megistocarpa_OG,7.806666667,0.18175,15.1863579,447.1028276,
Cecropia_morada_AC,Cecropia_morada_AC,1.826111111,0.181083333,20.43117168,383.944072,
Cecropia_obtusifolia_AP,Cecropia_sp_AP,1.868888889,0.172666667,32.54172712,224.3597747,
Cecropia_obtusifolia_young_CR,Cecropia_sp_young_CR,1.450833333,0.127,43.01861999,191.9332661,
Cecropia_sp_OG,Cecropia_sp_OG,1.19,0.068666667,47.21002305,205.9962777,
Cojoba_arborea_young_CR,Cojoba_arborea_young_CR,0.863388889,0.086908333,45.61497008,327.3348964,
Coussapoa_villosa_old_CR,Coussapoa_villosa_old_CR,2.076,0.1018,26.01693102,278.2712681,
Croton_sp_old_PR,Croton_lechleri_old_PR,0.822407407,0.125666667,62.22441806,144.2239082,
Doble_hoja_long_leaves_OG,Macrolobium_ischnocalyx,3.628888889,0.162291667,22.66564032,259.6954203,
Doble_hoja_tree_OG,Doble_hoja_tree_OG,3.486,0.1336,19.81883656,459.6279301,
Doble_hoja_tree_old_CR,Doble_hoja_tree_old_CR,3.522777778,0.1425,23.01012982,339.2714312,
Eugenia_sp._Guayabillo_OG,Eugenia_sp._Guayabillo_OG,2.74,0.170083333,21.63561253,305.6965669,
Garcinia_madruno_OG,Garcinia_madruno_OG,3.9275,0.2395,21.63843212,263.3076223,
Havea_guianensis_old_PR,Castilla_elastica_old_PR,1.28412037,0.158152778,51.30534217,239.8892836,
Henriettea_lawrancei_old_CR,Henriettea_lawrancei_old_CR,1.866666667,0.2461,19.84297591,247.7514529,
Huberodendron_sp1_OG,Huberodendron_sp1_OG,3.341111111,0.109333333,26.16044448,243.9756192,
Huberodendron_sp2_OG,Huberodendron_sp2_OG,1.787222222,0.106833333,44.6474537,194.9246527,
Huevo_de_mono_young_CR,Huevo_de_mono_young_CR,5.988888889,0.14,21.34216776,249.5127244,
Inga_acuminata_OG,Inga_acuminata_OG,1.403333333,0.08175,41.81121953,322.8263215,
Inga_acuminata_old_CR,Inga_acuminata_old_CR,1.831666667,0.101083333,28.976364,373.2925471,
Inga_acuminata_old_PR,Inga_acuminata_old_PR,2.255,0.12025,27.45175231,346.5111353,
Inga_hoja_blanca_AP,Inga_hoja_blanca_AP,3.408888889,0.163916667,18.91692944,375.5250262,
Inga_hoja_blanca_OG,Inga_hoja_blanca_OG,2.093333333,0.122166667,35.93465784,209.1179633,
Inga_hoja_blanca_old_CR,Inga_hoja_blanca_old_CR,1.928425926,0.096041667,37.97835077,361.7785717,
Inga_hoja_blanca_old_PR,Inga_hoja_blanca_old_PR,1.97625,0.14725,35.60911595,298.191432,
Inga_hoja_blanca_young_CR,Inga_hoja_blanca_young_CR,2.163063492,0.119040476,27.9480865,339.1368543,
Inga_hoja_silver_AC,Inga_hoja_silver_AC,3.472666667,0.1737,17.21825009,391.037155,
Inga_many_leaflets_OG,Inga_nobilis_OG,2.9,0.18475,27.12828369,323.3809811,
Inga_many_leaflets_old_CR,Inga_nobilis_old_CR,3.087722222,0.156925,19.76377772,380.7649872,
Inga_many_leaflets_old_PR,Inga_nobilis_old_PR,2.629977778,0.161593333,27.51495689,363.25932,
Inga_many_leaflets_young_CR,Inga_nobilis_young_CR,3.4825,0.141125,24.22312655,343.3356844,
Inga_oerstediana_OG,Inga_oerstediana_OG,2.136666667,0.133666667,25.56797513,337.2188051,
Inga_similar_sp1_young_CR,Inga_similar_sp1_young_CR,2.006777778,0.107116667,39.73777854,339.5016801,
Inga_sp1_OG,Inga_carinata_OG,2.149155556,0.14016,29.86268507,283.1637528,
Inga_sp1_old_CR,Inga_carinata_old_CR,2.412708333,0.138614583,25.01125042,338.9647065,
Inga_sp1_old_PR,Inga_carinata_old_PR,2.289074074,0.132916667,26.14404948,330.7760658,
Inga_sp10_old_CR,Inga_chocoensis_old_CR,2.753333333,0.124875,10.52304657,375.9126051,
Inga_sp10_old_PR,Inga_chocoensis_old_PR,1.953117284,0.102582407,39.14674543,307.0804332,
Inga_sp2_old_PR,Inga_sp2_old_PR,2.197333333,0.140366667,32.08400423,333.2231043,
Inga_sp2_young_CR,Inga_sp2_young_CR,2.025833333,0.097375,36.86870998,311.1727489,
Inga_sp4_old_CR,Inga_sp4_old_CR,2.849722222,0.140166667,26.50575695,347.3362041,
Inga_sp5_OG,Inga_silanchensis_OG,3.053703704,0.166305556,24.30126326,329.739675,
Inga_sp5_old_CR,Inga_silanchensis_old_CR,2.313333333,0.154125,25.93194366,316.6039172,
Inga_sp8_AC,Inga_sp8_AC,5.020666667,0.2291,18.03334946,387.0254856,
Inga_sp8_OG,Inga_sp8_OG,2.0285,0.140375,31.57985893,292.9691979,
Inga_sp8_old_CR,Inga_sp8_old_CR,1.625555556,0.115,29.98316947,272.8593043,
Inga_sp8_old_PR,Inga_sp8_old_PR,2.801041667,0.1060625,25.04520278,424.0087682,
Inga_sp9_OG,Inga_sp9_OG,1.337222222,0.249166667,35.1943364,308.9856083,
Inga_venusta_old_CR,Inga_venusta_old_CR,2.741574074,0.142055556,17.09131656,331.1304706,
Inga_venusta_old_PR,Inga_venusta_old_PR,3.161458333,0.172625,16.78273997,343.852938,
Iriartea_deltoidea_OG,Iriartea_deltoidea_OG,8.226222222,0.193275,19.59419256,237.8919109,
Iriartea_deltoidea_old_CR,Iriartea_deltoidea_old_CR,11.96555556,0.206,16.06982954,415.5808848,
Iriartea_deltoidea_young_CR,Iriartea_deltoidea_young_CR,11.93416667,0.237875,17.28261938,276.6458535,
Isertia_pittieri_old_PR,Isertia_pittieri_old_PR,1.630833333,0.138791667,15.54846578,281.7268453,
Matisia_longipes_OG_&_Morph075_OG,Matisia_palenquiana_OG,1.866157408,0.144763889,33.89078509,270.9700193,
Matisia_longipes_old_CR,Matisia_palenquiana_old_CR,1.422222222,0.076208333,43.60229447,293.788539,
Melas_cafe_young_CR,Melas_cafe_young_CR,2.04,0.1354,23.29429992,290.8364855,
Melas_extra_separated_nerve_OG,Miconia_laxivenula_OG,1.701111111,0.207583333,26.08264284,245.2849481,
Melas_serrated_young_CR,Melas_serrated_young_CR,2.123833333,0.123858333,36.13655709,256.270711,
Melas003_young_CR,Miconia_affinis_young_CR,1.685833333,0.122166667,25.00890081,223.2986693,
Melastomatacea_big_round_leaves,,,,,,
Miconia_centronioides_young_PR,Miconia_affinis_young_PR,1.164666667,0.1594,14.41069616,356.3050247,
Miconia_conocuatrecasii_young_PR,Miconia_conocuatrecasii_young_PR,1.870833333,0.153208333,29.81766327,255.1924903,
Moraceae_sp1_OG,Moraceae_sp1_OG,3.467777778,0.143166667,23.46939671,331.8645482,
Moraceae_sp1_young_CR,Moraceae_sp1_young_CR,4.089166667,0.165375,19.38856856,348.8330497,
Moraceae_sp2_OG,Moraceae_sp2_OG,2.815833333,0.14525,27.48624834,250.2311129,
MoraceaeCR14_old_CR,Moraceae_old_CR,2.382222222,0.084166667,39.93126469,217.4343859,
Morph005_old_PR,Morph005_old_PR,2.541666667,0.160666667,20.21701073,439.233728,
Morph005_OG,Morph005_OG,2.541666667,0.160666667,20.21701073,439.233728,same as old PR
Morph010r_OG_&_Morph073_OG,Heisteria_sp_OG,2.986805556,0.151152778,27.00979641,322.1170611,
Morph011_OG,Morph011_OG,2.9375,0.111375,22.06845619,337.8234647,
Morph024_old_CR,Morph024_old_CR,2.551,0.1748,35.23009075,117.5521272,
Morph042_OG,Cestrum_schlechtendalii_OG,2.357333333,0.1421,23.73167623,357.2147125,
Morph043_OG,Gloeospermum_grandifolium_OG,2.369944444,0.124041667,33.28119192,312.2983905,
Morph051_OG,Jacaranda_copaia_OG,1.235185185,0.120416667,36.88405277,328.9409796,
Morph051_young_CR,Jacaranda_copaia_young_CR,1.396111111,0.093,32.57421875,261.7678468,
Morph053_young_PR,Morph053_young_PR,2.595583333,0.124825,38.06558603,264.4224447,
Morph055_old_PR,Morph055_old_PR,2.500972222,0.127020833,36.66487947,267.6298211,
Morph056_OG,Morph056_OG,1.941111111,0.171666667,30.41248985,267.7930401,
Morph064_OG,Morph064_OG,3.127055556,0.208966667,28.4455786,177.7766134,
Morph064_old_CR,Morph064_old_CR,3.854722222,0.201166667,28.35586497,174.3090726,
Morph064?_young PR,Morph064?_young PR,3.490888889,0.205066667,28.40072178,176.042843,
Morph076_old_CR_&_Protium_ecuadorense_old_CR,Protium_sp1_old_CR,2.534777778,0.134363889,23.80554008,410.4931629,
Morph076_young_CR_&_Protium_ecuadorense_young_CR,Protium_sp1_young_CR,2.284,0.1347,24.94193693,352.3144242,
Morph080_AC,Tapirira_guianensis_AC,1.871944444,0.114666667,34.36010802,244.9866116,
Morph083_old_PR,Ocotea_sp5_old_PR,2.188611111,0.155666667,26.89973492,295.1702669,
Morph095_OG,Anacardiaceae_sp_ITV3727_OG,2.48575,0.1246625,30.0726842,307.9500673,
Morph100_young_PR,Annona_papilionella_young_PR,2.362222222,0.1455,35.33229895,251.1890147,
Morph112_old_CR,Morph112_old_CR,1.57,0.283,27.22933294,150.9273183,
Morph117_OG,Couepia_subcordata_OG,3.98,0.462625,15.5460617,240.5035974,
Morph118_old_CR,Sorocea_sarcocarpa_old_CR,1.983888889,0.128,26.93180729,333.1243303,
Morph121_young_CR,Morph121_young_CR,1.736944444,0.113125,46.63276707,217.1871975,
Morph125_AC,Bunchosia_argentea_AC,3.055,0.170833333,33.53109391,183.8540779,
Morph129_OG,Allophylus_dodsonii_OG,2.27,0.088,33.78851086,360.1604947,
NewMorphTag6019_OG,Morph144_OG,1.348240741,0.106180556,46.58707073,246.9364563,
NewMorphTag6020_OG,Morph153_OG,2.386944444,0.135416667,21.16060086,337.3778391,
NewMorphTag7363CR14_old_CR,Cestrum_schlechtendalii_old_CR,2.906805556,0.114625,25.34675413,298.2201673,
NewMorphTag7372OG52_OG,Morph149_OG,3.013888889,0.133833333,33.00199329,267.0240981,
Otoba_novogranatensis_AC,Otoba_novogranatensis_AC,2.769444444,0.216833333,18.78762671,253.5861033,
Otoba_novogranatensis_OG,Otoba_novogranatensis_OG,3.134444444,0.223833333,17.52473902,228.1039281,
Otoba_novogranatensis_old_CR,Otoba_novogranatensis_old_CR,3.982986111,0.237833333,14.533148,225.6330718,
Otoba_novogranatensis_young_PR,Otoba_novogranatensis_young_PR,3.342777778,0.16,15.76385477,289.1867129,
Otoba_sp2_OG,Otoba_sp2_OG,2.521296296,0.164622222,28.29245062,211.8308826,
Pajaro_sp2_OG,Pajaro_sp2_OG,0.977916667,0.138354167,48.96818193,227.3294085,
Pajaro_OG,Pajaro_OG,1.649444444,0.108833333,31.35042097,327.0415799,
Pajaro_old_PR,Pajaro_old_PR,1.58,0.10275,35.25817839,336.395622,
Palicourea_palenquensis_old_CR,Palicourea_palenquensis_old_CR,2.820666667,0.142375,20.83190513,178.7365111,
Perebea_xanthochyma_OG,Perebea_xanthochyma_OG,1.951148148,0.151056944,30.59737427,296.4228505,
Perebea_xanthochyma_old_CR,Perebea_xanthochyma_old_CR,1.912916667,0.13859375,27.31803104,325.0667378,
Perebea_xanthochyma_old_PR,Perebea_xanthochyma_old_PR,1.821277778,0.139019444,24.8427476,324.9260921,
Perebea_xanthochyma_young_CR,Perebea_xanthochyma_young_CR,3.09,0.157416667,17.06001718,339.9929222,
Plinia_sp1_OG,Faramea_langlassei_OG,3.236711111,0.124923333,23.1997108,339.7543945,
Plinia_sp1_old_PR,Faramea_langlassei_old_PR,2.406333333,0.145105556,25.10005486,276.1418436,
Plinia_sp2_old_PR,Psychotria_old_PR,2.83,0.173375,24.31668695,205.3864375,
Pourouma_bicolor_OG,Pourouma_bicolor_OG,1.868333333,0.1616875,36.54346584,274.846915,
Pourouma_bicolor_old_CR,Pourouma_bicolor_old_CR,2.075555556,0.122,21.54417276,244.339023,
Pourouma_bicolor_old_PR,Pourouma_bicolor_old_PR,1.925833333,0.158491667,35.14197324,262.6886136,
Pourouma_bicolor_young_CR,Pourouma_bicolor_young_CR,2.464666667,0.1914,33.06391249,276.2423245,
Pourouma_minor_old_CR,Pourouma_minor_old_CR,1.968333333,0.14925,33.9850998,269.0145515,
Prestoea_sp_OG,Prestoea_ensiformis_OG,5.786111111,0.120016667,29.28915998,268.3123935,
Prestoea_sp_old_CR,Prestoea_ensiformis_old_CR,4.971666667,0.107375,31.12080951,263.235699,
Protium_ecuadorense_OG,Protium_sp1_OG,2.125416667,0.136875,29.21741745,278.0471366,
Protium_ecuadorense_old_PR,Protium_sp1_old_PR,2.041481481,0.117527778,35.0795524,328.8413256,
Pseudolmedia_rigida_AC,Pseudolmedia_rigida_AC,2.467222222,0.146861111,34.14872242,271.5526566,
Pseudolmedia_rigida_old_CR,Pseudolmedia_rigida_old_CR,2.758888889,0.171333333,25.05140974,302.7759464,
Pseudolmedia_rigida_old_PR,Pseudolmedia_rigida_old_PR,3.467055556,0.150416667,27.43827985,317.2121234,
Pseudolmedia_rigida_young_CR,Pseudolmedia_rigida_young_CR,3.273444444,0.15885,32.92047448,297.6540771,
Pseudolmedia_rigida_young_PR,Pseudolmedia_rigida_young_PR,3.116666667,0.16175,27.48498502,301.8569485,
Socratea_sp_OG,Socratea_sp_OG,4.789444444,0.13275,21.52558758,271.286384,
Swartzia_haughtii_OG,Swartzia_haughtii_OG,1.932962963,0.106722222,39.13894103,332.4460006,
Swartzia_haughtii_old_CR,Swartzia_haughtii_old_CR,1.856666667,0.1195,43.84887568,350.456621,
Swartzia_haughtii_old_PR,Swartzia_haughtii_old_PR,1.544166667,0.139125,43.52761116,339.2149352,
Symphonia_globulifera_OG,Symphonia_globulifera_OG,4.377666667,0.2614,21.57253457,211.8270997,
Symphonia_globulifera_young_PR,Symphonia_globulifera_young_PR,4.077222222,0.239,15.51716462,355.1657906,
Theobroma_cacao_AC,Theobroma_cacao_AC,1.694666667,0.111566667,40.67127348,319.3506901,
Theobroma_cacao_old_CR,Theobroma_cacao_old_CR,2.238833333,0.093883333,34.19632245,315.1474554,
Theobroma_cacao_young_CR,Theobroma_cacao_young_CR,2.267466667,0.108671667,32.73443572,335.1757294,
Tovomita_weddelliana_OG,Vochysia_macrophylla_OG,4.19,0.171583333,20.15854137,230.2793657,
Tovomita_weddelliana_old_PR,Vochysia_macrophylla_old_PR,3.3244,0.1787,33.22933498,221.7425182,
Virola_sp1_AC,Virola_sp1_AC,2.103796296,0.121027778,30.09803991,242.8504431,
Virola_sp1_OG,Virola_sp1_OG,2.222388889,0.125988889,32.58060543,212.902711,
Virola_sp1_old_CR,Virola_sp1_old_CR,2.691077778,0.14676,28.74829125,220.243021,
Virola_sp1_old_PR,Virola_sp1_old_PR,2.402541667,0.16973125,27.89372411,235.5708066,
Virola_sp1_young_CR,Virola_sp1_young_CR,2.355185185,0.141444444,36.63645685,219.6215036,
Virola_sp1_young_PR,Virola_sp1_young_PR,2.552,0.1692,26.2430239,235.4979971,
Virola_sp2_OG,Virola_sp2_OG,3.287777778,0.238166667,23.18168749,181.5888547,
Virola_sp2_old_CR,Virola_sp2_old_CR,2.773185185,0.211655556,21.76652668,225.4064177,
Virola_sp2_old_PR,Virola_sp2_old_PR,2.444666667,0.1328,21.07764876,301.9376082,
Virola_sp2_young_CR,Virola_sp2_young_CR,2.714333333,0.17285,28.74495899,175.485417,
Vismia_sp_young_PR,Vismia_sp_young_PR,2.783333333,0.1519,23.27018242,296.3616266,
Wettinia_quinaria_AC,Wettinia_quinaria_AC,5.266666667,0.127666667,22.72301791,258.1497821,
Wettinia_quinaria_OG,Wettinia_quinaria_OG,4.795416667,0.194444444,24.9682611,248.9001082,
Wettinia_quinaria_old_CR,Wettinia_quinaria_old_CR,5.325,0.164072917,22.69389672,256.3270098,
Wettinia_quinaria_old_PR,Wettinia_quinaria_old_PR,4.404722222,0.141708333,34.16956355,231.3182501,
Wettinia_quinaria_young_PR,Wettinia_quinaria_young_PR,4.835,0.190875,23.64273934,260.3908145,
Azufre_old_PR,Brosimum_guianense_old_PR,3.202638889,0.221566667,22.33318479,269.3107225,
Melas_round_tip_old_CR,Miconia_cooperi_old_CR,1.230277778,NA,29.22541501,NA,
Melas_separated_nerve_OG,Melas_separated_nerve_OG,1.4362,0.27825,30.85069043,190.4136187,toughness mean melastomataceae
Morph013_old_CR,Morph013_old_CR,2.423888889,NA,27.6307453,NA,
Morph080_PR,Tapirira_guianensis_PR,1.837111111,0.1519,26.79362619,302.902944,
Morph080_OG,Tapirira_guianensis_OG,1.854527778,0.133283334,30.57686711,273.9447778,
Carapa_sp1_old_PR,Carapa_megistocarpa_old_PR,7.806666667,0.18175,15.1863579,447.1028276,
Cecropia_sp1_OG,Cecropia_sp1_OG,1.19,0.068666667,47.21002305,205.9962777,
Banara_sp1_young_PR,Banara_sp1_young_PR,1.867407407,0.144915278,33.31944527,251.1535902,
Inga_oerstediana_old_PR,Inga_oerstediana_old_PR,2.136666667,0.133666667,25.56797513,337.2188051,
Inga_sp4_OG,Inga_sp4_OG,2.367103896,0.132976299,29.69779489,334.9281944,
Inga_sp5_old_PR,Inga_silanchensis_old_PR,2.367103896,0.132976299,29.69779489,334.9281944,
Inga_sp6_OG,Inga_sp6_OG,2.367103896,0.132976299,29.69779489,334.9281944,
Iriartea_deltoidea_old_PR,Iriartea_deltoidea_old_PR,9.88117284,0.206013889,18.29731785,285.9903368,
Pseudolmedia_rigida_OG,Pseudolmedia_rigida_OG,2.987488889,0.155395,30.31850557,295.0880214,
Virola_sp2_AC,Virola_sp2_AC,2.767703704,0.188592593,24.94875025,206.8541538,
Wettinia_quinaria_young_CR,Wettinia_quinaria_young_CR,4.917905983,0.174280449,25.54670455,249.2781144,
Melas_extra_separated_nerve_young_PR,Miconia_laxivenula_young_PR,1.701111111,0.207583333,26.08264284,245.2849481,
Melas_red_petiol_young_CR,Miconia_conocuatrecasii_young_CR,0.83,0.1125,47.50603832,129.9115332,
Melas_light_brown_stem_old_PR_&_Miconia_centronioides_old_PR,Miconia_affinis_old_PR,1.164666667,0.1594,14.41069616,356.3050247,
Miconia_centronioides_AP,Miconia_affinis_AP,1.164666667,0.1594,14.41069616,356.3050247,
Morph080_old_PR,Tapirira_guianensis_old_PR,1.871944444,0.114666667,34.36010802,244.9866116,
Morph100_OG,Annona_papilionella_OG,2.362222222,0.1455,35.33229895,251.1890147,
Morph112_OG,Morph112_OG,1.57,0.283,27.22933294,150.9273183,
Morph118_old_PR,Sorocea_sarcocarpa_old_PR,1.983888889,0.128,26.93180729,333.1243303,
Morph121_OG,Morph121_OG,1.736944444,0.113125,46.63276707,217.1871975,
Plinia_sp2_OG,Psychotria_OG,2.83,0.173375,24.31668695,205.3864375,
